ID,power,ch,frame,time,mask,mask_region,mean,delta,rel
cell4_02_2_2022,3,ca,1,0.0,master,1,259.352,0.021708830789619077,1
cell4_02_2_2022,3,ca,2,2.0,master,1,255.092,0.004926698324229414,1
cell4_02_2_2022,3,ca,3,4.0,master,1,254.306,0.0018302767003335431,1
cell4_02_2_2022,3,ca,4,6.0,master,1,252.568,-0.0050165181881283065,1
cell4_02_2_2022,3,ca,5,8.0,master,1,247.889,-0.02344928762605294,1
cell4_02_2_2022,3,ca,6,10.0,master,1,248.342,-0.021664708751212184,1
cell4_02_2_2022,3,ca,7,12.0,master,1,246.357,-0.02948455216524951,1
cell4_02_2_2022,3,ca,8,14.0,master,1,245.818,-0.031607925263569904,1
cell4_02_2_2022,3,ca,9,16.0,master,1,333.6,0.3142064296840471,1
cell4_02_2_2022,3,ca,10,18.0,master,1,322.864,0.2719123042970927,1
cell4_02_2_2022,3,ca,11,20.0,master,1,315.39,0.24246872259607782,1
cell4_02_2_2022,3,ca,12,22.0,master,1,309.972,0.22112468651685668,1
cell4_02_2_2022,3,ca,13,24.0,master,1,305.372,0.20300313502840772,1
cell4_02_2_2022,3,ca,14,26.0,master,1,492.849,0.9415627238110098,1
cell4_02_2_2022,3,ca,15,28.0,master,1,420.597,0.6569283024754828,1
cell4_02_2_2022,3,ca,16,30.0,master,1,396.215,0.560876200651273,1
cell4_02_2_2022,3,ca,17,32.0,master,1,378.427,0.49080094893898346,1
cell4_02_2_2022,3,ca,18,34.0,master,1,366.021,0.4419279124681792,1
cell4_02_2_2022,3,ca,19,36.0,master,1,356.268,0.4035062838449521,1
cell4_02_2_2022,3,ca,20,38.0,master,1,506.598,0.9957264654228982,1
cell4_02_2_2022,3,ca,21,40.0,master,1,462.865,0.8234417238480408,1
cell4_02_2_2022,3,ca,22,42.0,master,1,434.004,0.7097447461288824,1
cell4_02_2_2022,3,ca,23,44.0,master,1,408.93,0.6109665326459752,1
cell4_02_2_2022,3,ca,24,46.0,master,1,394.875,0.5555973139133336,1
cell4_02_2_2022,3,ca,25,48.0,master,1,378.624,0.4915770240788149,1
cell4_02_2_2022,3,ca,26,50.0,master,1,366.761,0.4448431185771906,1
cell4_02_2_2022,3,ca,27,52.0,master,1,357.573,0.4086472892128708,1
cell4_02_2_2022,3,ca,28,54.0,master,1,347.863,0.3703950577013838,1
cell4_02_2_2022,3,ca,29,56.0,master,1,342.32,0.3485585881578026,1
cell4_02_2_2022,3,ca,30,58.0,master,1,336.646,0.32620604834357225,1
cell4_02_2_2022,3,fp,1,0.0,master,1,528.905,0.000490309390521904,1
cell4_02_2_2022,3,fp,2,2.0,master,1,530.01,0.0025805558277394477,1
cell4_02_2_2022,3,fp,3,4.0,master,1,528.86,0.00040518623244525026,1
cell4_02_2_2022,3,fp,4,6.0,master,1,528.253,-0.000743030588723046,1
cell4_02_2_2022,3,fp,5,8.0,master,1,527.201,-0.0027330208619835558,1
cell4_02_2_2022,3,fp,6,10.0,master,1,525.747,-0.005483444680729614,1
cell4_02_2_2022,3,fp,7,12.0,master,1,523.302,-0.010108469602898552,1
cell4_02_2_2022,3,fp,8,14.0,master,1,522.63,-0.011379642096844451,1
cell4_02_2_2022,3,fp,9,16.0,master,1,521.528,-0.013464213656856799,1
cell4_02_2_2022,3,fp,10,18.0,master,1,520.394,-0.015609317240390452,1
cell4_02_2_2022,3,fp,11,20.0,master,1,519.969,-0.016413258177781716,1
cell4_02_2_2022,3,fp,12,22.0,master,1,520.92,-0.014614322103760305,1
cell4_02_2_2022,3,fp,13,24.0,master,1,518.372,-0.01943418447663833,1
cell4_02_2_2022,3,fp,14,26.0,master,1,517.248,-0.021560371802821398,1
cell4_02_2_2022,3,fp,15,28.0,master,1,515.167,-0.02549684495743649,1
cell4_02_2_2022,3,fp,16,30.0,master,1,516.297,-0.023359307876843025,1
cell4_02_2_2022,3,fp,17,32.0,master,1,511.906,-0.031665436479396986,1
cell4_02_2_2022,3,fp,18,34.0,master,1,514.493,-0.026771800702852375,1
cell4_02_2_2022,3,fp,19,36.0,master,1,511.374,-0.032671781370437414,1
cell4_02_2_2022,3,fp,20,38.0,master,1,511.536,-0.032365338001361224,1
cell4_02_2_2022,3,fp,21,40.0,master,1,510.174,-0.03494173225248367,1
cell4_02_2_2022,3,fp,22,42.0,master,1,507.528,-0.03994697394739538,1
cell4_02_2_2022,3,fp,23,44.0,master,1,507.72,-0.03958378180626798,1
cell4_02_2_2022,3,fp,24,46.0,master,1,506.844,-0.04124084595016174,1
cell4_02_2_2022,3,fp,25,48.0,master,1,507.106,-0.04074524000758166,1
cell4_02_2_2022,3,fp,26,50.0,master,1,505.03,-0.04467225503352157,1
cell4_02_2_2022,3,fp,27,52.0,master,1,507.48,-0.04003777198267723,1
cell4_02_2_2022,3,fp,28,54.0,master,1,504.458,-0.04575426495396347,1
cell4_02_2_2022,3,fp,29,56.0,master,1,502.822,-0.04884896465648645,1
cell4_02_2_2022,3,fp,30,58.0,master,1,502.606,-0.049257555815254775,1
cell4_02_2_2022,3,fp,1,0.0,down,1,93.741,-0.0013870068775087788,0.8534680463646773
cell4_02_2_2022,3,fp,2,2.0,down,1,93.982,0.001180340722181005,0.85387449829162
cell4_02_2_2022,3,fp,3,4.0,down,1,93.771,-0.0010674200393731086,0.8538108797353482
cell4_02_2_2022,3,fp,4,6.0,down,1,93.722,-0.001589411874994754,0.8543424172383542
cell4_02_2_2022,3,fp,5,8.0,down,1,94.14,0.002863498069695485,0.8598691823918226
cell4_02_2_2022,3,fp,6,10.0,down,1,94.308,0.004653184363255239,0.8637785830745074
cell4_02_2_2022,3,fp,7,12.0,down,1,95.787,0.020408815483343182,0.8814251025462905
cell4_02_2_2022,3,fp,8,14.0,down,1,95.809,0.02064317916464257,0.88276507523712
cell4_02_2_2022,3,fp,9,16.0,down,1,95.71,0.019588542598794858,0.883713919242243
cell4_02_2_2022,3,fp,10,18.0,down,1,98.192,0.04602902700721831,0.9086066094432473
cell4_02_2_2022,3,fp,11,20.0,down,1,98.68,0.05122763957422516,0.9138715639055053
cell4_02_2_2022,3,fp,12,22.0,down,1,98.224,0.04636991963456313,0.9079824809504985
cell4_02_2_2022,3,fp,13,24.0,down,1,96.332,0.026214643042807503,0.8948755025138532
cell4_02_2_2022,3,fp,14,26.0,down,1,95.965,0.022305030722948056,0.8934001780340237
cell4_02_2_2022,3,fp,15,28.0,down,1,96.413,0.027077527505773816,0.9011982146276493
cell4_02_2_2022,3,fp,16,30.0,down,1,96.477,0.027759312760463294,0.8998245906277195
cell4_02_2_2022,3,fp,17,32.0,down,1,96.927,0.032553115332498196,0.9117717248628724
cell4_02_2_2022,3,fp,18,34.0,down,1,96.697,0.03010294957345811,0.9050342429440656
cell4_02_2_2022,3,fp,19,36.0,down,1,96.836,0.03158370192348661,0.9118666646003349
cell4_02_2_2022,3,fp,20,38.0,down,1,96.675,0.02986858589215857,0.9100635138886546
cell4_02_2_2022,3,fp,21,40.0,down,1,96.681,0.029932503259785703,0.9125510626966498
cell4_02_2_2022,3,fp,22,42.0,down,1,96.912,0.03239332191343036,0.9194930987613644
cell4_02_2_2022,3,fp,23,44.0,down,1,96.955,0.03285139638142472,0.9195528270335522
cell4_02_2_2022,3,fp,24,46.0,down,1,96.994,0.03326685927100109,0.9215152362993737
cell4_02_2_2022,3,fp,25,48.0,down,1,96.78,0.030987139825633413,0.919011239956052
cell4_02_2_2022,3,fp,26,50.0,down,1,96.784,0.031029751404051554,0.9228262851696937
cell4_02_2_2022,3,fp,27,52.0,down,1,96.591,0.02897374274537869,0.9165391308144718
cell4_02_2_2022,3,fp,28,54.0,down,1,96.985,0.03317098321956039,0.9257948173294829
cell4_02_2_2022,3,fp,29,56.0,down,1,97.379,0.0373682236937421,0.9325785439738917
cell4_02_2_2022,3,fp,30,58.0,down,1,97.255,0.03604726476278128,0.931793111503874
cell4_02_2_2022,3,fp,1,0.0,up,1,624.354,0.09893657204390857,0.0020287681874490756
cell4_02_2_2022,3,fp,1,0.0,up,2,367.512,-0.03954991250389395,0.008467878457788004
cell4_02_2_2022,3,fp,1,0.0,up,3,552.893,-0.11807961278594978,0.0031031564902548863
cell4_02_2_2022,3,fp,1,0.0,up,4,547.368,0.019104580318104605,0.016088329856349476
cell4_02_2_2022,3,fp,1,0.0,up,5,455.044,-0.008501225417565894,0.007325852693395673
cell4_02_2_2022,3,fp,2,2.0,up,1,544.194,-0.04215446863980579,0.0017646086807712195
cell4_02_2_2022,3,fp,2,2.0,up,2,371.319,-0.029600758508656535,0.008537755298427048
cell4_02_2_2022,3,fp,2,2.0,up,3,640.287,0.021322677205395206,0.003586165411875072
cell4_02_2_2022,3,fp,2,2.0,up,4,534.067,-0.005659582042156049,0.01566465405528178
cell4_02_2_2022,3,fp,2,2.0,up,5,440.044,-0.04118483759295226,0.007069605368514709
cell4_02_2_2022,3,fp,3,4.0,up,1,523.09,-0.07929999412120667,0.0016998658619548422
cell4_02_2_2022,3,fp,3,4.0,up,2,403.786,0.05524798926212662,0.009304459060836873
cell4_02_2_2022,3,fp,3,4.0,up,3,612.015,-0.023774029005961546,0.003435275210203114
cell4_02_2_2022,3,fp,3,4.0,up,4,537.675,0.0010578901626269622,0.015804780083613287
cell4_02_2_2022,3,fp,3,4.0,up,5,472.845,0.030285506604704377,0.007613088261531781
cell4_02_2_2022,3,fp,4,6.0,up,1,580.712,0.022121512194623848,0.001889284953304354
cell4_02_2_2022,3,fp,4,6.0,up,2,392.49,0.02572720031276985,0.009054556209629042
cell4_02_2_2022,3,fp,4,6.0,up,3,624.719,-0.003509861076240335,0.0035106047618693945
cell4_02_2_2022,3,fp,4,6.0,up,4,535.469,-0.003049300437082265,0.01575802174921554
cell4_02_2_2022,3,fp,4,6.0,up,5,463.97,0.010947702734267447,0.007478766604636012
cell4_02_2_2022,3,fp,5,8.0,up,1,568.369,0.0003963785224796478,0.0018528183069581004
cell4_02_2_2022,3,fp,5,8.0,up,2,378.121,-0.011824518562345995,0.008740481593787883
cell4_02_2_2022,3,fp,5,8.0,up,3,704.683,0.12404082566275665,0.0039678681109364625
cell4_02_2_2022,3,fp,5,8.0,up,4,530.955,-0.011453588001492194,0.01565635949500943
cell4_02_2_2022,3,fp,5,8.0,up,5,462.825,0.008452853671546204,0.007475209086266828
cell4_02_2_2022,3,fp,6,10.0,up,1,545.466,-0.039915598832549165,0.001783075587995338
cell4_02_2_2022,3,fp,6,10.0,up,2,416.44,0.08831775407844751,0.009652869707747156
cell4_02_2_2022,3,fp,6,10.0,up,3,678.988,0.08305469570729516,0.003833759793140687
cell4_02_2_2022,3,fp,6,10.0,up,4,546.057,0.01666372497983662,0.01614619255507873
cell4_02_2_2022,3,fp,6,10.0,up,5,459.363,0.000909475981467055,0.007439817888769136
cell4_02_2_2022,3,fp,7,12.0,up,1,587.876,0.03473099592039888,0.0019306908451111624
cell4_02_2_2022,3,fp,7,12.0,up,2,423.374,0.10643896075114942,0.009859446253440889
cell4_02_2_2022,3,fp,7,12.0,up,3,595.026,-0.05087320634837595,0.003375389122442206
cell4_02_2_2022,3,fp,7,12.0,up,4,548.834,0.021834018858074487,0.0163041534040248
cell4_02_2_2022,3,fp,7,12.0,up,5,466.173,0.01574783590909247,0.0075853924684945095
cell4_02_2_2022,3,fp,8,14.0,up,1,525.491,-0.07507395134823273,0.0017280240079341265
cell4_02_2_2022,3,fp,8,14.0,up,2,415.014,0.08459106807970615,0.009677182030885438
cell4_02_2_2022,3,fp,8,14.0,up,3,676.628,0.07929025645082932,0.003843217536941374
cell4_02_2_2022,3,fp,8,14.0,up,4,575.063,0.07066788206740278,0.0171052748993627
cell4_02_2_2022,3,fp,8,14.0,up,5,451.942,-0.015260196415435742,0.007363269281972229
cell4_02_2_2022,3,fp,9,16.0,up,1,558.542,-0.016900298832795542,0.0018405909639680523
cell4_02_2_2022,3,fp,9,16.0,up,2,440.383,0.15089001415408926,0.010290432098249678
cell4_02_2_2022,3,fp,9,16.0,up,3,686.792,0.09550286687571008,0.00390919388476637
cell4_02_2_2022,3,fp,9,16.0,up,4,573.556,0.0678621086160148,0.017096503465417877
cell4_02_2_2022,3,fp,9,16.0,up,5,477.368,0.040140705129322475,0.007793957264365296
cell4_02_2_2022,3,fp,10,18.0,up,1,686.693,0.2086605538949821,0.0022678194506914368
cell4_02_2_2022,3,fp,10,18.0,up,2,466.341,0.21872824357577875,0.010920722155192512
cell4_02_2_2022,3,fp,10,18.0,up,3,703.469,0.12210437258760864,0.004012839320475911
cell4_02_2_2022,3,fp,10,18.0,up,4,595.086,0.10794724624599822,0.017776916123708877
cell4_02_2_2022,3,fp,10,18.0,up,5,499.965,0.0893774774178028,0.00818068744536881
cell4_02_2_2022,3,fp,11,20.0,up,1,621.287,0.09353829083411624,0.002053492492736229
cell4_02_2_2022,3,fp,11,20.0,up,2,450.938,0.17847428534393178,0.01056865972764304
cell4_02_2_2022,3,fp,11,20.0,up,3,756.776,0.2071344418437202,0.004320454539472363
cell4_02_2_2022,3,fp,11,20.0,up,4,625.597,0.16475345313073692,0.01870364175245196
cell4_02_2_2022,3,fp,11,20.0,up,5,546.912,0.1916706468043272,0.008956171123304704
cell4_02_2_2022,3,fp,12,22.0,up,1,650.169,0.14437401235391448,0.0021450325948647454
cell4_02_2_2022,3,fp,12,22.0,up,2,441.43,0.15362622750660143,0.01032692671340942
cell4_02_2_2022,3,fp,12,22.0,up,3,713.871,0.1386966171408956,0.004068068074459292
cell4_02_2_2022,3,fp,12,22.0,up,4,591.271,0.10084437582990954,0.017645106763211613
cell4_02_2_2022,3,fp,12,22.0,up,5,500.895,0.09140386137267678,0.008187621662834052
cell4_02_2_2022,3,fp,13,24.0,up,1,625.704,0.10131273103745898,0.0020744673713631325
cell4_02_2_2022,3,fp,13,24.0,up,2,425.225,0.11127633507349888,0.00999673166769328
cell4_02_2_2022,3,fp,13,24.0,up,3,663.644,0.0585794601347478,0.00380043801283081
cell4_02_2_2022,3,fp,13,24.0,up,4,600.836,0.11865275211559435,0.018018712831528456
cell4_02_2_2022,3,fp,13,24.0,up,5,493.489,0.07526687258794934,0.008106221993516455
cell4_02_2_2022,3,fp,14,26.0,up,1,691.656,0.21739601840238312,0.0022981078417455936
cell4_02_2_2022,3,fp,14,26.0,up,2,405.959,0.06092687332612737,0.009564550553407923
cell4_02_2_2022,3,fp,14,26.0,up,3,627.109,0.0003024312216212184,0.0035990193957429165
cell4_02_2_2022,3,fp,14,26.0,up,4,559.105,0.04095684508183496,0.016803664439877887
cell4_02_2_2022,3,fp,14,26.0,up,5,487.581,0.06239388720580392,0.008026591435034786
cell4_02_2_2022,3,fp,15,28.0,up,1,525.575,-0.07492610145530058,0.0017533369406034663
cell4_02_2_2022,3,fp,15,28.0,up,2,397.268,0.03821395045441518,0.009397594662557473
cell4_02_2_2022,3,fp,15,28.0,up,3,642.376,0.024654843987919308,0.003701526147050143
cell4_02_2_2022,3,fp,15,28.0,up,4,560.503,0.043559679378477684,0.016913724482667942
cell4_02_2_2022,3,fp,15,28.0,up,5,487.848,0.06297565550252579,0.008063424912558305
cell4_02_2_2022,3,fp,16,30.0,up,1,577.59,0.01662642450731659,0.0019226432408818823
cell4_02_2_2022,3,fp,16,30.0,up,2,403.561,0.054659977796687007,0.00952555582068717
cell4_02_2_2022,3,fp,16,30.0,up,3,704.105,0.12311885706519853,0.00404834104712724
cell4_02_2_2022,3,fp,16,30.0,up,4,573.278,0.06734452068005864,0.017261334802195744
cell4_02_2_2022,3,fp,16,30.0,up,5,520.309,0.13370517115754013,0.008581125858906967
cell4_02_2_2022,3,fp,17,32.0,up,1,589.217,0.03709131385399247,0.0019781701853207366
cell4_02_2_2022,3,fp,17,32.0,up,2,395.757,0.03426512679095226,0.009421468948450005
cell4_02_2_2022,3,fp,17,32.0,up,3,683.164,0.08971583906958373,0.003961629774453851
cell4_02_2_2022,3,fp,17,32.0,up,4,567.01,0.05567458836864491,0.01721906956195382
cell4_02_2_2022,3,fp,17,32.0,up,5,497.302,0.08357504680293265,0.008272040342748166
cell4_02_2_2022,3,fp,18,34.0,up,1,647.958,0.1404823919578105,0.0021644432262571834
cell4_02_2_2022,3,fp,18,34.0,up,2,416.206,0.08770622215439042,0.00985846899201584
cell4_02_2_2022,3,fp,18,34.0,up,3,664.486,0.05992253549658855,0.0038339468858488586
cell4_02_2_2022,3,fp,18,34.0,up,4,547.189,0.018771313265816145,0.016533577629230158
cell4_02_2_2022,3,fp,18,34.0,up,5,489.097,0.06569711094299623,0.008094642751209156
cell4_02_2_2022,3,fp,19,36.0,up,1,532.797,-0.06221453089869154,0.001790613916798125
cell4_02_2_2022,3,fp,19,36.0,up,2,420.86,0.09986891264397137,0.010029515722928043
cell4_02_2_2022,3,fp,19,36.0,up,3,717.997,0.1452780054341913,0.004167967243887025
cell4_02_2_2022,3,fp,19,36.0,up,4,573.337,0.06745436847941617,0.017429343040272084
cell4_02_2_2022,3,fp,19,36.0,up,5,504.728,0.09975561373722723,0.008404300759146268
cell4_02_2_2022,3,fp,20,38.0,up,1,607.542,0.06934547204422536,0.0020411688646989824
cell4_02_2_2022,3,fp,20,38.0,up,2,404.592,0.05735437700054563,0.00963877411221931
cell4_02_2_2022,3,fp,20,38.0,up,3,630.593,0.005859764429047761,0.003659424477137457
cell4_02_2_2022,3,fp,20,38.0,up,4,572.074,0.06510288084232048,0.017385425161803945
cell4_02_2_2022,3,fp,20,38.0,up,5,473.728,0.032209481908095416,0.007885613736940312
cell4_02_2_2022,3,fp,21,40.0,up,1,541.313,-0.04722536794381997,0.0018235130705328262
cell4_02_2_2022,3,fp,21,40.0,up,2,387.025,0.011445055163315548,0.009244875019201413
cell4_02_2_2022,3,fp,21,40.0,up,3,664.502,0.05994805711866622,0.003866496303975181
cell4_02_2_2022,3,fp,21,40.0,up,4,557.147,0.03731138760484906,0.016976977834828405
cell4_02_2_2022,3,fp,21,40.0,up,5,459.96,0.0022102837460473887,0.00767688072075665
cell4_02_2_2022,3,fp,22,42.0,up,1,685.816,0.20711693060806077,0.002322342701705437
cell4_02_2_2022,3,fp,22,42.0,up,2,398.007,0.04014524144534787,0.009556778271176597
cell4_02_2_2022,3,fp,22,42.0,up,3,623.436,-0.005556376146598686,0.00364645995185292
cell4_02_2_2022,3,fp,22,42.0,up,4,585.735,0.09053730096137326,0.01794116039827373
cell4_02_2_2022,3,fp,22,42.0,up,5,480.734,0.04747490770147914,0.008065420898737984
cell4_02_2_2022,3,fp,23,44.0,up,1,545.413,-0.040008885074518184,0.0018462033373031052
cell4_02_2_2022,3,fp,23,44.0,up,2,383.029,0.0010019715371089976,0.009193658962446007
cell4_02_2_2022,3,fp,23,44.0,up,3,599.299,-0.04405733815224097,0.003503956189441171
cell4_02_2_2022,3,fp,23,44.0,up,4,561.243,0.04493743143821703,0.017184457985185423
cell4_02_2_2022,3,fp,23,44.0,up,5,461.234,0.004986211873476872,0.007735349428890901
cell4_02_2_2022,3,fp,24,46.0,up,1,647.909,0.14039614618693352,0.002196941961563307
cell4_02_2_2022,3,fp,24,46.0,up,2,415.98,0.08711559730466002,0.010001805140367366
cell4_02_2_2022,3,fp,24,46.0,up,3,697.71,0.1129181837410041,0.004086397170363811
cell4_02_2_2022,3,fp,24,46.0,up,4,553.627,0.03075775618554829,0.016980559380601355
cell4_02_2_2022,3,fp,24,46.0,up,5,461.693,0.005986330406043702,0.007756431820460059
cell4_02_2_2022,3,fp,25,48.0,up,1,565.657,-0.00437706087789749,0.0019170489249597119
cell4_02_2_2022,3,fp,25,48.0,up,2,396.203,0.03543069618466794,0.009521385670534128
cell4_02_2_2022,3,fp,25,48.0,up,3,610.903,-0.025547781740364033,0.0035761308620703165
cell4_02_2_2022,3,fp,25,48.0,up,4,593.526,0.10504279595789898,0.01819491200404385
cell4_02_2_2022,3,fp,25,48.0,up,5,472.741,0.03005890022695494,0.007937930606130206
cell4_02_2_2022,3,fp,26,50.0,up,1,634.025,0.11595867102659559,0.002157584129216267
cell4_02_2_2022,3,fp,26,50.0,up,2,394.846,0.03188433370199475,0.009527766215119603
cell4_02_2_2022,3,fp,26,50.0,up,3,610.275,-0.026549505406915176,0.0035871356107369445
cell4_02_2_2022,3,fp,26,50.0,up,4,578.626,0.07730157205233684,0.017811063948305703
cell4_02_2_2022,3,fp,26,50.0,up,5,466.414,0.016272952611376977,0.00786387802730647
cell4_02_2_2022,3,fp,27,52.0,up,1,672.566,0.18379537011580513,0.0022776892139371907
cell4_02_2_2022,3,fp,27,52.0,up,2,382.08,-0.0014781301549005599,0.009175223575906884
cell4_02_2_2022,3,fp,27,52.0,up,3,596.205,-0.04899258182152276,0.003487515144567443
cell4_02_2_2022,3,fp,27,52.0,up,4,585.216,0.08957101269244797,0.017926967521934015
cell4_02_2_2022,3,fp,27,52.0,up,5,446.317,-0.027516550981205628,0.007488707787510724
cell4_02_2_2022,3,fp,28,54.0,up,1,630.443,0.10965392916370806,0.0021478309330657586
cell4_02_2_2022,3,fp,28,54.0,up,2,399.339,0.043626269320750054,0.00964710960204272
cell4_02_2_2022,3,fp,28,54.0,up,3,552.615,-0.11852305096955044,0.0032519014320703094
cell4_02_2_2022,3,fp,28,54.0,up,4,570.342,0.06187819629168739,0.01757598970313112
cell4_02_2_2022,3,fp,28,54.0,up,5,476.555,0.038369253349416564,0.008043978487862424
cell4_02_2_2022,3,fp,29,56.0,up,1,621.368,0.09368086037372932,0.002123796522291386
cell4_02_2_2022,3,fp,29,56.0,up,2,401.755,0.049940205767425506,0.009737046514550651
cell4_02_2_2022,3,fp,29,56.0,up,3,712.789,0.13697071744788883,0.004208100643991129
cell4_02_2_2022,3,fp,29,56.0,up,4,580.096,0.08003845790073799,0.017934712973543605
cell4_02_2_2022,3,fp,29,56.0,up,5,483.383,0.053246833611652375,0.008185770483755926
cell4_02_2_2022,3,fp,30,58.0,up,1,548.749,-0.034137132183788735,0.0018764003192383925
cell4_02_2_2022,3,fp,30,58.0,up,2,417.047,0.08990407834298898,0.010112028125390088
cell4_02_2_2022,3,fp,30,58.0,up,3,645.86,0.030212177195346034,0.003814614587661224
cell4_02_2_2022,3,fp,30,58.0,up,4,588.012,0.0947766812857332,0.018187298577551175
cell4_02_2_2022,3,fp,30,58.0,up,5,449.157,-0.021328453742665864,0.007609446324212332
cell7_02_2_2022,3,ca,1,0.0,master,1,902.337,0.010389916357074973,1
cell7_02_2_2022,3,ca,2,2.0,master,1,900.765,0.008629672735774589,1
cell7_02_2_2022,3,ca,3,4.0,master,1,892.746,-0.00034958527898862053,1
cell7_02_2_2022,3,ca,4,6.0,master,1,885.136,-0.008870866422815545,1
cell7_02_2_2022,3,ca,5,8.0,master,1,884.307,-0.009799137391045779,1
cell7_02_2_2022,3,ca,6,10.0,master,1,875.036,-0.020180319714885448,1
cell7_02_2_2022,3,ca,7,12.0,master,1,870.216,-0.025577504355259316,1
cell7_02_2_2022,3,ca,8,14.0,master,1,1520.029,0.7020492057516519,1
cell7_02_2_2022,3,ca,9,16.0,master,1,1729.403,0.9364952922441112,1
cell7_02_2_2022,3,ca,10,18.0,master,1,1640.697,0.8371669393999179,1
cell7_02_2_2022,3,ca,11,20.0,master,1,1565.221,0.7526528506204858,1
cell7_02_2_2022,3,ca,12,22.0,master,1,1514.384,0.6957282291344505,1
cell7_02_2_2022,3,ca,13,24.0,master,1,1472.723,0.6490784139264383,1
cell7_02_2_2022,3,ca,14,26.0,master,1,2549.461,1.8547534751934418,1
cell7_02_2_2022,3,ca,15,28.0,master,1,2346.419,1.6273976320916148,1
cell7_02_2_2022,3,ca,16,30.0,master,1,2231.374,1.4985762406078347,1
cell7_02_2_2022,3,ca,17,32.0,master,1,2135.239,1.3909292809807916,1
cell7_02_2_2022,3,ca,18,34.0,master,1,2047.785,1.2930028524456747,1
cell7_02_2_2022,3,ca,19,36.0,master,1,2698.92,2.0221098692112114,1
cell7_02_2_2022,3,ca,20,38.0,master,1,2535.223,1.8388105052951755,1
cell7_02_2_2022,3,ca,21,40.0,master,1,2423.346,1.713536475002413,1
cell7_02_2_2022,3,ca,22,42.0,master,1,2333.555,1.6129931957402102,1
cell7_02_2_2022,3,ca,23,44.0,master,1,2258.328,1.5287579241756024,1
cell7_02_2_2022,3,ca,24,46.0,master,1,2181.936,1.4432181463649292,1
cell7_02_2_2022,3,ca,25,48.0,master,1,2123.389,1.3776602689499968,1
cell7_02_2_2022,3,ca,26,50.0,master,1,2077.448,1.3262179329409884,1
cell7_02_2_2022,3,ca,27,52.0,master,1,2024.767,1.2672284964182623,1
cell7_02_2_2022,3,ca,28,54.0,master,1,1979.973,1.2170705111940072,1
cell7_02_2_2022,3,ca,29,56.0,master,1,1934.627,1.1662944251561655,1
cell7_02_2_2022,3,ca,30,58.0,master,1,1881.455,1.1067551924387458,1
cell7_02_2_2022,3,fp,1,0.0,master,1,869.422,0.0016001695788063473,1
cell7_02_2_2022,3,fp,2,2.0,master,1,868.991,0.0011036446771032552,1
cell7_02_2_2022,3,fp,3,4.0,master,1,867.127,-0.0010437391205173798,1
cell7_02_2_2022,3,fp,4,6.0,master,1,866.79,-0.0014319732083919066,1
cell7_02_2_2022,3,fp,5,8.0,master,1,867.835,-0.00022810192700044708,1
cell7_02_2_2022,3,fp,6,10.0,master,1,866.77,-0.0014550138070788018,1
cell7_02_2_2022,3,fp,7,12.0,master,1,866.144,-0.0021761845459792543,1
cell7_02_2_2022,3,fp,8,14.0,master,1,867.592,-0.0005080452010465396,1
cell7_02_2_2022,3,fp,9,16.0,master,1,867.101,-0.0010736918988103175,1
cell7_02_2_2022,3,fp,10,18.0,master,1,866.451,-0.0018225113561350704,1
cell7_02_2_2022,3,fp,11,20.0,master,1,863.377,-0.005363851374314182,1
cell7_02_2_2022,3,fp,12,22.0,master,1,864.174,-0.004445683516640539,1
cell7_02_2_2022,3,fp,13,24.0,master,1,864.631,-0.00391920583664451,1
cell7_02_2_2022,3,fp,14,26.0,master,1,862.831,-0.005992859718466923,1
cell7_02_2_2022,3,fp,15,28.0,master,1,862.77,-0.006063133544462058,1
cell7_02_2_2022,3,fp,16,30.0,master,1,859.68,-0.00962290604159066,1
cell7_02_2_2022,3,fp,17,32.0,master,1,858.814,-0.010620563964734119,1
cell7_02_2_2022,3,fp,18,34.0,master,1,857.803,-0.011785266228357698,1
cell7_02_2_2022,3,fp,19,36.0,master,1,858.696,-0.010756503496986853,1
cell7_02_2_2022,3,fp,20,38.0,master,1,855.276,-0.01469644587244962,1
cell7_02_2_2022,3,fp,21,40.0,master,1,855.709,-0.014197616910877892,1
cell7_02_2_2022,3,fp,22,42.0,master,1,853.351,-0.01691410349606526,1
cell7_02_2_2022,3,fp,23,44.0,master,1,855.661,-0.014252914347726494,1
cell7_02_2_2022,3,fp,24,46.0,master,1,853.856,-0.01633232837922063,1
cell7_02_2_2022,3,fp,25,48.0,master,1,853.811,-0.016384169726266145,1
cell7_02_2_2022,3,fp,26,50.0,master,1,853.141,-0.017156029782277923,1
cell7_02_2_2022,3,fp,27,52.0,master,1,853.177,-0.017114556704641407,1
cell7_02_2_2022,3,fp,28,54.0,master,1,853.33,-0.016938296124686475,1
cell7_02_2_2022,3,fp,29,56.0,master,1,853.551,-0.016683697509196044,1
cell7_02_2_2022,3,fp,30,58.0,master,1,852.724,-0.017636426264900033,1
cell7_02_2_2022,3,fp,1,0.0,down,1,110.878,-0.003863154490243477,0.6822957508804757
cell7_02_2_2022,3,fp,2,2.0,down,1,110.956,-0.0031623962338737377,0.683111822529267
cell7_02_2_2022,3,fp,3,4.0,down,1,111.581,0.002452653897293832,0.6884381809207837
cell7_02_2_2022,3,fp,4,6.0,down,1,111.516,0.0018686886836524253,0.6883056168507162
cell7_02_2_2022,3,fp,5,8.0,down,1,111.609,0.0027042081431700635,0.6880504794695639
cell7_02_2_2022,3,fp,6,10.0,down,1,112.018,0.006378696949006175,0.691420182259561
cell7_02_2_2022,3,fp,7,12.0,down,1,112.672,0.012254285406259889,0.6959549180957993
cell7_02_2_2022,3,fp,8,14.0,down,1,113.006,0.015254968196355866,0.6968532468162218
cell7_02_2_2022,3,fp,9,16.0,down,1,113.465,0.019378661012685358,0.700081846052099
cell7_02_2_2022,3,fp,10,18.0,down,1,113.74,0.021849283070399014,0.7023065786886967
cell7_02_2_2022,3,fp,11,20.0,down,1,114.29,0.026790527185826578,0.7082143131399026
cell7_02_2_2022,3,fp,12,22.0,down,1,113.9,0.023286735903978006,0.7051472830222234
cell7_02_2_2022,3,fp,13,24.0,down,1,114.938,0.03261221116182108,0.7111961156513317
cell7_02_2_2022,3,fp,14,26.0,down,1,114.925,0.03249541811909275,0.7125980774765174
cell7_02_2_2022,3,fp,15,28.0,down,1,114.819,0.03154310561684678,0.7119919581585397
cell7_02_2_2022,3,fp,16,30.0,down,1,115.512,0.037769073202285355,0.7188651069497118
cell7_02_2_2022,3,fp,17,32.0,down,1,115.641,0.038928019549358386,0.7203941904124669
cell7_02_2_2022,3,fp,18,34.0,down,1,115.63,0.038829194667049746,0.7211725615336675
cell7_02_2_2022,3,fp,19,36.0,down,1,115.694,0.039404175800481375,0.720818903657905
cell7_02_2_2022,3,fp,20,38.0,down,1,118.255,0.06241240521795354,0.7397213313067302
cell7_02_2_2022,3,fp,21,40.0,down,1,118.256,0.06242138929816345,0.7393550603054194
cell7_02_2_2022,3,fp,22,42.0,down,1,118.492,0.06454163222769237,0.7428785951503646
cell7_02_2_2022,3,fp,23,44.0,down,1,116.581,0.047373054946634394,0.7289246874216014
cell7_02_2_2022,3,fp,24,46.0,down,1,116.879,0.050050310849175106,0.7323302705349843
cell7_02_2_2022,3,fp,25,48.0,down,1,116.816,0.049484313795953395,0.7319756520018034
cell7_02_2_2022,3,fp,26,50.0,down,1,116.973,0.05089481438890266,0.733534138078925
cell7_02_2_2022,3,fp,27,52.0,down,1,117.214,0.053059977719480865,0.7350138718968681
cell7_02_2_2022,3,fp,28,54.0,down,1,116.646,0.047957020160275796,0.731319928269629
cell7_02_2_2022,3,fp,29,56.0,down,1,116.429,0.04600747475473443,0.7297736262553643
cell7_02_2_2022,3,fp,30,58.0,down,1,116.897,0.05021202429295274,0.7334156750323321
cell7_02_2_2022,3,fp,1,0.0,up,1,289.923,-0.04361546033446732,0.0032022503257112976
cell7_02_2_2022,3,fp,1,0.0,up,2,996.066,0.021436647743994838,0.00475749672949153
cell7_02_2_2022,3,fp,1,0.0,up,3,449.054,-0.02326269333919159,0.02891023088520145
cell7_02_2_2022,3,fp,1,0.0,up,4,1054.407,0.00717492747127781,0.05676159510997464
cell7_02_2_2022,3,fp,1,0.0,up,5,431.522,-0.06230334363624344,0.018292015193994062
cell7_02_2_2022,3,fp,2,2.0,up,1,320.247,0.05641594379979462,0.003538933817172849
cell7_02_2_2022,3,fp,2,2.0,up,2,961.841,-0.013660092099588064,0.004596308242647473
cell7_02_2_2022,3,fp,2,2.0,up,3,446.227,-0.029411700732356116,0.028742541377030525
cell7_02_2_2022,3,fp,2,2.0,up,4,1047.548,0.0006231757970899326,0.05642036114278822
cell7_02_2_2022,3,fp,2,2.0,up,5,441.387,-0.040866713487540784,0.018719472680074647
cell7_02_2_2022,3,fp,3,4.0,up,1,297.367,-0.019059538543956592,0.003293156809791405
cell7_02_2_2022,3,fp,3,4.0,up,2,995.459,0.020814186938003375,0.00476718067950093
cell7_02_2_2022,3,fp,3,4.0,up,3,473.015,0.028854875160141773,0.0305334619744372
cell7_02_2_2022,3,fp,3,4.0,up,4,1032.033,-0.014196831088028411,0.0557041732644404
cell7_02_2_2022,3,fp,3,4.0,up,5,496.405,0.07868731768542638,0.021098066766276378
cell7_02_2_2022,3,fp,4,6.0,up,1,307.163,0.013255051711261345,0.0034029640993726035
cell7_02_2_2022,3,fp,4,6.0,up,2,961.525,-0.013984140888209635,0.004606462849098123
cell7_02_2_2022,3,fp,4,6.0,up,3,456.442,-0.0071930553410664505,0.029475106420115395
cell7_02_2_2022,3,fp,4,6.0,up,4,1045.07,-0.0017438224021575047,0.05642978439517772
cell7_02_2_2022,3,fp,4,6.0,up,5,469.611,0.020463996022543653,0.019967046673948264
cell7_02_2_2022,3,fp,5,8.0,up,1,301.024,-0.006995996632632428,0.003330937248900738
cell7_02_2_2022,3,fp,5,8.0,up,2,960.918,-0.01460660169420098,0.004598012221496518
cell7_02_2_2022,3,fp,5,8.0,up,3,474.007,0.03101257425247263,0.03057258850159996
cell7_02_2_2022,3,fp,5,8.0,up,4,1055.42,0.008142550221817738,0.056920064381605365
cell7_02_2_2022,3,fp,5,8.0,up,5,462.043,0.004018743415814692,0.019621604895386637
cell7_02_2_2022,3,fp,6,10.0,up,1,292.238,-0.03597884575292082,0.003237692097920845
cell7_02_2_2022,3,fp,6,10.0,up,2,1001.903,0.027422321095842694,0.004800017037882825
cell7_02_2_2022,3,fp,6,10.0,up,3,477.568,0.038758104965970604,0.030840087228134326
cell7_02_2_2022,3,fp,6,10.0,up,4,1067.751,0.01992118411807244,0.05765583430620704
cell7_02_2_2022,3,fp,6,10.0,up,5,476.534,0.03550766460029007,0.020261849389654404
cell7_02_2_2022,3,fp,7,12.0,up,1,307.152,0.013218765421672924,0.0034053834565123528
cell7_02_2_2022,3,fp,7,12.0,up,2,997.825,0.02324045096926475,0.004783935460057268
cell7_02_2_2022,3,fp,7,12.0,up,3,471.407,0.02535731453467004,0.030464242973145105
cell7_02_2_2022,3,fp,7,12.0,up,4,1070.477,0.022525073178261548,0.05784480378123635
cell7_02_2_2022,3,fp,7,12.0,up,5,493.706,0.07282239474864508,0.021007162502095098
cell7_02_2_2022,3,fp,8,14.0,up,1,288.952,-0.04681855007903824,0.0031982497534178422
cell7_02_2_2022,3,fp,8,14.0,up,2,1012.481,0.03826975174786369,0.004846101990139151
cell7_02_2_2022,3,fp,8,14.0,up,3,497.586,0.0822992545932673,0.032102346246485926
cell7_02_2_2022,3,fp,8,14.0,up,4,1074.772,0.02662767901593996,0.057979980009419625
cell7_02_2_2022,3,fp,8,14.0,up,5,493.815,0.07305925158455062,0.020976767713288866
cell7_02_2_2022,3,fp,9,16.0,up,1,291.606,-0.03806365802745103,0.0032294581871041166
cell7_02_2_2022,3,fp,9,16.0,up,2,1036.16,0.06255187600662782,0.004962242926883944
cell7_02_2_2022,3,fp,9,16.0,up,3,528.9,0.15041033259452444,0.03414187335716504
cell7_02_2_2022,3,fp,9,16.0,up,4,1109.81,0.060096154764620165,0.05990399211928638
cell7_02_2_2022,3,fp,9,16.0,up,5,501.699,0.09019117171555639,0.021323712414808328
cell7_02_2_2022,3,fp,10,18.0,up,1,321.401,0.06022270545297157,0.003562093125310357
cell7_02_2_2022,3,fp,10,18.0,up,2,1011.402,0.0371632687006402,0.00484730843230284
cell7_02_2_2022,3,fp,10,18.0,up,3,557.203,0.211972184822588,0.03599592244577733
cell7_02_2_2022,3,fp,10,18.0,up,4,1087.679,0.038956511040833516,0.05875347781395326
cell7_02_2_2022,3,fp,10,18.0,up,5,481.519,0.046340062095605115,0.02048135641034919
cell7_02_2_2022,3,fp,11,20.0,up,1,330.195,0.08923194460205143,0.0036725911898637213
cell7_02_2_2022,3,fp,11,20.0,up,2,1057.016,0.08393909605564942,0.00508395897873304
cell7_02_2_2022,3,fp,11,20.0,up,3,572.598,0.2454578476516534,0.03712217472373318
cell7_02_2_2022,3,fp,11,20.0,up,4,1100.578,0.05127770142505128,0.05966197071250946
cell7_02_2_2022,3,fp,11,20.0,up,5,487.741,0.059860458728674286,0.02081988420463546
cell7_02_2_2022,3,fp,12,22.0,up,1,302.752,-0.0012957504136637754,0.003364253944661112
cell7_02_2_2022,3,fp,12,22.0,up,2,1043.092,0.06966043993930034,0.0050123645907390125
cell7_02_2_2022,3,fp,12,22.0,up,3,542.357,0.1796806518339355,0.03512922384718281
cell7_02_2_2022,3,fp,12,22.0,up,4,1092.31,0.04338006578688446,0.05915915925623307
cell7_02_2_2022,3,fp,12,22.0,up,5,500.336,0.08722937476748932,0.021337838689212296
cell7_02_2_2022,3,fp,13,24.0,up,1,317.552,0.04752580285065087,0.0035268521112202353
cell7_02_2_2022,3,fp,13,24.0,up,2,1089.463,0.11721254872781099,0.00523241797401431
cell7_02_2_2022,3,fp,13,24.0,up,3,545.028,0.18549034364403197,0.03528349919177514
cell7_02_2_2022,3,fp,13,24.0,up,4,1124.096,0.0737422146009592,0.06084844161065118
cell7_02_2_2022,3,fp,13,24.0,up,5,572.961,0.24504339043393927,0.024422117598990913
cell7_02_2_2022,3,fp,14,26.0,up,1,354.889,0.1706913659742802,0.003949753890765512
cell7_02_2_2022,3,fp,14,26.0,up,2,1007.245,0.0329003863769068,0.004847640181781623
cell7_02_2_2022,3,fp,14,26.0,up,3,536.072,0.16601014901609365,0.03477615114365847
cell7_02_2_2022,3,fp,14,26.0,up,4,1118.035,0.06795271658415607,0.06064663931725214
cell7_02_2_2022,3,fp,14,26.0,up,5,552.949,0.20155734456107174,0.02361830738710591
cell7_02_2_2022,3,fp,15,28.0,up,1,376.232,0.24109666403646043,0.004187583742168692
cell7_02_2_2022,3,fp,15,28.0,up,2,1088.818,0.11655112002951704,0.005240606346238818
cell7_02_2_2022,3,fp,15,28.0,up,3,537.8,0.1697687216285408,0.034890735793853836
cell7_02_2_2022,3,fp,15,28.0,up,4,1137.197,0.08625635641223425,0.06169042816520832
cell7_02_2_2022,3,fp,15,28.0,up,5,576.692,0.2531508478170928,0.024634213522489293
cell7_02_2_2022,3,fp,16,30.0,up,1,353.895,0.16741240489693357,0.003953125620171969
cell7_02_2_2022,3,fp,16,30.0,up,2,1045.478,0.07210721338756294,0.005050090326657714
cell7_02_2_2022,3,fp,16,30.0,up,3,569.079,0.2378036711335968,0.03705270462543758
cell7_02_2_2022,3,fp,16,30.0,up,4,1106.824,0.05724391238247635,0.060258607388779716
cell7_02_2_2022,3,fp,16,30.0,up,5,596.19,0.2955199724637633,0.025558598112483472
cell7_02_2_2022,3,fp,17,32.0,up,1,371.646,0.22596858003172074,0.004155588724891006
cell7_02_2_2022,3,fp,17,32.0,up,2,1037.386,0.06380910326881127,0.005016055605525674
cell7_02_2_2022,3,fp,17,32.0,up,3,552.83,0.20246047299722258,0.03603101388666172
cell7_02_2_2022,3,fp,17,32.0,up,4,1109.504,0.05980386200878086,0.060465383832758936
cell7_02_2_2022,3,fp,17,32.0,up,5,590.391,0.2829187541938872,0.025335504471627256
cell7_02_2_2022,3,fp,18,34.0,up,1,396.559,0.3081504284421174,0.0044393895812423045
cell7_02_2_2022,3,fp,18,34.0,up,2,1140.151,0.16919161517606612,0.0055194509722698275
cell7_02_2_2022,3,fp,18,34.0,up,3,578.728,0.2587912099863186,0.03776336637316969
cell7_02_2_2022,3,fp,18,34.0,up,4,1124.057,0.07370496160266597,0.06133067652067539
cell7_02_2_2022,3,fp,18,34.0,up,5,602.026,0.3082015916779373,0.025865287340070698
cell7_02_2_2022,3,fp,19,36.0,up,1,390.539,0.28829193177649737,0.004367450142334698
cell7_02_2_2022,3,fp,19,36.0,up,2,1026.592,0.05274017091317565,0.004964543484770804
cell7_02_2_2022,3,fp,19,36.0,up,3,550.97,0.19841478719910227,0.035914687909805225
cell7_02_2_2022,3,fp,19,36.0,up,4,1130.912,0.08025289245651618,0.06164050776354889
cell7_02_2_2022,3,fp,19,36.0,up,5,605.504,0.3157592804419707,0.02598760946914623
cell7_02_2_2022,3,fp,20,38.0,up,1,411.354,0.3569554879384371,0.0046186221219923366
cell7_02_2_2022,3,fp,20,38.0,up,2,1089.734,0.11749045132817941,0.0052909659713515685
cell7_02_2_2022,3,fp,20,38.0,up,3,580.169,0.26192552892991616,0.03796925310410941
cell7_02_2_2022,3,fp,20,38.0,up,4,1179.022,0.12620780906902263,0.0645197248453802
cell7_02_2_2022,3,fp,20,38.0,up,5,601.738,0.3075757681115081,0.025929284767312634
cell7_02_2_2022,3,fp,21,40.0,up,1,385.552,0.27184104757858285,0.004326724596127173
cell7_02_2_2022,3,fp,21,40.0,up,2,1173.684,0.20357872919140174,0.005695687417753612
cell7_02_2_2022,3,fp,21,40.0,up,3,581.511,0.2648445129842588,0.038037890535363196
cell7_02_2_2022,3,fp,21,40.0,up,4,1170.697,0.11825572674104258,0.0640318036207772
cell7_02_2_2022,3,fp,21,40.0,up,5,582.619,0.2660302098942708,0.02509274639488609
cell7_02_2_2022,3,fp,22,42.0,up,1,422.706,0.3944029387936061,0.0047567874444311015
cell7_02_2_2022,3,fp,22,42.0,up,2,1131.196,0.16000852371370558,0.00550466542201949
cell7_02_2_2022,3,fp,22,42.0,up,3,598.252,0.3012578602672328,0.03924103698995132
cell7_02_2_2022,3,fp,22,42.0,up,4,1167.54,0.11524014428945914,0.06403555437328705
cell7_02_2_2022,3,fp,22,42.0,up,5,586.927,0.2753914874087777,0.025348102636017562
cell7_02_2_2022,3,fp,23,44.0,up,1,380.236,0.2543048734466168,0.004267308366456491
cell7_02_2_2022,3,fp,23,44.0,up,2,1048.737,0.0754492228879351,0.005089627356369062
cell7_02_2_2022,3,fp,23,44.0,up,3,600.271,0.30564938694809557,0.0392671734674779
cell7_02_2_2022,3,fp,23,44.0,up,4,1140.523,0.0894333685230885,0.06238486631818585
cell7_02_2_2022,3,fp,23,44.0,up,5,583.927,0.2688724919251378,0.025150452611516536
cell7_02_2_2022,3,fp,24,46.0,up,1,401.558,0.3246408976832192,0.004516128341386898
cell7_02_2_2022,3,fp,24,46.0,up,2,1083.89,0.11149759968038125,0.005271343469242448
cell7_02_2_2022,3,fp,24,46.0,up,3,599.664,0.3043291013139779,0.03931039735889379
cell7_02_2_2022,3,fp,24,46.0,up,4,1130.075,0.07945338580083819,0.06194399676260057
cell7_02_2_2022,3,fp,24,46.0,up,5,592.779,0.2881078745988646,0.025585686684361248
cell7_02_2_2022,3,fp,25,48.0,up,1,409.818,0.35188860241046505,0.004609270669297698
cell7_02_2_2022,3,fp,25,48.0,up,2,990.331,0.015555572418853908,0.004816589238107804
cell7_02_2_2022,3,fp,25,48.0,up,3,585.744,0.27405171082481977,0.03839986872714786
cell7_02_2_2022,3,fp,25,48.0,up,4,1158.571,0.10667290988709843,0.06350935163035565
cell7_02_2_2022,3,fp,25,48.0,up,5,592.523,0.28755158698426075,0.025575985932158977
cell7_02_2_2022,3,fp,26,50.0,up,1,387.598,0.2785902974420144,0.00436277747724611
cell7_02_2_2022,3,fp,26,50.0,up,2,1055.699,0.08258855094610963,0.005138544688705528
cell7_02_2_2022,3,fp,26,50.0,up,3,571.772,0.24366121514130556,0.03751331831277983
cell7_02_2_2022,3,fp,26,50.0,up,4,1172.587,0.12006106435063814,0.06432813631202212
cell7_02_2_2022,3,fp,26,50.0,up,5,599.426,0.30255179559211626,0.025894301056253743
cell7_02_2_2022,3,fp,27,52.0,up,1,380.454,0.2550240017311858,0.004282192950017056
cell7_02_2_2022,3,fp,27,52.0,up,2,1060.565,0.0875784921025413,0.005162016235100633
cell7_02_2_2022,3,fp,27,52.0,up,3,573.319,0.24702609467339787,0.0376132962395371
cell7_02_2_2022,3,fp,27,52.0,up,4,1164.582,0.11241464764967972,0.0638863446264091
cell7_02_2_2022,3,fp,27,52.0,up,5,590.893,0.28400959943814974,0.025524627475629436
cell7_02_2_2022,3,fp,28,54.0,up,1,416.503,0.3739407702193801,0.004687097989978711
cell7_02_2_2022,3,fp,28,54.0,up,2,1126.134,0.15481759027066064,0.005480169688550061
cell7_02_2_2022,3,fp,28,54.0,up,3,571.61,0.24330884895888855,0.037494422823404115
cell7_02_2_2022,3,fp,28,54.0,up,4,1144.768,0.09348821410654506,0.06278815273856031
cell7_02_2_2022,3,fp,28,54.0,up,5,584.309,0.2697025773500545,0.025235699601143708
cell7_02_2_2022,3,fp,29,56.0,up,1,392.504,0.2947739825984149,0.0044158803288214254
cell7_02_2_2022,3,fp,29,56.0,up,2,1096.211,0.124132426024071,0.005333167842279902
cell7_02_2_2022,3,fp,29,56.0,up,3,598.944,0.30276302939212485,0.03927719537172751
cell7_02_2_2022,3,fp,29,56.0,up,4,1134.94,0.08410045853664873,0.06223290391282063
cell7_02_2_2022,3,fp,29,56.0,up,5,577.498,0.25490228460369746,0.024935024182685367
cell7_02_2_2022,3,fp,30,58.0,up,1,384.606,0.2687204266739853,0.00433122513616628
cell7_02_2_2022,3,fp,30,58.0,up,2,1042.479,0.06903182630820849,0.005076680825344734
cell7_02_2_2022,3,fp,30,58.0,up,3,595.269,0.2947695372910002,0.03907405307544124
cell7_02_2_2022,3,fp,30,58.0,up,4,1139.714,0.08866060760977491,0.0625553173775476
cell7_02_2_2022,3,fp,30,58.0,up,5,583.57,0.2680967314625847,0.025221659222172704
cell5_02_2_2022,3,ca,1,0.0,master,1,374.882,0.005028870833782459,1
cell5_02_2_2022,3,ca,2,2.0,master,1,371.763,-0.0033329204715632117,1
cell5_02_2_2022,3,ca,3,4.0,master,1,371.219,-0.004791341269930592,1
cell5_02_2_2022,3,ca,4,6.0,master,1,375.07,0.005532883903806464,1
cell5_02_2_2022,3,ca,5,8.0,master,1,372.097,-0.0024374929960949672,1
cell5_02_2_2022,3,ca,6,10.0,master,1,370.848,-0.005785962807052444,1
cell5_02_2_2022,3,ca,7,12.0,master,1,370.646,-0.0063275087652697555,1
cell5_02_2_2022,3,ca,8,14.0,master,1,656.406,0.7597723576712666,1
cell5_02_2_2022,3,ca,9,16.0,master,1,782.03,1.0965603252707328,1
cell5_02_2_2022,3,ca,10,18.0,master,1,709.717,0.9026949149906892,1
cell5_02_2_2022,3,ca,11,20.0,master,1,665.099,0.7830776003187081,1
cell5_02_2_2022,3,ca,12,22.0,master,1,635.541,0.7038349496603544,1
cell5_02_2_2022,3,ca,13,24.0,master,1,606.56,0.6261391901796806,1
cell5_02_2_2022,3,ca,14,26.0,master,1,1301.295,2.4886685529623906,1
cell5_02_2_2022,3,ca,15,28.0,master,1,1073.512,1.8780004192959794,1
cell5_02_2_2022,3,ca,16,30.0,master,1,981.463,1.6312243603457528,1
cell5_02_2_2022,3,ca,17,32.0,master,1,923.358,1.4754494697407172,1
cell5_02_2_2022,3,ca,18,34.0,master,1,879.013,1.3565640463885054,1
cell5_02_2_2022,3,ca,19,36.0,master,1,1287.024,2.450409135290512,1
cell5_02_2_2022,3,ca,20,38.0,master,1,1261.23,2.381257469714981,1
cell5_02_2_2022,3,ca,21,40.0,master,1,1156.868,2.1014712355987646,1
cell5_02_2_2022,3,ca,22,42.0,master,1,1083.891,1.905825694050126,1
cell5_02_2_2022,3,ca,23,44.0,master,1,1028.551,1.7574635488632626,1
cell5_02_2_2022,3,ca,24,46.0,master,1,986.551,1.6448648842834253,1
cell5_02_2_2022,3,ca,25,48.0,master,1,952.16,1.5526653444366343,1
cell5_02_2_2022,3,ca,26,50.0,master,1,916.336,1.4566240453912027,1
cell5_02_2_2022,3,ca,27,52.0,master,1,890.486,1.3873222482628977,1
cell5_02_2_2022,3,ca,28,54.0,master,1,868.834,1.3292749557514056,1
cell5_02_2_2022,3,ca,29,56.0,master,1,838.983,1.2492467953615785,1
cell5_02_2_2022,3,ca,30,58.0,master,1,820.282,1.1991108994971131,1
cell5_02_2_2022,3,fp,1,0.0,master,1,174.488,0.0043862173767889034,1
cell5_02_2_2022,3,fp,2,2.0,master,1,173.682,-0.0002532723944601426,1
cell5_02_2_2022,3,fp,3,4.0,master,1,173.501,-0.0012951429262169504,1
cell5_02_2_2022,3,fp,4,6.0,master,1,173.813,0.0005007885981373975,1
cell5_02_2_2022,3,fp,5,8.0,master,1,173.146,-0.0033385906542485536,1
cell5_02_2_2022,3,fp,6,10.0,master,1,172.441,-0.0073967051563955215,1
cell5_02_2_2022,3,fp,7,12.0,master,1,172.697,-0.0059231203158995665,1
cell5_02_2_2022,3,fp,8,14.0,master,1,173.829,0.0005928876506685072,1
cell5_02_2_2022,3,fp,9,16.0,master,1,172.773,-0.005485649816377368,1
cell5_02_2_2022,3,fp,10,18.0,master,1,172.796,-0.005353257428364082,1
cell5_02_2_2022,3,fp,11,20.0,master,1,172.017,-0.009837330048466982,1
cell5_02_2_2022,3,fp,12,22.0,master,1,172.024,-0.009797036712984642,1
cell5_02_2_2022,3,fp,13,24.0,master,1,171.593,-0.012277954940538445,1
cell5_02_2_2022,3,fp,14,26.0,master,1,171.866,-0.010706514856728164,1
cell5_02_2_2022,3,fp,15,28.0,master,1,171.231,-0.014361696004052224,1
cell5_02_2_2022,3,fp,16,30.0,master,1,170.62,-0.01787872857257962,1
cell5_02_2_2022,3,fp,17,32.0,master,1,170.295,-0.019749490577115593,1
cell5_02_2_2022,3,fp,18,34.0,master,1,169.787,-0.022673635494974646,1
cell5_02_2_2022,3,fp,19,36.0,master,1,170.754,-0.017107399007632598,1
cell5_02_2_2022,3,fp,20,38.0,master,1,169.739,-0.02294993265256765,1
cell5_02_2_2022,3,fp,21,40.0,master,1,169.149,-0.026346085214648186,1
cell5_02_2_2022,3,fp,22,42.0,master,1,169.566,-0.023945753658059062,1
cell5_02_2_2022,3,fp,23,44.0,master,1,169.294,-0.025511437551085963,1
cell5_02_2_2022,3,fp,24,46.0,master,1,168.32,-0.031117967373910517,1
cell5_02_2_2022,3,fp,25,48.0,master,1,167.985,-0.03304629128627815,1
cell5_02_2_2022,3,fp,26,50.0,master,1,168.351,-0.030939525459631675,1
cell5_02_2_2022,3,fp,27,52.0,master,1,168.59,-0.029563795862449883,1
cell5_02_2_2022,3,fp,28,54.0,master,1,168.055,-0.03264335793145508,1
cell5_02_2_2022,3,fp,29,56.0,master,1,168.047,-0.03268940745772063,1
cell5_02_2_2022,3,fp,30,58.0,master,1,168.59,-0.029563795862449883,1
cell5_02_2_2022,3,fp,1,0.0,down,1,29.793,0.00012084835545525305,0.8130897637448542
cell5_02_2_2022,3,fp,2,2.0,down,1,29.756,-0.0011212041867241474,0.815850061761688
cell5_02_2_2022,3,fp,3,4.0,down,1,29.907,0.003947712944872991,0.8208607234881731
cell5_02_2_2022,3,fp,4,6.0,down,1,29.786,-0.00011413455792997447,0.816050659373574
cell5_02_2_2022,3,fp,5,8.0,down,1,29.705,-0.0028332225556742417,0.8169678050907576
cell5_02_2_2022,3,fp,6,10.0,down,1,29.826,0.0012286249471288432,0.8236485683802285
cell5_02_2_2022,3,fp,7,12.0,down,1,30.217,0.014354099109079008,0.8332151265607194
cell5_02_2_2022,3,fp,8,14.0,down,1,30.185,0.01327989150503193,0.8269037480989779
cell5_02_2_2022,3,fp,9,16.0,down,1,30.316,0.01767742888409966,0.8355870853799605
cell5_02_2_2022,3,fp,10,18.0,down,1,30.372,0.019557292191182078,0.8370099940551611
cell5_02_2_2022,3,fp,11,20.0,down,1,30.385,0.019993689030326257,0.8411565231749661
cell5_02_2_2022,3,fp,12,22.0,down,1,30.645,0.028721625813208692,0.8483102716507963
cell5_02_2_2022,3,fp,13,24.0,down,1,30.431,0.02153786246114391,0.8445200006002687
cell5_02_2_2022,3,fp,14,26.0,down,1,30.767,0.03281704230363817,0.8524948759960119
cell5_02_2_2022,3,fp,15,28.0,down,1,30.973,0.039732253754691214,0.861379970856062
cell5_02_2_2022,3,fp,16,30.0,down,1,31.179,0.046647465205744254,0.8702188957677099
cell5_02_2_2022,3,fp,17,32.0,down,1,31.2,0.047352413945900174,0.8724515296112357
cell5_02_2_2022,3,fp,18,34.0,down,1,31.116,0.04453261898527661,0.8727149975362023
cell5_02_2_2022,3,fp,19,36.0,down,1,31.09,0.043659825306988365,0.867031257480666
cell5_02_2_2022,3,fp,20,38.0,down,1,32.162,0.07964578004256542,0.9023186166623032
cell5_02_2_2022,3,fp,21,40.0,down,1,32.329,0.08525180097618616,0.9101525742774474
cell5_02_2_2022,3,fp,22,42.0,down,1,32.232,0.08199560917641842,0.9051967682614158
cell5_02_2_2022,3,fp,23,44.0,down,1,31.739,0.06544609827656818,0.8927892467216159
cell5_02_2_2022,3,fp,24,46.0,down,1,31.837,0.06873585906396232,0.9007095601375993
cell5_02_2_2022,3,fp,25,48.0,down,1,31.804,0.06762808247228873,0.9015666575605747
cell5_02_2_2022,3,fp,26,50.0,down,1,31.598,0.06071287102123569,0.8937932992535861
cell5_02_2_2022,3,fp,27,52.0,down,1,31.601,0.0608135779841151,0.8926148098596007
cell5_02_2_2022,3,fp,28,54.0,down,1,31.599,0.0607464400088622,0.8954029381414496
cell5_02_2_2022,3,fp,29,56.0,down,1,31.354,0.05252203804037673,0.8884890057947268
cell5_02_2_2022,3,fp,30,58.0,down,1,31.514,0.05789307606061212,0.8901553124966032
cell5_02_2_2022,3,fp,1,0.0,up,1,103.902,0.010248133167392677,0.034324138965407765
cell5_02_2_2022,3,fp,1,0.0,up,2,114.422,-0.1321805081532042,0.002202889554145123
cell5_02_2_2022,3,fp,2,2.0,up,1,97.166,-0.05524657747355323,0.032247938858084045
cell5_02_2_2022,3,fp,2,2.0,up,2,140.039,0.06210845657944652,0.0027085810688192505
cell5_02_2_2022,3,fp,3,4.0,up,1,102.855,6.806160547609095e-05,0.0341714520250001
cell5_02_2_2022,3,fp,3,4.0,up,2,139.448,0.05762609025407693,0.0026999579386554717
cell5_02_2_2022,3,fp,4,6.0,up,1,109.873,0.0683046826384568,0.03643758152742176
cell5_02_2_2022,3,fp,4,6.0,up,2,148.017,0.12261660978384553,0.002860733355812617
cell5_02_2_2022,3,fp,5,8.0,up,1,100.444,-0.023374299937772212,0.03343881829683539
cell5_02_2_2022,3,fp,5,8.0,up,2,117.324,-0.1101706484641636,0.0022762518221816396
cell5_02_2_2022,3,fp,6,10.0,up,1,114.753,0.11575334474175483,0.03835886007937164
cell5_02_2_2022,3,fp,6,10.0,up,2,154.63,0.17277208949563924,0.003012321408618668
cell5_02_2_2022,3,fp,7,12.0,up,1,117.045,0.13803865899191042,0.03906696994189578
cell5_02_2_2022,3,fp,7,12.0,up,2,158.854,0.20480849450132768,0.0030900121688012374
cell5_02_2_2022,3,fp,8,14.0,up,1,120.505,0.1716805382700684,0.03995986842794594
cell5_02_2_2022,3,fp,8,14.0,up,2,156.725,0.18866135760333738,0.00302875883418793
cell5_02_2_2022,3,fp,9,16.0,up,1,127.21,0.23687383322962036,0.0424411632195064
cell5_02_2_2022,3,fp,9,16.0,up,2,142.437,0.08029579067121766,0.0027694674600261373
cell5_02_2_2022,3,fp,10,18.0,up,1,126.508,0.23004822650902298,0.04220130741548372
cell5_02_2_2022,3,fp,10,18.0,up,2,121.592,-0.07780053090633272,0.0023638586357497015
cell5_02_2_2022,3,fp,11,20.0,up,1,124.157,0.20718925015556935,0.0416047409646597
cell5_02_2_2022,3,fp,11,20.0,up,2,140.796,0.06784982935153605,0.002749578285777928
cell5_02_2_2022,3,fp,12,22.0,up,1,137.631,0.33819811761045426,0.046117897971179295
cell5_02_2_2022,3,fp,12,22.0,up,2,135.344,0.026499810390595593,0.0026429908248525305
cell5_02_2_2022,3,fp,13,24.0,up,1,132.419,0.2875213907902926,0.044482860314678366
cell5_02_2_2022,3,fp,13,24.0,up,2,138.791,0.052643155100493236,0.0027171218004208453
cell5_02_2_2022,3,fp,14,26.0,up,1,123.783,0.20355281580584944,0.04151576777953613
cell5_02_2_2022,3,fp,14,26.0,up,2,166.329,0.26150170648464205,0.0032510631882010856
cell5_02_2_2022,3,fp,15,28.0,up,1,129.079,0.2550462818917238,0.04345266196735189
cell5_02_2_2022,3,fp,15,28.0,up,2,156.528,0.1871672354948808,0.0030708573492404857
cell5_02_2_2022,3,fp,16,30.0,up,1,129.26,0.25680616054760413,0.043669282130226375
cell5_02_2_2022,3,fp,16,30.0,up,2,154.042,0.16831247629882473,0.0030328953936428742
cell5_02_2_2022,3,fp,17,32.0,up,1,140.451,0.36561722153080267,0.04754084152834071
cell5_02_2_2022,3,fp,17,32.0,up,2,160.649,0.2184224497535081,0.0031690181614330713
cell5_02_2_2022,3,fp,18,34.0,up,1,143.391,0.3942030958307404,0.048681120598930046
cell5_02_2_2022,3,fp,18,34.0,up,2,157.675,0.19586651497914337,0.003119655111270238
cell5_02_2_2022,3,fp,19,36.0,up,1,140.485,0.3659478064716865,0.047424468683803324
cell5_02_2_2022,3,fp,19,36.0,up,2,153.908,0.16729616989002674,0.0030278824082788976
cell5_02_2_2022,3,fp,20,38.0,up,1,148.706,0.4458813005600497,0.05049967576098173
cell5_02_2_2022,3,fp,20,38.0,up,2,152.833,0.15914296549108864,0.0030247028866914865
cell5_02_2_2022,3,fp,21,40.0,up,1,159.157,0.547497277535781,0.054237249128720806
cell5_02_2_2022,3,fp,21,40.0,up,2,181.635,0.3775881683731516,0.0036072603464114713
cell5_02_2_2022,3,fp,22,42.0,up,1,161.543,0.5706965619166149,0.054915109523766804
cell5_02_2_2022,3,fp,22,42.0,up,2,209.929,0.5921805081532048,0.004158940355200136
cell5_02_2_2022,3,fp,23,44.0,up,1,160.335,0.5589510734287493,0.05459182760313646
cell5_02_2_2022,3,fp,23,44.0,up,2,168.911,0.2810845657944637,0.003351690487574046
cell5_02_2_2022,3,fp,24,46.0,up,1,155.632,0.5132233976353454,0.05329741453099179
cell5_02_2_2022,3,fp,24,46.0,up,2,181.904,0.37962836556693247,0.003630392089897913
cell5_02_2_2022,3,fp,25,48.0,up,1,163.143,0.5862535003111388,0.055980858131299084
cell5_02_2_2022,3,fp,25,48.0,up,2,165.794,0.2574440652256356,0.0033154904055116507
cell5_02_2_2022,3,fp,26,50.0,up,1,152.215,0.4799996110765402,0.05211760713586144
cell5_02_2_2022,3,fp,26,50.0,up,2,153.517,0.16433067880166882,0.0030632918313306086
cell5_02_2_2022,3,fp,27,52.0,up,1,158.557,0.5416634256378343,0.05421201930051383
cell5_02_2_2022,3,fp,27,52.0,up,2,141.89,0.07614713689799031,0.0028272678172134923
cell5_02_2_2022,3,fp,28,54.0,up,1,162.047,0.5755969975108899,0.05558177894807364
cell5_02_2_2022,3,fp,28,54.0,up,2,169.812,0.28791808873720176,0.00339442389097893
cell5_02_2_2022,3,fp,29,56.0,up,1,164.313,0.5976295115121343,0.05636145819348692
cell5_02_2_2022,3,fp,29,56.0,up,2,153.1,0.1611679939324993,0.0030604905796583226
cell5_02_2_2022,3,fp,30,58.0,up,1,161.572,0.5709785314250156,0.055242981332127065
cell5_02_2_2022,3,fp,30,58.0,up,2,180.919,0.37215775502464965,0.003604957449862255
cell2_02_2_2022,3,ca,1,0.0,master,1,325.806,0.007453410003104499,1
cell2_02_2_2022,3,ca,2,2.0,master,1,325.044,0.005097162731960425,1
cell2_02_2_2022,3,ca,3,4.0,master,1,324.052,0.0020297122162454256,1
cell2_02_2_2022,3,ca,4,6.0,master,1,321.513,-0.005821353166215078,1
cell2_02_2_2022,3,ca,5,8.0,master,1,320.563,-0.008758931785095448,1
cell2_02_2_2022,3,ca,6,10.0,master,1,320.673,-0.008418791102909254,1
cell2_02_2_2022,3,ca,7,12.0,master,1,317.519,-0.018171552117592187,1
cell2_02_2_2022,3,ca,8,14.0,master,1,398.931,0.23356965895639886,1
cell2_02_2_2022,3,ca,9,16.0,master,1,453.647,0.40276181865183075,1
cell2_02_2_2022,3,ca,10,18.0,master,1,438.079,0.3546226355584306,1
cell2_02_2_2022,3,ca,11,20.0,master,1,426.738,0.3195541312250383,1
cell2_02_2_2022,3,ca,12,22.0,master,1,418.448,0.29391989254028184,1
cell2_02_2_2022,3,ca,13,24.0,master,1,410.98,0.2708274324078621,1
cell2_02_2_2022,3,ca,14,26.0,master,1,646.493,0.9990779095324737,1
cell2_02_2_2022,3,ca,15,28.0,master,1,587.936,0.8180086556527053,1
cell2_02_2_2022,3,ca,16,30.0,master,1,560.504,0.7331837538915187,1
cell2_02_2_2022,3,ca,17,32.0,master,1,536.98,0.6604431229120001,1
cell2_02_2_2022,3,ca,18,34.0,master,1,520.817,0.6104640879467748,1
cell2_02_2_2022,3,ca,19,36.0,master,1,688.679,1.1295249533388827,1
cell2_02_2_2022,3,ca,20,38.0,master,1,721.909,1.2322783612392993,1
cell2_02_2_2022,3,ca,21,40.0,master,1,673.969,1.0840388675665347,1
cell2_02_2_2022,3,ca,22,42.0,master,1,643.206,0.9889138875111474,1
cell2_02_2_2022,3,ca,23,44.0,master,1,619.952,0.9170081472969948,1
cell2_02_2_2022,3,ca,24,46.0,master,1,600.174,0.8558508526399246,1
cell2_02_2_2022,3,ca,25,48.0,master,1,580.421,0.7947708626833514,1
cell2_02_2_2022,3,ca,26,50.0,master,1,566.42,0.7514771382170937,1
cell2_02_2_2022,3,ca,27,52.0,master,1,555.583,0.717967096645718,1
cell2_02_2_2022,3,ca,28,54.0,master,1,536.894,0.6601771947422909,1
cell2_02_2_2022,3,ca,29,56.0,master,1,527.906,0.6323846088196622,1
cell2_02_2_2022,3,ca,30,58.0,master,1,518.381,0.6029315179303614,1
cell2_02_2_2022,3,fp,1,0.0,master,1,618.079,0.0021879929226681287,1
cell2_02_2_2022,3,fp,2,2.0,master,1,617.155,0.000689767444273743,1
cell2_02_2_2022,3,fp,3,4.0,master,1,616.366,-0.000589561454485109,1
cell2_02_2_2022,3,fp,4,6.0,master,1,616.692,-6.096675106886006e-05,1
cell2_02_2_2022,3,fp,5,8.0,master,1,615.356,-0.002227232161388087,1
cell2_02_2_2022,3,fp,6,10.0,master,1,615.199,-0.002481800776223566,1
cell2_02_2_2022,3,fp,7,12.0,master,1,615.1,-0.0026423249346228593,1
cell2_02_2_2022,3,fp,8,14.0,master,1,615.186,-0.002502879706114267,1
cell2_02_2_2022,3,fp,9,16.0,master,1,615.019,-0.0027736628824042166,1
cell2_02_2_2022,3,fp,10,18.0,master,1,613.818,-0.0047210317130879096,1
cell2_02_2_2022,3,fp,11,20.0,master,1,613.8,-0.00475021792370603,1
cell2_02_2_2022,3,fp,12,22.0,master,1,614.19,-0.00411785002698095,1
cell2_02_2_2022,3,fp,13,24.0,master,1,613.188,-0.005742549084720462,1
cell2_02_2_2022,3,fp,14,26.0,master,1,613.899,-0.004589693765306552,1
cell2_02_2_2022,3,fp,15,28.0,master,1,612.555,-0.00676893082478943,1
cell2_02_2_2022,3,fp,16,30.0,master,1,613.676,-0.004951278485741499,1
cell2_02_2_2022,3,fp,17,32.0,master,1,613.725,-0.004871827134614558,1
cell2_02_2_2022,3,fp,18,34.0,master,1,614.104,-0.004257295255489542,1
cell2_02_2_2022,3,fp,19,36.0,master,1,613.293,-0.005572296189448339,1
cell2_02_2_2022,3,fp,20,38.0,master,1,612.058,-0.007574794529077268,1
cell2_02_2_2022,3,fp,21,40.0,master,1,610.58,-0.009971306712050085,1
cell2_02_2_2022,3,fp,22,42.0,master,1,610.452,-0.010178853098667564,1
cell2_02_2_2022,3,fp,23,44.0,master,1,611.599,-0.008319042899838047,1
cell2_02_2_2022,3,fp,24,46.0,master,1,610.096,-0.010756091486447223,1
cell2_02_2_2022,3,fp,25,48.0,master,1,610.708,-0.009763760325432792,1
cell2_02_2_2022,3,fp,26,50.0,master,1,612.461,-0.006921347702461487,1
cell2_02_2_2022,3,fp,27,52.0,master,1,611.002,-0.009287052218670957,1
cell2_02_2_2022,3,fp,28,54.0,master,1,611.709,-0.008140682723838872,1
cell2_02_2_2022,3,fp,29,56.0,master,1,612.342,-0.007114300983769905,1
cell2_02_2_2022,3,fp,30,58.0,master,1,610.828,-0.009569185587978963,1
cell2_02_2_2022,3,fp,1,0.0,down,1,99.755,-0.005419816428145536,0.7526321069204445
cell2_02_2_2022,3,fp,2,2.0,down,1,100.461,0.001619165172794089,0.7590922398753772
cell2_02_2_2022,3,fp,3,4.0,down,1,100.285,-0.00013559511299257145,0.7587327991764763
cell2_02_2_2022,3,fp,4,6.0,down,1,100.577,0.0027757117247898264,0.7605417645081556
cell2_02_2_2022,3,fp,5,8.0,down,1,100.415,0.0011605346435544757,0.7609639560486056
cell2_02_2_2022,3,fp,6,10.0,down,1,100.86,0.0055972865025035855,0.7645315196775496
cell2_02_2_2022,3,fp,7,12.0,down,1,101.795,0.01491945052074514,0.7717448594529314
cell2_02_2_2022,3,fp,8,14.0,down,1,101.95,0.016464835999704976,0.7728152842822721
cell2_02_2_2022,3,fp,9,16.0,down,1,102.246,0.01941602375307334,0.7752644140159081
cell2_02_2_2022,3,fp,10,18.0,down,1,102.34,0.020353225269345836,0.7774997912677235
cell2_02_2_2022,3,fp,11,20.0,down,1,102.534,0.02228744967526977,0.778991310344979
cell2_02_2_2022,3,fp,12,22.0,down,1,102.382,0.02077197488299948,0.7773470329104544
cell2_02_2_2022,3,fp,13,24.0,down,1,102.705,0.023992358816573762,0.7810694822664451
cell2_02_2_2022,3,fp,14,26.0,down,1,102.852,0.025457982464361522,0.7812842666033069
cell2_02_2_2022,3,fp,15,28.0,down,1,102.838,0.025318399259810213,0.7828942286411298
cell2_02_2_2022,3,fp,16,30.0,down,1,102.916,0.026096077113738413,0.7820516374497646
cell2_02_2_2022,3,fp,17,32.0,down,1,103.321,0.030134019816827003,0.7850688767177699
cell2_02_2_2022,3,fp,18,34.0,down,1,103.128,0.028209765639799628,0.7831217709220395
cell2_02_2_2022,3,fp,19,36.0,down,1,103.025,0.027182832063458638,0.7833738502571291
cell2_02_2_2022,3,fp,20,38.0,down,1,105.733,0.05418221191522126,0.8055824032236623
cell2_02_2_2022,3,fp,21,40.0,down,1,105.474,0.05159992263102387,0.805557733545882
cell2_02_2_2022,3,fp,22,42.0,down,1,105.724,0.05409247985515262,0.807639043739513
cell2_02_2_2022,3,fp,23,44.0,down,1,103.665,0.033563778557228245,0.7904181226349485
cell2_02_2_2022,3,fp,24,46.0,down,1,104.247,0.039366451774999915,0.7968206765995877
cell2_02_2_2022,3,fp,25,48.0,down,1,103.877,0.03567746708328932,0.7931923269438992
cell2_02_2_2022,3,fp,26,50.0,down,1,103.469,0.03160961369351119,0.7878197454844826
cell2_02_2_2022,3,fp,27,52.0,down,1,103.985,0.03675425180411298,0.7936394524681649
cell2_02_2_2022,3,fp,28,54.0,down,1,103.725,0.03416199229101903,0.7907376637047766
cell2_02_2_2022,3,fp,29,56.0,down,1,103.684,0.033753212906261945,0.7896098905101435
cell2_02_2_2022,3,fp,30,58.0,down,1,103.948,0.03638535333494187,0.7935816238215713
cell2_02_2_2022,3,fp,1,0.0,up,1,494.407,-0.01017519090495204,0.048634576692988506
cell2_02_2_2022,3,fp,1,0.0,up,2,375.469,-0.013879835211099862,0.027826887456164788
cell2_02_2_2022,3,fp,1,0.0,up,3,773.397,0.008004898500525123,0.020268768437237582
cell2_02_2_2022,3,fp,2,2.0,up,1,500.981,0.002986249558048804,0.04935498141424746
cell2_02_2_2022,3,fp,2,2.0,up,2,374.797,-0.0156447552197773,0.02781865375704765
cell2_02_2_2022,3,fp,2,2.0,up,3,784.948,0.023059863263227197,0.020602292062204087
cell2_02_2_2022,3,fp,3,4.0,up,1,499.713,0.0004476571474791857,0.049293119685356365
cell2_02_2_2022,3,fp,3,4.0,up,2,376.785,-0.01042353352743963,0.028002023038897355
cell2_02_2_2022,3,fp,3,4.0,up,3,770.741,0.004543208048638889,0.02025533255295075
cell2_02_2_2022,3,fp,4,6.0,up,1,499.868,0.0007579740430929319,0.049282362903329345
cell2_02_2_2022,3,fp,4,6.0,up,2,384.883,0.010844803124748621,0.028588747777426562
cell2_02_2_2022,3,fp,4,6.0,up,3,737.401,-0.03891039122315495,0.01936889423359833
cell2_02_2_2022,3,fp,5,8.0,up,1,502.478,0.005983310156331799,0.04964716324983098
cell2_02_2_2022,3,fp,5,8.0,up,2,391.835,0.029103320833567276,0.02916832155725701
cell2_02_2_2022,3,fp,5,8.0,up,3,769.789,0.0033024214107640355,0.020263488502554626
cell2_02_2_2022,3,fp,6,10.0,up,1,506.445,0.01392542063955724,0.050052011764350035
cell2_02_2_2022,3,fp,6,10.0,up,2,395.269,0.03812227218743433,0.029431456840787743
cell2_02_2_2022,3,fp,6,10.0,up,3,787.299,0.026124032785962266,0.020729711759295447
cell2_02_2_2022,3,fp,7,12.0,up,1,511.37,0.023785489742124806,0.05054683844002381
cell2_02_2_2022,3,fp,7,12.0,up,2,429.151,0.12710890869638053,0.031959384192045144
cell2_02_2_2022,3,fp,7,12.0,up,3,774.307,0.00919094455143487,0.02039091157997701
cell2_02_2_2022,3,fp,8,14.0,up,1,517.764,0.03658656219731606,0.05117166787661534
cell2_02_2_2022,3,fp,8,14.0,up,2,414.34,0.08820975654084057,0.03085213063069974
cell2_02_2_2022,3,fp,8,14.0,up,3,799.743,0.04234288669532655,0.021057829718761946
cell2_02_2_2022,3,fp,9,16.0,up,1,546.388,0.09389308361698989,0.054015350757001465
cell2_02_2_2022,3,fp,9,16.0,up,2,426.167,0.11927182341975286,0.0317414189346273
cell2_02_2_2022,3,fp,9,16.0,up,3,824.88,0.07510512799391918,0.021725616194765412
cell2_02_2_2022,3,fp,10,18.0,up,1,541.198,0.08350247272514702,0.05360693074371632
cell2_02_2_2022,3,fp,10,18.0,up,2,406.03,0.0663846296478194,0.030300703943328726
cell2_02_2_2022,3,fp,10,18.0,up,3,800.137,0.042856405534951084,0.02111515215720388
cell2_02_2_2022,3,fp,11,20.0,up,1,536.926,0.07494973867313323,0.0531853415830842
cell2_02_2_2022,3,fp,11,20.0,up,2,429.727,0.1286216972752469,0.03207009998714941
cell2_02_2_2022,3,fp,11,20.0,up,3,789.479,0.02896532991891107,0.020834494014915453
cell2_02_2_2022,3,fp,12,22.0,up,1,544.501,0.09011522566845273,0.05390144384845827
cell2_02_2_2022,3,fp,12,22.0,up,2,426.315,0.11966052604071166,0.031795227473328885
cell2_02_2_2022,3,fp,12,22.0,up,3,769.801,0.0033180615784684153,0.02030226885698513
cell2_02_2_2022,3,fp,13,24.0,up,1,546.063,0.09324241915844472,0.05414442059107064
cell2_02_2_2022,3,fp,13,24.0,up,2,426.908,0.1212179628936072,0.03189150620611333
cell2_02_2_2022,3,fp,13,24.0,up,3,811.665,0.05788139330955336,0.021441360513836428
cell2_02_2_2022,3,fp,14,26.0,up,1,550.311,0.1017471041427508,0.05450243856396263
cell2_02_2_2022,3,fp,14,26.0,up,2,429.79,0.1287871585260605,0.032069624316099866
cell2_02_2_2022,3,fp,14,26.0,up,3,798.832,0.04115553729710799,0.021077935504154596
cell2_02_2_2022,3,fp,15,28.0,up,1,564.16,0.1294734182547218,0.055996517149118755
cell2_02_2_2022,3,fp,15,28.0,up,2,427.888,0.12379180457292849,0.03199774910395088
cell2_02_2_2022,3,fp,15,28.0,up,3,828.366,0.07964859671201974,0.02190516124868356
cell2_02_2_2022,3,fp,16,30.0,up,1,549.841,0.10080614323347019,0.054475725641084376
cell2_02_2_2022,3,fp,16,30.0,up,2,454.821,0.19452780248023774,0.03394970975082687
cell2_02_2_2022,3,fp,16,30.0,up,3,811.179,0.05724796651752902,0.021411491424382534
cell2_02_2_2022,3,fp,17,32.0,up,1,566.53,0.13421826369088122,0.056124626728027094
cell2_02_2_2022,3,fp,17,32.0,up,2,475.919,0.24993893691934235,0.03552165011613091
cell2_02_2_2022,3,fp,17,32.0,up,3,816.197,0.06378816331254589,0.021542207031107815
cell2_02_2_2022,3,fp,18,34.0,up,1,574.826,0.1508272247619271,0.05691133135377578
cell2_02_2_2022,3,fp,18,34.0,up,2,464.004,0.21864574956310334,0.03461102474489697
cell2_02_2_2022,3,fp,18,34.0,up,3,812.92,0.0595170941819619,0.021442489280431472
cell2_02_2_2022,3,fp,19,36.0,up,1,546.632,0.09438158247202047,0.054191449226617866
cell2_02_2_2022,3,fp,19,36.0,up,2,452.639,0.18879706519015682,0.0338078767071096
cell2_02_2_2022,3,fp,19,36.0,up,3,786.491,0.025070928160539078,0.02077278812040558
cell2_02_2_2022,3,fp,20,38.0,up,1,587.045,0.1752902063587336,0.058315478641986135
cell2_02_2_2022,3,fp,20,38.0,up,2,467.923,0.2289384899113283,0.03502001832025181
cell2_02_2_2022,3,fp,20,38.0,up,3,879.01,0.1456553178134212,0.023263274800429824
cell2_02_2_2022,3,fp,21,40.0,up,1,575.372,0.15192034105228266,0.05729409845735232
cell2_02_2_2022,3,fp,21,40.0,up,2,475.616,0.24914314709400115,0.035681892886815274
cell2_02_2_2022,3,fp,21,40.0,up,3,861.967,0.12344236963138217,0.022867414429838986
cell2_02_2_2022,3,fp,22,42.0,up,1,612.551,0.2263543530653506,0.061009244073326814
cell2_02_2_2022,3,fp,22,42.0,up,2,483.994,0.2711468670831386,0.03631811216467005
cell2_02_2_2022,3,fp,22,42.0,up,3,830.569,0.08251987083306835,0.02203910446980664
cell2_02_2_2022,3,fp,23,44.0,up,1,583.063,0.16731806520819073,0.05796333942565969
cell2_02_2_2022,3,fp,23,44.0,up,2,481.191,0.2637851546064672,0.036040044652668385
cell2_02_2_2022,3,fp,23,44.0,up,3,811.738,0.057976537663087996,0.021499015849809268
cell2_02_2_2022,3,fp,24,46.0,up,1,571.178,0.14352376647031964,0.05692167216024581
cell2_02_2_2022,3,fp,24,46.0,up,2,473.608,0.2438693980204529,0.03555943436639213
cell2_02_2_2022,3,fp,24,46.0,up,3,824.65,0.07480535811291997,0.02189477734648761
cell2_02_2_2022,3,fp,25,48.0,up,1,596.795,0.1948101401150856,0.05941507928816802
cell2_02_2_2022,3,fp,25,48.0,up,2,453.87,0.1920301255036717,0.0340433597775902
cell2_02_2_2022,3,fp,25,48.0,up,3,832.687,0.08528036043287823,0.02208602906019083
cell2_02_2_2022,3,fp,26,50.0,up,1,568.862,0.13888703143650305,0.05647197549556368
cell2_02_2_2022,3,fp,26,50.0,up,2,459.044,0.20561895902286437,0.034332870640083904
cell2_02_2_2022,3,fp,26,50.0,up,3,846.926,0.10383872276134473,0.022399376735472185
cell2_02_2_2022,3,fp,27,52.0,up,1,579.162,0.1595080896611622,0.05763173175000621
cell2_02_2_2022,3,fp,27,52.0,up,2,458.037,0.20297420537890862,0.034339358391828334
cell2_02_2_2022,3,fp,27,52.0,up,3,817.636,0.06566368008975375,0.02167638153755127
cell2_02_2_2022,3,fp,28,54.0,up,1,575.864,0.15290534694029564,0.057237418254247704
cell2_02_2_2022,3,fp,28,54.0,up,2,447.338,0.17487468280027657,0.033498520553312025
cell2_02_2_2022,3,fp,28,54.0,up,3,831.655,0.08393530601030795,0.02202256166347929
cell2_02_2_2022,3,fp,29,56.0,up,1,576.024,0.15322567405834855,0.05719405713587818
cell2_02_2_2022,3,fp,29,56.0,up,2,452.877,0.18942214102656343,0.033878216723076233
cell2_02_2_2022,3,fp,29,56.0,up,3,830.217,0.08206109258040876,0.021961762482921164
cell2_02_2_2022,3,fp,30,58.0,up,1,576.029,0.15323568428078768,0.05733635617905237
cell2_02_2_2022,3,fp,30,58.0,up,2,437.099,0.14798328998948904,0.03277898948948225
cell2_02_2_2022,3,fp,30,58.0,up,3,831.642,0.08391836249529507,0.02205397389178856
cell6_02_2_2022,3,ca,1,0.0,master,1,553.093,0.011461053959048756,1
cell6_02_2_2022,3,ca,2,2.0,master,1,548.033,0.002207650041384399,1
cell6_02_2_2022,3,ca,3,4.0,master,1,542.516,-0.007881486206393326,1
cell6_02_2_2022,3,ca,4,6.0,master,1,545.658,-0.002135597844871151,1
cell6_02_2_2022,3,ca,5,8.0,master,1,544.829,-0.0036516199491684696,1
cell6_02_2_2022,3,ca,6,10.0,master,1,538.806,-0.014666096588712381,1
cell6_02_2_2022,3,ca,7,12.0,master,1,536.376,-0.019109924952333966,1
cell6_02_2_2022,3,ca,8,14.0,master,1,843.679,0.5428661193381878,1
cell6_02_2_2022,3,ca,9,16.0,master,1,1008.109,0.8435651719432407,1
cell6_02_2_2022,3,ca,10,18.0,master,1,933.66,0.7074176090447818,1
cell6_02_2_2022,3,ca,11,20.0,master,1,888.151,0.624193664600317,1
cell6_02_2_2022,3,ca,12,22.0,master,1,859.549,0.5718881588981355,1
cell6_02_2_2022,3,ca,13,24.0,master,1,831.675,0.5209139729690881,1
cell6_02_2_2022,3,ca,14,26.0,master,1,1289.238,1.357675881423298,1
cell6_02_2_2022,3,ca,15,28.0,master,1,1144.137,1.092324466036533,1
cell6_02_2_2022,3,ca,16,30.0,master,1,1101.796,1.0148939570883453,1
cell6_02_2_2022,3,ca,17,32.0,master,1,1063.816,0.9454385656272987,1
cell6_02_2_2022,3,ca,18,34.0,master,1,1032.95,0.8889928017295455,1
cell6_02_2_2022,3,ca,19,36.0,master,1,1312.229,1.399720349698204,1
cell6_02_2_2022,3,ca,20,38.0,master,1,1239.173,1.266120215981031,1
cell6_02_2_2022,3,ca,21,40.0,master,1,1180.034,1.15797060050934,1
cell6_02_2_2022,3,ca,22,42.0,master,1,1144.392,1.0927907937043206,1
cell6_02_2_2022,3,ca,23,44.0,master,1,1114.654,1.0384078439605449,1
cell6_02_2_2022,3,ca,24,46.0,master,1,1089.003,0.9914989380530327,1
cell6_02_2_2022,3,ca,25,48.0,master,1,1061.655,0.941486667234794,1
cell6_02_2_2022,3,ca,26,50.0,master,1,1035.583,0.8938078634914449,1
cell6_02_2_2022,3,ca,27,52.0,master,1,1009.337,0.8458108596924286,1
cell6_02_2_2022,3,ca,28,54.0,master,1,989.302,0.8091721348919529,1
cell6_02_2_2022,3,ca,29,56.0,master,1,964.562,0.7639292074368109,1
cell6_02_2_2022,3,ca,30,58.0,master,1,945.378,0.7288467369315788,1
cell6_02_2_2022,3,fp,1,0.0,master,1,525.065,0.0020917268006315592,1
cell6_02_2_2022,3,fp,2,2.0,master,1,524.91,0.001795907773169846,1
cell6_02_2_2022,3,fp,3,4.0,master,1,523.85,-0.00022711267269612232,1
cell6_02_2_2022,3,fp,4,6.0,master,1,523.438,-0.0010134187327875297,1
cell6_02_2_2022,3,fp,5,8.0,master,1,522.582,-0.0026471031683171025,1
cell6_02_2_2022,3,fp,6,10.0,master,1,522.36,-0.003070792356036185,1
cell6_02_2_2022,3,fp,7,12.0,master,1,521.005,-0.005656823209006529,1
cell6_02_2_2022,3,fp,8,14.0,master,1,521.773,-0.0041910876406808665,1
cell6_02_2_2022,3,fp,9,16.0,master,1,521.284,-0.0051243489595757495,1
cell6_02_2_2022,3,fp,10,18.0,master,1,520.188,-0.0072160757602070915,1
cell6_02_2_2022,3,fp,11,20.0,master,1,520.165,-0.007259971486862723,1
cell6_02_2_2022,3,fp,12,22.0,master,1,518.829,-0.009809740652595834,1
cell6_02_2_2022,3,fp,13,24.0,master,1,518.593,-0.010260148978279206,1
cell6_02_2_2022,3,fp,14,26.0,master,1,518.807,-0.009851727869396703,1
cell6_02_2_2022,3,fp,15,28.0,master,1,518.056,-0.011285018770194225,1
cell6_02_2_2022,3,fp,16,30.0,master,1,517.265,-0.012794650065175519,1
cell6_02_2_2022,3,fp,17,32.0,master,1,518.042,-0.011311737908158512,1
cell6_02_2_2022,3,fp,18,34.0,master,1,517.033,-0.01323742435144049,1
cell6_02_2_2022,3,fp,19,36.0,master,1,516.353,-0.014535211052562244,1
cell6_02_2_2022,3,fp,20,38.0,master,1,516.398,-0.014449328109105526,1
cell6_02_2_2022,3,fp,21,40.0,master,1,514.085,-0.018863711402773643,1
cell6_02_2_2022,3,fp,22,42.0,master,1,513.96,-0.01910227513459747,1
cell6_02_2_2022,3,fp,23,44.0,master,1,514.559,-0.01795907773169781,1
cell6_02_2_2022,3,fp,24,46.0,master,1,512.83,-0.02125889127028488,1
cell6_02_2_2022,3,fp,25,48.0,master,1,512.538,-0.0218161761478254,1
cell6_02_2_2022,3,fp,26,50.0,master,1,511.524,-0.023751405140380325,1
cell6_02_2_2022,3,fp,27,52.0,master,1,514.075,-0.01888279650131953,1
cell6_02_2_2022,3,fp,28,54.0,master,1,511.925,-0.02298609268868946,1
cell6_02_2_2022,3,fp,29,56.0,master,1,512.403,-0.02207382497819512,1
cell6_02_2_2022,3,fp,30,58.0,master,1,512.045,-0.022757071506138683,1
cell6_02_2_2022,3,fp,1,0.0,down,1,75.798,0.0008397769045507471,0.8046831867071597
cell6_02_2_2022,3,fp,2,2.0,down,1,75.702,-0.0004278108759030975,0.803897356771181
cell6_02_2_2022,3,fp,3,4.0,down,1,75.772,0.0004964718806778934,0.806272156679351
cell6_02_2_2022,3,fp,4,6.0,down,1,75.688,-0.0006126674272192206,0.8060114190008821
cell6_02_2_2022,3,fp,5,8.0,down,1,75.712,-0.00029577048210575944,0.8075853324067228
cell6_02_2_2022,3,fp,6,10.0,down,1,75.644,-0.0011936451599271702,0.8071970427633717
cell6_02_2_2022,3,fp,7,12.0,down,1,75.863,0.0016980394642329751,0.8116475961571352
cell6_02_2_2022,3,fp,8,14.0,down,1,76.135,0.005289538175518805,0.8133518446287104
cell6_02_2_2022,3,fp,9,16.0,down,1,76.695,0.012683800228165794,0.8201067290260804
cell6_02_2_2022,3,fp,10,18.0,down,1,77.355,0.02139846621878579,0.8289052409910078
cell6_02_2_2022,3,fp,11,20.0,down,1,77.191,0.01923300376051053,0.827183466015362
cell6_02_2_2022,3,fp,12,22.0,down,1,76.926,0.01573393332488286,0.8264678237481969
cell6_02_2_2022,3,fp,13,24.0,down,1,76.927,0.01574713736426265,0.8268554527269399
cell6_02_2_2022,3,fp,14,26.0,down,1,77.819,0.02752514049097912,0.836096805290981
cell6_02_2_2022,3,fp,15,28.0,down,1,78.566,0.03738855790763522,0.8453470475710774
cell6_02_2_2022,3,fp,16,30.0,down,1,78.434,0.03564562470951119,0.8452186731231416
cell6_02_2_2022,3,fp,17,32.0,down,1,78.508,0.036622723623610964,0.8447514963902876
cell6_02_2_2022,3,fp,18,34.0,down,1,78.429,0.03557960451261261,0.8455431021222477
cell6_02_2_2022,3,fp,19,36.0,down,1,78.802,0.04050471120125086,0.8506878510732521
cell6_02_2_2022,3,fp,20,38.0,down,1,79.911,0.05514799087336809,0.8625853252663531
cell6_02_2_2022,3,fp,21,40.0,down,1,80.36,0.06107660455486551,0.8713349409592647
cell6_02_2_2022,3,fp,22,42.0,down,1,80.505,0.06299119026492588,0.8731188525885476
cell6_02_2_2022,3,fp,23,44.0,down,1,79.719,0.0526128153124604,0.8635831416154292
cell6_02_2_2022,3,fp,24,46.0,down,1,79.359,0.047859361135758664,0.8625828367677085
cell6_02_2_2022,3,fp,25,48.0,down,1,79.436,0.04887607216799782,0.8639105553192258
cell6_02_2_2022,3,fp,26,50.0,down,1,79.517,0.049945599357755555,0.866505280928304
cell6_02_2_2022,3,fp,27,52.0,down,1,79.641,0.051582900240841834,0.8635508783456365
cell6_02_2_2022,3,fp,28,54.0,down,1,79.735,0.0528240799425361,0.868201740002612
cell6_02_2_2022,3,fp,29,56.0,down,1,79.544,0.0503021084210082,0.8653116628650184
cell6_02_2_2022,3,fp,30,58.0,down,1,79.371,0.0480178096083154,0.8640364578769032
cell6_02_2_2022,3,fp,1,0.0,up,1,647.591,-0.0012988230707496901,0.05696761043360637
cell6_02_2_2022,3,fp,1,0.0,up,2,304.395,-0.03263173617489196,0.024524391456656785
cell6_02_2_2022,3,fp,2,2.0,up,1,647.557,-0.0013512571533968955,0.05698143173538133
cell6_02_2_2022,3,fp,2,2.0,up,2,317.978,0.010535080387589255,0.02562630024971434
cell6_02_2_2022,3,fp,3,4.0,up,1,658.749,0.015908809110946148,0.05808358570043413
cell6_02_2_2022,3,fp,3,4.0,up,2,311.052,-0.011475769315108512,0.02511885547030737
cell6_02_2_2022,3,fp,4,6.0,up,1,639.508,-0.013764255130675014,0.05643136334951753
cell6_02_2_2022,3,fp,4,6.0,up,2,319.272,0.01464741644235255,0.02580294714536557
cell6_02_2_2022,3,fp,5,8.0,up,1,648.761,0.0005055262438750993,0.0573416403941122
cell6_02_2_2022,3,fp,5,8.0,up,2,320.618,0.018925008660058487,0.025954146180629033
cell6_02_2_2022,3,fp,6,10.0,up,1,636.851,-0.017861824471665018,0.056312920702909525
cell6_02_2_2022,3,fp,6,10.0,up,2,337.28,0.0718768968706202,0.027314585128742675
cell6_02_2_2022,3,fp,7,12.0,up,1,659.842,0.017594410650164007,0.05849766104323809
cell6_02_2_2022,3,fp,7,12.0,up,2,331.654,0.053997451241486874,0.026928815299349047
cell6_02_2_2022,3,fp,8,14.0,up,1,661.317,0.019869124529712467,0.058542011660184745
cell6_02_2_2022,3,fp,8,14.0,up,2,327.745,0.041574636992592055,0.026572257758289048
cell6_02_2_2022,3,fp,9,16.0,up,1,672.804,0.037584133569965136,0.059614818822515576
cell6_02_2_2022,3,fp,9,16.0,up,2,345.056,0.09658904923680246,0.028002000484804817
cell6_02_2_2022,3,fp,10,18.0,up,1,678.9,0.046985256152831036,0.06028173591411727
cell6_02_2_2022,3,fp,10,18.0,up,2,353.542,0.12355758382777753,0.028751125720227543
cell6_02_2_2022,3,fp,11,20.0,up,1,659.275,0.016719995213076568,0.05854173852021348
cell6_02_2_2022,3,fp,11,20.0,up,2,352.355,0.11978529410830001,0.028655891614601595
cell6_02_2_2022,3,fp,12,22.0,up,1,658.631,0.015726832000582194,0.058635185616519106
cell6_02_2_2022,3,fp,12,22.0,up,2,364.887,0.15961202937746094,0.02975146917634067
cell6_02_2_2022,3,fp,13,24.0,up,1,657.48,0.013951784085083801,0.058559401495036495
cell6_02_2_2022,3,fp,13,24.0,up,2,379.116,0.20483183596419016,0.030925695207353235
cell6_02_2_2022,3,fp,14,26.0,up,1,707.76,0.09149253924691075,0.06301165222215097
cell6_02_2_2022,3,fp,14,26.0,up,2,385.548,0.22527275211893355,0.031437449987388164
cell6_02_2_2022,3,fp,15,28.0,up,1,712.732,0.09916025274461565,0.06354629381218187
cell6_02_2_2022,3,fp,15,28.0,up,2,414.082,0.31595389353053893,0.033812987840423955
cell6_02_2_2022,3,fp,16,30.0,up,1,688.751,0.06217726051041174,0.061502028994161635
cell6_02_2_2022,3,fp,16,30.0,up,2,412.778,0.3118097774444406,0.03375802431350272
cell6_02_2_2022,3,fp,17,32.0,up,1,706.12,0.08896336584863321,0.06295843269615885
cell6_02_2_2022,3,fp,17,32.0,up,2,408.953,0.2996539154587605,0.03339510780341415
cell6_02_2_2022,3,fp,18,34.0,up,1,718.507,0.10806633590013572,0.06418789328710882
cell6_02_2_2022,3,fp,18,34.0,up,2,414.33,0.3167420383076497,0.03390015284731295
cell6_02_2_2022,3,fp,19,36.0,up,1,701.825,0.08233970746716852,0.06278011109240311
cell6_02_2_2022,3,fp,19,36.0,up,2,404.572,0.28573108373084855,0.033145397914449246
cell6_02_2_2022,3,fp,20,38.0,up,1,773.206,0.19242197962719976,0.0691592937253064
cell6_02_2_2022,3,fp,20,38.0,up,2,419.222,0.3322888296367859,0.034342642382426534
cell6_02_2_2022,3,fp,21,40.0,up,1,749.69,0.1561561005821417,0.06735757859309771
cell6_02_2_2022,3,fp,21,40.0,up,2,435.71,0.38468774530211675,0.03585387982987766
cell6_02_2_2022,3,fp,22,42.0,up,1,746.476,0.1511995375930781,0.06708515585114098
cell6_02_2_2022,3,fp,22,42.0,up,2,428.019,0.36024572320228304,0.03522955528024327
cell6_02_2_2022,3,fp,23,44.0,up,1,716.64,0.10518708789124295,0.0643289009726681
cell6_02_2_2022,3,fp,23,44.0,up,2,414.235,0.31644012800996624,0.034055342827668804
cell6_02_2_2022,3,fp,24,46.0,up,1,722.84,0.11474859707985335,0.06510418646708029
cell6_02_2_2022,3,fp,24,46.0,up,2,421.615,0.33989379113527807,0.03477891246351416
cell6_02_2_2022,3,fp,25,48.0,up,1,690.109,0.06427153945849777,0.062191584399360844
cell6_02_2_2022,3,fp,25,48.0,up,2,406.428,0.2916294575466451,0.03354530833900461
cell6_02_2_2022,3,fp,26,50.0,up,1,715.16,0.10290466311718756,0.06457698355243867
cell6_02_2_2022,3,fp,26,50.0,up,2,417.418,0.326555711983932,0.034520700144580356
cell6_02_2_2022,3,fp,27,52.0,up,1,735.208,0.1338222657322295,0.06605783691866919
cell6_02_2_2022,3,fp,27,52.0,up,2,418.767,0.33084283821103844,0.034460433838447
cell6_02_2_2022,3,fp,28,54.0,up,1,724.78,0.11774042414854746,0.06539435066769661
cell6_02_2_2022,3,fp,28,54.0,up,2,437.343,0.3898774244191405,0.03614014514406879
cell6_02_2_2022,3,fp,29,56.0,up,1,716.472,0.10492800183580964,0.0645843836528956
cell6_02_2_2022,3,fp,29,56.0,up,2,429.128,0.36377012867734676,0.03542818987734611
cell6_02_2_2022,3,fp,30,58.0,up,1,710.512,0.09573661558353255,0.06409198966553577
cell6_02_2_2022,3,fp,30,58.0,up,2,440.141,0.3987694771867045,0.036362820997028436
cell1_02_2_2022,3,ca,1,0.0,master,1,167.339,0.021433506930456217,1
cell1_02_2_2022,3,ca,2,2.0,master,1,163.822,-3.4182274537299875e-05,1
cell1_02_2_2022,3,ca,3,4.0,master,1,164.35,0.0031887178961298624,1
cell1_02_2_2022,3,ca,4,6.0,master,1,162.416,-0.008616374774457985,1
cell1_02_2_2022,3,ca,5,8.0,master,1,161.211,-0.01597166777759045,1
cell1_02_2_2022,3,ca,6,10.0,master,1,158.308,-0.03369151473866429,1
cell1_02_2_2022,3,ca,7,12.0,master,1,157.166,-0.0406622571532513,1
cell1_02_2_2022,3,ca,8,14.0,master,1,705.995,3.3093776628602267,1
cell1_02_2_2022,3,ca,9,16.0,master,1,534.927,2.2651824234744335,1
cell1_02_2_2022,3,ca,10,18.0,master,1,500.297,2.0538016793263165,1
cell1_02_2_2022,3,ca,11,20.0,master,1,480.227,1.9312948489753865,1
cell1_02_2_2022,3,ca,12,22.0,master,1,457.872,1.7948404298176865,1
cell1_02_2_2022,3,ca,13,24.0,master,1,441.367,1.6940942795963563,1
cell1_02_2_2022,3,ca,14,26.0,master,1,614.823,2.752865817481304,1
cell1_02_2_2022,3,ca,15,28.0,master,1,567.767,2.4656370477257807,1
cell1_02_2_2022,3,ca,16,30.0,master,1,536.301,2.2735692886912835,1
cell1_02_2_2022,3,ca,17,32.0,master,1,507.861,2.099972165862163,1
cell1_02_2_2022,3,ca,18,34.0,master,1,484.741,1.9588482038435528,1
cell1_02_2_2022,3,ca,19,36.0,master,1,573.403,2.5000390654566145,1
cell1_02_2_2022,3,ca,20,38.0,master,1,495.756,2.0260835170630593,1
cell1_02_2_2022,3,ca,21,40.0,master,1,467.174,1.8516196294153124,1
cell1_02_2_2022,3,ca,22,42.0,master,1,442.611,1.7016876277257316,1
cell1_02_2_2022,3,ca,23,44.0,master,1,424.18,1.5891852166545808,1
cell1_02_2_2022,3,ca,24,46.0,master,1,403.188,1.4610505189601752,1
cell1_02_2_2022,3,ca,25,48.0,master,1,382.514,1.3348568861412853,1
cell1_02_2_2022,3,ca,26,50.0,master,1,363.458,1.2185394890726595,1
cell1_02_2_2022,3,ca,27,52.0,master,1,347.961,1.1239461482680575,1
cell1_02_2_2022,3,ca,28,54.0,master,1,333.586,1.0362014703261235,1
cell1_02_2_2022,3,ca,29,56.0,master,1,319.626,0.9509899430865129,1
cell1_02_2_2022,3,ca,30,58.0,master,1,303.767,0.8541869623921733,1
cell1_02_2_2022,3,fp,1,0.0,master,1,235.365,0.007393501730885978,1
cell1_02_2_2022,3,fp,2,2.0,master,1,234.412,0.0033145349892313683,1
cell1_02_2_2022,3,fp,3,4.0,master,1,235.56,0.008228127664382955,1
cell1_02_2_2022,3,fp,4,6.0,master,1,231.804,-0.007848051854667065,1
cell1_02_2_2022,3,fp,5,8.0,master,1,231.047,-0.011088112529832385,1
cell1_02_2_2022,3,fp,6,10.0,master,1,232.571,-0.004565189849578859,1
cell1_02_2_2022,3,fp,7,12.0,master,1,231.212,-0.010381890586104184,1
cell1_02_2_2022,3,fp,8,14.0,master,1,226.307,-0.0313759429132981,1
cell1_02_2_2022,3,fp,9,16.0,master,1,221.945,-0.05004588302567725,1
cell1_02_2_2022,3,fp,10,18.0,master,1,217.964,-0.06708509246799303,1
cell1_02_2_2022,3,fp,11,20.0,master,1,219.733,-0.059513537204627855,1
cell1_02_2_2022,3,fp,12,22.0,master,1,215.595,-0.07722472752673357,1
cell1_02_2_2022,3,fp,13,24.0,master,1,217.222,-0.0702609511482739,1
cell1_02_2_2022,3,fp,14,26.0,master,1,210.232,-0.10017908076439737,1
cell1_02_2_2022,3,fp,15,28.0,master,1,207.365,-0.11245022205329946,1
cell1_02_2_2022,3,fp,16,30.0,master,1,206.181,-0.11751789951617359,1
cell1_02_2_2022,3,fp,17,32.0,master,1,205.819,-0.1190673076593835,1
cell1_02_2_2022,3,fp,18,34.0,master,1,204.609,-0.12424626858005715,1
cell1_02_2_2022,3,fp,19,36.0,master,1,200.72,-0.1408917057870821,1
cell1_02_2_2022,3,fp,20,38.0,master,1,199.396,-0.1465586018688772,1
cell1_02_2_2022,3,fp,21,40.0,master,1,197.75,-0.15360370077419033,1
cell1_02_2_2022,3,fp,22,42.0,master,1,196.51,-0.15891106568463287,1
cell1_02_2_2022,3,fp,23,44.0,master,1,194.943,-0.16561803408355485,1
cell1_02_2_2022,3,fp,24,46.0,master,1,194.328,-0.1682503158738147,1
cell1_02_2_2022,3,fp,25,48.0,master,1,196.666,-0.15824336493783522,1
cell1_02_2_2022,3,fp,26,50.0,master,1,195.501,-0.16322971987385576,1
cell1_02_2_2022,3,fp,27,52.0,master,1,195.179,-0.16460792269737393,1
cell1_02_2_2022,3,fp,28,54.0,master,1,195.026,-0.1652627830451946,1
cell1_02_2_2022,3,fp,29,56.0,master,1,195.419,-0.16358069077922371,1
cell1_02_2_2022,3,fp,30,58.0,master,1,193.859,-0.17025769824719977,1
cell1_02_2_2022,3,fp,1,0.0,down,1,58.074,9.988255189576374e-05,1.1535915982791187
cell1_02_2_2022,3,fp,2,2.0,down,1,58.123,0.0009437179041195193,1.159247442892735
cell1_02_2_2022,3,fp,3,4.0,down,1,57.887,-0.003120468690264276,1.1489039589997958
cell1_02_2_2022,3,fp,4,6.0,down,1,58.127,0.0010126024226684823,1.1723690681680041
cell1_02_2_2022,3,fp,5,8.0,down,1,58.13,0.0010642658115801432,1.1762737845187894
cell1_02_2_2022,3,fp,6,10.0,down,1,58.207,0.0023902927936460274,1.1701026125665366
cell1_02_2_2022,3,fp,7,12.0,down,1,58.846,0.013394594631829331,1.1899114485132734
cell1_02_2_2022,3,fp,8,14.0,down,1,59.559,0.025673260063166982,1.2304213521846468
cell1_02_2_2022,3,fp,9,16.0,down,1,62.433,0.07516678664053639,1.3151495927233208
cell1_02_2_2022,3,fp,10,18.0,down,1,62.636,0.07866267595689204,1.3435264461317715
cell1_02_2_2022,3,fp,11,20.0,down,1,62.434,0.07518400777017356,1.3284205627305778
cell1_02_2_2022,3,fp,12,22.0,down,1,61.865,0.06538518500659564,1.3415606701632108
cell1_02_2_2022,3,fp,13,24.0,down,1,61.431,0.057911214744042226,1.322173407932942
cell1_02_2_2022,3,fp,14,26.0,down,1,63.485,0.09328341501889148,1.4118244897447736
cell1_02_2_2022,3,fp,15,28.0,down,1,63.876,0.10001687670704434,1.4401605034132434
cell1_02_2_2022,3,fp,16,30.0,down,1,64.109,0.10402939991251649,1.453721214204716
cell1_02_2_2022,3,fp,17,32.0,down,1,64.128,0.10435660137562375,1.456700381470831
cell1_02_2_2022,3,fp,18,34.0,down,1,64.064,0.10325444907884157,1.4638545659402198
cell1_02_2_2022,3,fp,19,36.0,down,1,64.509,0.11091785176740446,1.5025823653284545
cell1_02_2_2022,3,fp,20,38.0,down,1,64.379,0.10867910491456598,1.50951474022603
cell1_02_2_2022,3,fp,21,40.0,down,1,64.929,0.11815072621503675,1.5350682564253328
cell1_02_2_2022,3,fp,22,42.0,down,1,65.104,0.12116442390155015,1.5489236376264457
cell1_02_2_2022,3,fp,23,44.0,down,1,64.868,0.11710023730716623,1.55570811597808
cell1_02_2_2022,3,fp,24,46.0,down,1,64.81,0.11610141178820761,1.55924940734121
cell1_02_2_2022,3,fp,25,48.0,down,1,64.58,0.11214055197164702,1.5352329135362746
cell1_02_2_2022,3,fp,26,50.0,down,1,64.801,0.11594642162147263,1.5496654265045873
cell1_02_2_2022,3,fp,27,52.0,down,1,64.708,0.11434485656521114,1.5499925715860017
cell1_02_2_2022,3,fp,28,54.0,down,1,64.904,0.11772019797410616,1.5559115524177862
cell1_02_2_2022,3,fp,29,56.0,down,1,64.365,0.10843800909964472,1.5399061181693052
cell1_02_2_2022,3,fp,30,58.0,down,1,64.322,0.10769750052524442,1.5512444023670826
cell1_02_2_2022,3,fp,1,0.0,up,1,225.738,-0.04097577140235269,0.022043266849438664
cell1_02_2_2022,3,fp,2,2.0,up,1,247.872,0.05305820726220684,0.02430303403153767
cell1_02_2_2022,3,fp,3,4.0,up,1,245.33,0.04225878674330785,0.02393649770550544
cell1_02_2_2022,3,fp,4,6.0,up,1,222.356,-0.055343843862980704,0.022046576535708563
cell1_02_2_2022,3,fp,5,8.0,up,1,235.619,0.0010026212598191816,0.0234381108573706
cell1_02_2_2022,3,fp,6,10.0,up,1,235.382,-4.248395168624553e-06,0.023261026044929894
cell1_02_2_2022,3,fp,7,12.0,up,1,246.563,0.04749705798634569,0.024509228487049135
cell1_02_2_2022,3,fp,8,14.0,up,1,262.906,0.11692858022881868,0.026700158100852522
cell1_02_2_2022,3,fp,9,16.0,up,1,325.862,0.38439054647107074,0.03374424585833577
cell1_02_2_2022,3,fp,10,18.0,up,1,308.716,0.3115475629081116,0.03255272336723748
cell1_02_2_2022,3,fp,11,20.0,up,1,285.783,0.21411911650374088,0.02989188081381826
cell1_02_2_2022,3,fp,12,22.0,up,1,252.255,0.07167892328672851,0.026891325841606317
cell1_02_2_2022,3,fp,13,24.0,up,1,255.782,0.0866630130468217,0.027063061940618638
cell1_02_2_2022,3,fp,14,26.0,up,1,318.608,0.3535726879171394,0.03483133246784438
cell1_02_2_2022,3,fp,15,28.0,up,1,310.404,0.3187188539529194,0.03440354853011828
cell1_02_2_2022,3,fp,16,30.0,up,1,303.247,0.2883130897303545,0.033803431753802966
cell1_02_2_2022,3,fp,17,32.0,up,1,292.025,0.24063759914692226,0.03260971737704406
cell1_02_2_2022,3,fp,18,34.0,up,1,289.727,0.23087478704919215,0.03254433587568584
cell1_02_2_2022,3,fp,19,36.0,up,1,283.013,0.20235106188637242,0.032406137609790664
cell1_02_2_2022,3,fp,20,38.0,up,1,302.588,0.28551339731416475,0.03487758177207851
cell1_02_2_2022,3,fp,21,40.0,up,1,295.811,0.25672202325571514,0.034380262341063325
cell1_02_2_2022,3,fp,22,42.0,up,1,309.053,0.3129792720799719,0.03614597065502776
cell1_02_2_2022,3,fp,23,44.0,up,1,272.546,0.15788310965532776,0.03213252386570657
cell1_02_2_2022,3,fp,24,46.0,up,1,280.249,0.19060849764001667,0.03314516177942406
cell1_02_2_2022,3,fp,25,48.0,up,1,287.126,0.2198247112153384,0.03355490938851412
cell1_02_2_2022,3,fp,26,50.0,up,1,282.233,0.199037313654767,0.03317957081906431
cell1_02_2_2022,3,fp,27,52.0,up,1,271.85,0.1549262266178953,0.032011670665145764
cell1_02_2_2022,3,fp,28,54.0,up,1,265.176,0.12657243726182438,0.03125029026925962
cell1_02_2_2022,3,fp,29,56.0,up,1,261.394,0.11050500673370646,0.03074261043839536
cell1_02_2_2022,3,fp,30,58.0,up,1,267.772,0.13760127111983453,0.03174606521075492
