,id,roi,int,time
0,Fluorescence 435nm_ch0,1,0.0021364532986744146,0.0
1,Fluorescence 435nm_ch0,1,0.002099079789280328,5.038759689922481
2,Fluorescence 435nm_ch0,1,0.0021557023690940095,10.077519379844961
3,Fluorescence 435nm_ch0,1,0.0021187180329802534,15.116279069767442
4,Fluorescence 435nm_ch0,1,0.0021335047999775213,20.155038759689923
5,Fluorescence 435nm_ch0,1,0.0023473172019912053,25.1937984496124
6,Fluorescence 435nm_ch0,1,0.0023763011773997433,30.232558139534884
7,Fluorescence 435nm_ch0,1,0.002402810529638046,35.27131782945737
8,Fluorescence 435nm_ch0,1,0.0024028950447608066,40.310077519379846
9,Fluorescence 435nm_ch0,1,0.00235081212635926,45.348837209302324
10,Fluorescence 435nm_ch0,1,0.0023381839648425563,50.3875968992248
11,Fluorescence 435nm_ch0,1,0.002316421017512595,55.42635658914729
12,Fluorescence 435nm_ch0,1,0.002292792374145131,60.46511627906977
13,Fluorescence 435nm_ch0,1,0.0022392486391158324,65.50387596899225
14,Fluorescence 435nm_ch0,1,0.0022001801119747887,70.54263565891473
15,Fluorescence 435nm_ch0,1,0.002158410870766036,75.5813953488372
16,Fluorescence 435nm_ch0,1,0.0021198067607461346,80.62015503875969
17,Fluorescence 435nm_ch0,1,0.0021288451242141996,85.65891472868218
18,Fluorescence 435nm_ch0,1,0.0020696701582675068,90.69767441860465
19,Fluorescence 435nm_ch0,1,0.0020300981622622333,95.73643410852713
20,Fluorescence 435nm_ch0,1,0.001998284471983944,100.7751937984496
21,Fluorescence 435nm_ch0,1,0.0020010962616192457,105.81395348837209
22,Fluorescence 435nm_ch0,1,0.001964550280078864,110.85271317829458
23,Fluorescence 435nm_ch0,1,0.0019402921717676508,115.89147286821705
24,Fluorescence 435nm_ch0,1,0.0019231242344700005,120.93023255813954
25,Fluorescence 435nm_ch0,1,0.0019214657700343815,125.96899224806202
26,Fluorescence 435nm_ch0,1,0.0018878089135866407,131.0077519379845
27,Fluorescence 435nm_ch0,1,0.0018669699591120183,136.04651162790697
28,Fluorescence 435nm_ch0,1,0.0018425428422166172,141.08527131782947
29,Fluorescence 435nm_ch0,1,0.001835579975626549,146.12403100775194
30,Fluorescence 435nm_ch0,1,0.0017990025984071483,151.1627906976744
31,Fluorescence 435nm_ch0,1,0.0017783404795810127,156.2015503875969
32,Fluorescence 435nm_ch0,1,0.001779627149115208,161.24031007751938
33,Fluorescence 435nm_ch0,1,0.0017562072330799868,166.27906976744185
34,Fluorescence 435nm_ch0,1,0.0017542552558274767,171.31782945736435
35,Fluorescence 435nm_ch0,1,0.0017367377845776042,176.35658914728683
36,Fluorescence 435nm_ch0,1,0.0017291650503375108,181.3953488372093
37,Fluorescence 435nm_ch0,1,0.001713435505902674,186.4341085271318
38,Fluorescence 435nm_ch0,1,0.001726418794533001,191.47286821705427
39,Fluorescence 435nm_ch0,1,0.0016993303731175204,196.51162790697674
40,Fluorescence 435nm_ch0,1,0.0016857798816489668,201.5503875968992
41,Fluorescence 435nm_ch0,1,0.001673445959855821,206.5891472868217
42,Fluorescence 435nm_ch0,1,0.0016726475768030415,211.62790697674419
43,Fluorescence 435nm_ch0,1,0.001654329189769927,216.66666666666666
44,Fluorescence 435nm_ch0,1,0.0016524096323438857,221.70542635658916
45,Fluorescence 435nm_ch0,1,0.0016390605833895484,226.74418604651163
46,Fluorescence 435nm_ch0,1,0.0016146095654092651,231.7829457364341
47,Fluorescence 435nm_ch0,1,0.001615469516250938,236.8217054263566
48,Fluorescence 435nm_ch0,1,0.0016107261849491496,241.86046511627907
49,Fluorescence 435nm_ch0,1,0.0016077334909519478,246.89922480620154
50,Fluorescence 435nm_ch0,1,0.0015966469339112259,251.93798449612405
51,Fluorescence 435nm_ch0,1,0.001591981880955154,256.9767441860465
52,Fluorescence 435nm_ch0,1,0.0015714554537673028,262.015503875969
53,Fluorescence 435nm_ch0,1,0.0015737568916125897,267.05426356589146
54,Fluorescence 435nm_ch0,1,0.0015720353586702633,272.09302325581393
55,Fluorescence 435nm_ch0,1,0.001557633360100859,277.13178294573646
56,Fluorescence 435nm_ch0,1,0.0015513380879793347,282.17054263565893
57,Fluorescence 435nm_ch0,1,0.0015371041437483358,287.2093023255814
58,Fluorescence 435nm_ch0,1,0.0015525065525930685,292.2480620155039
59,Fluorescence 435nm_ch0,1,0.0015468045654338353,297.28682170542635
60,Fluorescence 435nm_ch0,1,0.0015410519387208139,302.3255813953488
61,Fluorescence 435nm_ch0,1,0.0015370756398680478,307.36434108527135
62,Fluorescence 435nm_ch0,1,0.0015226432478415348,312.4031007751938
63,Fluorescence 435nm_ch0,1,0.0015248467231718948,317.4418604651163
64,Fluorescence 435nm_ch0,1,0.0015270835937576414,322.48062015503876
65,Fluorescence 435nm_ch0,1,0.00151113593342233,327.51937984496124
66,Fluorescence 435nm_ch0,1,0.0014965895434515067,332.5581395348837
67,Fluorescence 435nm_ch0,1,0.0015029467856767253,337.5968992248062
68,Fluorescence 435nm_ch0,1,0.001495377665398226,342.6356589147287
69,Fluorescence 435nm_ch0,1,0.0015087463158186961,347.6744186046512
70,Fluorescence 435nm_ch0,1,0.0015087597039730638,352.71317829457365
71,Fluorescence 435nm_ch0,1,0.0014945737820818777,357.7519379844961
72,Fluorescence 435nm_ch0,1,0.001498720485945735,362.7906976744186
73,Fluorescence 435nm_ch0,1,0.0014793592680761194,367.82945736434107
74,Fluorescence 435nm_ch0,1,0.0014883318332152404,372.8682170542636
75,Fluorescence 435nm_ch0,1,0.0014856141606527371,377.90697674418607
76,Fluorescence 435nm_ch0,1,0.0014928104447435172,382.94573643410854
77,Fluorescence 435nm_ch0,1,0.0014872641033548575,387.984496124031
78,Fluorescence 435nm_ch0,1,0.0014739082447579107,393.0232558139535
79,Fluorescence 435nm_ch0,1,0.0014648813200003395,398.06201550387595
80,Fluorescence 435nm_ch0,1,0.00147130815795155,403.1007751937984
81,Fluorescence 435nm_ch0,1,0.0014679170091753304,408.13953488372096
82,Fluorescence 435nm_ch0,1,0.0014672674340254056,413.1782945736434
83,Fluorescence 435nm_ch0,1,0.0014730084027574503,418.2170542635659
84,Fluorescence 435nm_ch0,1,0.0014679190230985622,423.25581395348837
85,Fluorescence 435nm_ch0,1,0.0014594887536462848,428.29457364341084
86,Fluorescence 435nm_ch0,1,0.0014667830424114317,433.3333333333333
87,Fluorescence 435nm_ch0,1,0.001464330963983518,438.37209302325584
88,Fluorescence 435nm_ch0,1,0.0014623171830885808,443.4108527131783
89,Fluorescence 435nm_ch0,1,0.0014675422065283615,448.4496124031008
90,Fluorescence 435nm_ch0,1,0.001466050125558227,453.48837209302326
91,Fluorescence 435nm_ch0,1,0.0014553719740758519,458.52713178294573
92,Fluorescence 435nm_ch0,1,0.0014709787879960386,463.5658914728682
93,Fluorescence 435nm_ch0,1,0.0014633540633780613,468.60465116279073
94,Fluorescence 435nm_ch0,1,0.0014843068539654707,473.6434108527132
95,Fluorescence 435nm_ch0,1,0.0014848877004401953,478.6821705426357
96,Fluorescence 435nm_ch0,1,0.0014643745194645274,483.72093023255815
97,Fluorescence 435nm_ch0,1,0.001458326252573386,488.7596899224806
98,Fluorescence 435nm_ch0,1,0.0014673191222341724,493.7984496124031
99,Fluorescence 435nm_ch0,1,0.0014738580490539293,498.83720930232556
100,Fluorescence 435nm_ch0,1,0.0014634062615465609,503.8759689922481
101,Fluorescence 435nm_ch0,1,0.0014606726490667481,508.91472868217056
102,Fluorescence 435nm_ch0,1,0.0014523757258051455,513.953488372093
103,Fluorescence 435nm_ch0,1,0.0014619729937135457,518.9922480620155
104,Fluorescence 435nm_ch0,1,0.0014541737242288462,524.031007751938
105,Fluorescence 435nm_ch0,1,0.0014496696861784064,529.0697674418604
106,Fluorescence 435nm_ch0,1,0.0014526741303560104,534.1085271317829
107,Fluorescence 435nm_ch0,1,0.0014411550835241244,539.1472868217054
108,Fluorescence 435nm_ch0,1,0.0014550843877183652,544.1860465116279
109,Fluorescence 435nm_ch0,1,0.0014531745761747106,549.2248062015505
110,Fluorescence 435nm_ch0,1,0.001446996099524067,554.2635658914729
111,Fluorescence 435nm_ch0,1,0.0014448568566254858,559.3023255813954
112,Fluorescence 435nm_ch0,1,0.0014313793287821159,564.3410852713179
113,Fluorescence 435nm_ch0,1,0.0014375940491843263,569.3798449612403
114,Fluorescence 435nm_ch0,1,0.0014288246880726596,574.4186046511628
115,Fluorescence 435nm_ch0,1,0.001442459235972063,579.4573643410853
116,Fluorescence 435nm_ch0,1,0.0014401840010228575,584.4961240310078
117,Fluorescence 435nm_ch0,1,0.0014282547030973385,589.5348837209302
118,Fluorescence 435nm_ch0,1,0.0014418391714589567,594.5736434108527
119,Fluorescence 435nm_ch0,1,0.0014223202769975023,599.6124031007752
120,Fluorescence 435nm_ch0,1,0.0014268979101198765,604.6511627906976
121,Fluorescence 435nm_ch0,1,0.0014355150680055455,609.6899224806201
122,Fluorescence 435nm_ch0,1,0.0014222763590473388,614.7286821705427
123,Fluorescence 435nm_ch0,1,0.001433718442600616,619.7674418604652
124,Fluorescence 435nm_ch0,1,0.001418410905824058,624.8062015503876
125,Fluorescence 435nm_ch0,1,0.0014119604881286066,629.8449612403101
126,Fluorescence 435nm_ch0,1,0.0014250845486153815,634.8837209302326
127,Fluorescence 435nm_ch0,1,0.0014218084491479871,639.922480620155
128,Fluorescence 435nm_ch0,1,0.0014213727150082704,644.9612403100775
129,Fluorescence 435nm_ch0,1,0.0014289553422907684,650.0
130,Fluorescence 435nm_ch0,2,0.0018881740398322118,0.0
131,Fluorescence 435nm_ch0,2,0.001890988589237272,5.038759689922481
132,Fluorescence 435nm_ch0,2,0.0018764253611747534,10.077519379844961
133,Fluorescence 435nm_ch0,2,0.0018999658743139053,15.116279069767442
134,Fluorescence 435nm_ch0,2,0.001893263152483439,20.155038759689923
135,Fluorescence 435nm_ch0,2,0.002170737709488654,25.1937984496124
136,Fluorescence 435nm_ch0,2,0.0021530686448004072,30.232558139534884
137,Fluorescence 435nm_ch0,2,0.002150787378597403,35.27131782945737
138,Fluorescence 435nm_ch0,2,0.00213963782126743,40.310077519379846
139,Fluorescence 435nm_ch0,2,0.0021119736708522774,45.348837209302324
140,Fluorescence 435nm_ch0,2,0.002070409373260633,50.3875968992248
141,Fluorescence 435nm_ch0,2,0.002053409581886901,55.42635658914729
142,Fluorescence 435nm_ch0,2,0.0020452533537413473,60.46511627906977
143,Fluorescence 435nm_ch0,2,0.0020206545039386545,65.50387596899225
144,Fluorescence 435nm_ch0,2,0.001989674365527471,70.54263565891473
145,Fluorescence 435nm_ch0,2,0.0019440967938614802,75.5813953488372
146,Fluorescence 435nm_ch0,2,0.0019213435107637358,80.62015503875969
147,Fluorescence 435nm_ch0,2,0.0019358890796464063,85.65891472868218
148,Fluorescence 435nm_ch0,2,0.001908354667650044,90.69767441860465
149,Fluorescence 435nm_ch0,2,0.0018528509484490245,95.73643410852713
150,Fluorescence 435nm_ch0,2,0.0018532372005977578,100.7751937984496
151,Fluorescence 435nm_ch0,2,0.0018391425812309778,105.81395348837209
152,Fluorescence 435nm_ch0,2,0.0018440868261043225,110.85271317829458
153,Fluorescence 435nm_ch0,2,0.0018550022105690487,115.89147286821705
154,Fluorescence 435nm_ch0,2,0.0018316791703138133,120.93023255813954
155,Fluorescence 435nm_ch0,2,0.0018206906374685762,125.96899224806202
156,Fluorescence 435nm_ch0,2,0.001801269297602942,131.0077519379845
157,Fluorescence 435nm_ch0,2,0.0017642104693753617,136.04651162790697
158,Fluorescence 435nm_ch0,2,0.0017321756135987585,141.08527131782947
159,Fluorescence 435nm_ch0,2,0.0017184257542772789,146.12403100775194
160,Fluorescence 435nm_ch0,2,0.0017020132413889284,151.1627906976744
161,Fluorescence 435nm_ch0,2,0.0017040196849721573,156.2015503875969
162,Fluorescence 435nm_ch0,2,0.001675630396296177,161.24031007751938
163,Fluorescence 435nm_ch0,2,0.0016618908650056355,166.27906976744185
164,Fluorescence 435nm_ch0,2,0.0016698755024743051,171.31782945736435
165,Fluorescence 435nm_ch0,2,0.00165355130104933,176.35658914728683
166,Fluorescence 435nm_ch0,2,0.0016397683619988354,181.3953488372093
167,Fluorescence 435nm_ch0,2,0.0016188173551489598,186.4341085271318
168,Fluorescence 435nm_ch0,2,0.0016163919639328658,191.47286821705427
169,Fluorescence 435nm_ch0,2,0.00160613021467287,196.51162790697674
170,Fluorescence 435nm_ch0,2,0.0015919476091705818,201.5503875968992
171,Fluorescence 435nm_ch0,2,0.0015866776864934564,206.5891472868217
172,Fluorescence 435nm_ch0,2,0.0015789170413525347,211.62790697674419
173,Fluorescence 435nm_ch0,2,0.001585907411192177,216.66666666666666
174,Fluorescence 435nm_ch0,2,0.0015795420398093587,221.70542635658916
175,Fluorescence 435nm_ch0,2,0.0015609179264520251,226.74418604651163
176,Fluorescence 435nm_ch0,2,0.001552065030785619,231.7829457364341
177,Fluorescence 435nm_ch0,2,0.0015492834031162466,236.8217054263566
178,Fluorescence 435nm_ch0,2,0.0015388123340884135,241.86046511627907
179,Fluorescence 435nm_ch0,2,0.0015254430931452658,246.89922480620154
180,Fluorescence 435nm_ch0,2,0.0015128091476956894,251.93798449612405
181,Fluorescence 435nm_ch0,2,0.0015102475663144833,256.9767441860465
182,Fluorescence 435nm_ch0,2,0.0015019132486823155,262.015503875969
183,Fluorescence 435nm_ch0,2,0.0015089096112600228,267.05426356589146
184,Fluorescence 435nm_ch0,2,0.0015218272547472716,272.09302325581393
185,Fluorescence 435nm_ch0,2,0.0014910506821832347,277.13178294573646
186,Fluorescence 435nm_ch0,2,0.0014898059070957714,282.17054263565893
187,Fluorescence 435nm_ch0,2,0.0014749406950056835,287.2093023255814
188,Fluorescence 435nm_ch0,2,0.00146819241057979,292.2480620155039
189,Fluorescence 435nm_ch0,2,0.0014587945608234736,297.28682170542635
190,Fluorescence 435nm_ch0,2,0.0014578657775956502,302.3255813953488
191,Fluorescence 435nm_ch0,2,0.0014475863005836778,307.36434108527135
192,Fluorescence 435nm_ch0,2,0.0014402947817535926,312.4031007751938
193,Fluorescence 435nm_ch0,2,0.0014434068713063436,317.4418604651163
194,Fluorescence 435nm_ch0,2,0.00143036539653086,322.48062015503876
195,Fluorescence 435nm_ch0,2,0.0014259474392993255,327.51937984496124
196,Fluorescence 435nm_ch0,2,0.0014176187143806064,332.5581395348837
197,Fluorescence 435nm_ch0,2,0.001415245835275849,337.5968992248062
198,Fluorescence 435nm_ch0,2,0.0014129704920523174,342.6356589147287
199,Fluorescence 435nm_ch0,2,0.0014139221701506464,347.6744186046512
200,Fluorescence 435nm_ch0,2,0.0014106592603828768,352.71317829457365
201,Fluorescence 435nm_ch0,2,0.0014040695397485893,357.7519379844961
202,Fluorescence 435nm_ch0,2,0.0013866188240447266,362.7906976744186
203,Fluorescence 435nm_ch0,2,0.0013907238243505344,367.82945736434107
204,Fluorescence 435nm_ch0,2,0.0013762904805637436,372.8682170542636
205,Fluorescence 435nm_ch0,2,0.0013878957974050355,377.90697674418607
206,Fluorescence 435nm_ch0,2,0.0013842705820909617,382.94573643410854
207,Fluorescence 435nm_ch0,2,0.0013997663937475795,387.984496124031
208,Fluorescence 435nm_ch0,2,0.0013818687876238744,393.0232558139535
209,Fluorescence 435nm_ch0,2,0.001391327453416842,398.06201550387595
210,Fluorescence 435nm_ch0,2,0.0013907771469360696,403.1007751937984
211,Fluorescence 435nm_ch0,2,0.0013848221750725656,408.13953488372096
212,Fluorescence 435nm_ch0,2,0.0013805861315615878,413.1782945736434
213,Fluorescence 435nm_ch0,2,0.0013680350236879777,418.2170542635659
214,Fluorescence 435nm_ch0,2,0.001370121186428948,423.25581395348837
215,Fluorescence 435nm_ch0,2,0.0013687349975295658,428.29457364341084
216,Fluorescence 435nm_ch0,2,0.0013747559404330117,433.3333333333333
217,Fluorescence 435nm_ch0,2,0.0013852864435786327,438.37209302325584
218,Fluorescence 435nm_ch0,2,0.0013670560939134811,443.4108527131783
219,Fluorescence 435nm_ch0,2,0.0013720825590637644,448.4496124031008
220,Fluorescence 435nm_ch0,2,0.0013717689905937335,453.48837209302326
221,Fluorescence 435nm_ch0,2,0.0013750515756039347,458.52713178294573
222,Fluorescence 435nm_ch0,2,0.0013721220766752188,463.5658914728682
223,Fluorescence 435nm_ch0,2,0.00136240399634391,468.60465116279073
224,Fluorescence 435nm_ch0,2,0.0013769204479954032,473.6434108527132
225,Fluorescence 435nm_ch0,2,0.0013731299239302841,478.6821705426357
226,Fluorescence 435nm_ch0,2,0.0013573772413883933,483.72093023255815
227,Fluorescence 435nm_ch0,2,0.0013573805068390328,488.7596899224806
228,Fluorescence 435nm_ch0,2,0.0013624737100533897,493.7984496124031
229,Fluorescence 435nm_ch0,2,0.0013767437281701409,498.83720930232556
230,Fluorescence 435nm_ch0,2,0.0013789249219948471,503.8759689922481
231,Fluorescence 435nm_ch0,2,0.0014045497324879782,508.91472868217056
232,Fluorescence 435nm_ch0,2,0.001410738986097116,513.953488372093
233,Fluorescence 435nm_ch0,2,0.0014109584329656092,518.9922480620155
234,Fluorescence 435nm_ch0,2,0.0014165142324890484,524.031007751938
235,Fluorescence 435nm_ch0,2,0.0014174831718677342,529.0697674418604
236,Fluorescence 435nm_ch0,2,0.0014056741941085107,534.1085271317829
237,Fluorescence 435nm_ch0,2,0.0014034120588728026,539.1472868217054
238,Fluorescence 435nm_ch0,2,0.0014119762349979244,544.1860465116279
239,Fluorescence 435nm_ch0,2,0.0014038909377630314,549.2248062015505
240,Fluorescence 435nm_ch0,2,0.0014185420493435415,554.2635658914729
241,Fluorescence 435nm_ch0,2,0.0014025945571298117,559.3023255813954
242,Fluorescence 435nm_ch0,2,0.0013987412027736176,564.3410852713179
243,Fluorescence 435nm_ch0,2,0.0013932218627157316,569.3798449612403
244,Fluorescence 435nm_ch0,2,0.0013804052674629005,574.4186046511628
245,Fluorescence 435nm_ch0,2,0.0013741800810370159,579.4573643410853
246,Fluorescence 435nm_ch0,2,0.001374971400012629,584.4961240310078
247,Fluorescence 435nm_ch0,2,0.001377738751124719,589.5348837209302
248,Fluorescence 435nm_ch0,2,0.0013617495347237614,594.5736434108527
249,Fluorescence 435nm_ch0,2,0.001348921405249249,599.6124031007752
250,Fluorescence 435nm_ch0,2,0.0013405360968946085,604.6511627906976
251,Fluorescence 435nm_ch0,2,0.0013424323097951387,609.6899224806201
252,Fluorescence 435nm_ch0,2,0.0013432258584080798,614.7286821705427
253,Fluorescence 435nm_ch0,2,0.001333697095482517,619.7674418604652
254,Fluorescence 435nm_ch0,2,0.0013231614989890964,624.8062015503876
255,Fluorescence 435nm_ch0,2,0.0013239313878227695,629.8449612403101
256,Fluorescence 435nm_ch0,2,0.0013259435512201197,634.8837209302326
257,Fluorescence 435nm_ch0,2,0.001307203614342133,639.922480620155
258,Fluorescence 435nm_ch0,2,0.0013246328216118606,644.9612403100775
259,Fluorescence 435nm_ch0,2,0.001323204708194536,650.0
260,Fluorescence 435nm_ch0,3,0.002054821579706317,0.0
261,Fluorescence 435nm_ch0,3,0.0019792292808351367,5.038759689922481
262,Fluorescence 435nm_ch0,3,0.001977706885927773,10.077519379844961
263,Fluorescence 435nm_ch0,3,0.0019639795252076498,15.116279069767442
264,Fluorescence 435nm_ch0,3,0.0019980094176988133,20.155038759689923
265,Fluorescence 435nm_ch0,3,0.0021921030326137163,25.1937984496124
266,Fluorescence 435nm_ch0,3,0.002193322127997453,30.232558139534884
267,Fluorescence 435nm_ch0,3,0.0021428176663638265,35.27131782945737
268,Fluorescence 435nm_ch0,3,0.0021249483477108633,40.310077519379846
269,Fluorescence 435nm_ch0,3,0.002081851122819907,45.348837209302324
270,Fluorescence 435nm_ch0,3,0.002024231268473021,50.3875968992248
271,Fluorescence 435nm_ch0,3,0.0020135021252008787,55.42635658914729
272,Fluorescence 435nm_ch0,3,0.0019394894629576698,60.46511627906977
273,Fluorescence 435nm_ch0,3,0.0019124493672416027,65.50387596899225
274,Fluorescence 435nm_ch0,3,0.0018838356208554488,70.54263565891473
275,Fluorescence 435nm_ch0,3,0.0018403395420063164,75.5813953488372
276,Fluorescence 435nm_ch0,3,0.001814410032504718,80.62015503875969
277,Fluorescence 435nm_ch0,3,0.001768491808703824,85.65891472868218
278,Fluorescence 435nm_ch0,3,0.0017573420692513927,90.69767441860465
279,Fluorescence 435nm_ch0,3,0.0017284652812445795,95.73643410852713
280,Fluorescence 435nm_ch0,3,0.001720139613808382,100.7751937984496
281,Fluorescence 435nm_ch0,3,0.0016720764276881694,105.81395348837209
282,Fluorescence 435nm_ch0,3,0.001634984864234826,110.85271317829458
283,Fluorescence 435nm_ch0,3,0.0016216695123921748,115.89147286821705
284,Fluorescence 435nm_ch0,3,0.0015933031869013166,120.93023255813954
285,Fluorescence 435nm_ch0,3,0.0015542522804326245,125.96899224806202
286,Fluorescence 435nm_ch0,3,0.0015486548419911127,131.0077519379845
287,Fluorescence 435nm_ch0,3,0.0015514253591962222,136.04651162790697
288,Fluorescence 435nm_ch0,3,0.001546551768170706,141.08527131782947
289,Fluorescence 435nm_ch0,3,0.001535563830433224,146.12403100775194
290,Fluorescence 435nm_ch0,3,0.0015348315262434134,151.1627906976744
291,Fluorescence 435nm_ch0,3,0.001537017936226766,156.2015503875969
292,Fluorescence 435nm_ch0,3,0.0014988285529360732,161.24031007751938
293,Fluorescence 435nm_ch0,3,0.0014993407315885905,166.27906976744185
294,Fluorescence 435nm_ch0,3,0.0014923012292244033,171.31782945736435
295,Fluorescence 435nm_ch0,3,0.0014914702490497849,176.35658914728683
296,Fluorescence 435nm_ch0,3,0.001494474230739511,181.3953488372093
297,Fluorescence 435nm_ch0,3,0.0014834634268217927,186.4341085271318
298,Fluorescence 435nm_ch0,3,0.0014642162233954306,191.47286821705427
299,Fluorescence 435nm_ch0,3,0.0014713274910831708,196.51162790697674
300,Fluorescence 435nm_ch0,3,0.001481274510774451,201.5503875968992
301,Fluorescence 435nm_ch0,3,0.0014821558985746563,206.5891472868217
302,Fluorescence 435nm_ch0,3,0.0014579887966387076,211.62790697674419
303,Fluorescence 435nm_ch0,3,0.0014603646833471979,216.66666666666666
304,Fluorescence 435nm_ch0,3,0.0014468326202602484,221.70542635658916
305,Fluorescence 435nm_ch0,3,0.00144029166027777,226.74418604651163
306,Fluorescence 435nm_ch0,3,0.0014278316889654442,231.7829457364341
307,Fluorescence 435nm_ch0,3,0.0014353129291391215,236.8217054263566
308,Fluorescence 435nm_ch0,3,0.001421474676314767,241.86046511627907
309,Fluorescence 435nm_ch0,3,0.0014236002970149984,246.89922480620154
310,Fluorescence 435nm_ch0,3,0.0014230916496929785,251.93798449612405
311,Fluorescence 435nm_ch0,3,0.0014320914737450548,256.9767441860465
312,Fluorescence 435nm_ch0,3,0.00143252499619229,262.015503875969
313,Fluorescence 435nm_ch0,3,0.0014106558806267944,267.05426356589146
314,Fluorescence 435nm_ch0,3,0.0014103763429240052,272.09302325581393
315,Fluorescence 435nm_ch0,3,0.0014179853426055807,277.13178294573646
316,Fluorescence 435nm_ch0,3,0.0014055943537091965,282.17054263565893
317,Fluorescence 435nm_ch0,3,0.0013889617893118446,287.2093023255814
318,Fluorescence 435nm_ch0,3,0.0013957381462318809,292.2480620155039
319,Fluorescence 435nm_ch0,3,0.0014115549102717733,297.28682170542635
320,Fluorescence 435nm_ch0,3,0.0014033372042928584,302.3255813953488
321,Fluorescence 435nm_ch0,3,0.0013946615307804193,307.36434108527135
322,Fluorescence 435nm_ch0,3,0.0013957500236173757,312.4031007751938
323,Fluorescence 435nm_ch0,3,0.001386438301985728,317.4418604651163
324,Fluorescence 435nm_ch0,3,0.0013769211527641099,322.48062015503876
325,Fluorescence 435nm_ch0,3,0.0013814564455782677,327.51937984496124
326,Fluorescence 435nm_ch0,3,0.0013818268763319994,332.5581395348837
327,Fluorescence 435nm_ch0,3,0.0013838296942445278,337.5968992248062
328,Fluorescence 435nm_ch0,3,0.001373615608273484,342.6356589147287
329,Fluorescence 435nm_ch0,3,0.0013784359422055973,347.6744186046512
330,Fluorescence 435nm_ch0,3,0.0013630121589723488,352.71317829457365
331,Fluorescence 435nm_ch0,3,0.001362019136735236,357.7519379844961
332,Fluorescence 435nm_ch0,3,0.0013808728739015314,362.7906976744186
333,Fluorescence 435nm_ch0,3,0.0013618329325988624,367.82945736434107
334,Fluorescence 435nm_ch0,3,0.0013607118971390231,372.8682170542636
335,Fluorescence 435nm_ch0,3,0.0013481351802799818,377.90697674418607
336,Fluorescence 435nm_ch0,3,0.001350193250927677,382.94573643410854
337,Fluorescence 435nm_ch0,3,0.0013345890487225685,387.984496124031
338,Fluorescence 435nm_ch0,3,0.0013498438726292246,393.0232558139535
339,Fluorescence 435nm_ch0,3,0.0013421244653910548,398.06201550387595
340,Fluorescence 435nm_ch0,3,0.0013388566418180573,403.1007751937984
341,Fluorescence 435nm_ch0,3,0.0013463333249280152,408.13953488372096
342,Fluorescence 435nm_ch0,3,0.00135113899724381,413.1782945736434
343,Fluorescence 435nm_ch0,3,0.0013369771556799943,418.2170542635659
344,Fluorescence 435nm_ch0,3,0.0013325537792464432,423.25581395348837
345,Fluorescence 435nm_ch0,3,0.001335235724882311,428.29457364341084
346,Fluorescence 435nm_ch0,3,0.0013232785032161439,433.3333333333333
347,Fluorescence 435nm_ch0,3,0.00132973605785851,438.37209302325584
348,Fluorescence 435nm_ch0,3,0.0013275032436216253,443.4108527131783
349,Fluorescence 435nm_ch0,3,0.0013228898312828154,448.4496124031008
350,Fluorescence 435nm_ch0,3,0.0013142100173417935,453.48837209302326
351,Fluorescence 435nm_ch0,3,0.0013225669474187256,458.52713178294573
352,Fluorescence 435nm_ch0,3,0.0013104803954718431,463.5658914728682
353,Fluorescence 435nm_ch0,3,0.0013092455204991179,468.60465116279073
354,Fluorescence 435nm_ch0,3,0.0012972407039318768,473.6434108527132
355,Fluorescence 435nm_ch0,3,0.001313337165912339,478.6821705426357
356,Fluorescence 435nm_ch0,3,0.0013178721089782094,483.72093023255815
357,Fluorescence 435nm_ch0,3,0.0013129579397116189,488.7596899224806
358,Fluorescence 435nm_ch0,3,0.0013236500621676367,493.7984496124031
359,Fluorescence 435nm_ch0,3,0.0013166142634763193,498.83720930232556
360,Fluorescence 435nm_ch0,3,0.0012879419668072945,503.8759689922481
361,Fluorescence 435nm_ch0,3,0.0013062848437013271,508.91472868217056
362,Fluorescence 435nm_ch0,3,0.001310315795729017,513.953488372093
363,Fluorescence 435nm_ch0,3,0.001294689021978835,518.9922480620155
364,Fluorescence 435nm_ch0,3,0.0012956073227166083,524.031007751938
365,Fluorescence 435nm_ch0,3,0.0012924440920808863,529.0697674418604
366,Fluorescence 435nm_ch0,3,0.0012966594684760873,534.1085271317829
367,Fluorescence 435nm_ch0,3,0.0013062500457481157,539.1472868217054
368,Fluorescence 435nm_ch0,3,0.0013057715897154486,544.1860465116279
369,Fluorescence 435nm_ch0,3,0.001315800488881942,549.2248062015505
370,Fluorescence 435nm_ch0,3,0.001315384370119453,554.2635658914729
371,Fluorescence 435nm_ch0,3,0.0013056786647414262,559.3023255813954
372,Fluorescence 435nm_ch0,3,0.001326285528791165,564.3410852713179
373,Fluorescence 435nm_ch0,3,0.0013133582482549614,569.3798449612403
374,Fluorescence 435nm_ch0,3,0.0013158670719081037,574.4186046511628
375,Fluorescence 435nm_ch0,3,0.0013088747737255242,579.4573643410853
376,Fluorescence 435nm_ch0,3,0.001317154845057066,584.4961240310078
377,Fluorescence 435nm_ch0,3,0.001319510471429316,589.5348837209302
378,Fluorescence 435nm_ch0,3,0.0013229544472920895,594.5736434108527
379,Fluorescence 435nm_ch0,3,0.0013134132003886476,599.6124031007752
380,Fluorescence 435nm_ch0,3,0.0013014858684401221,604.6511627906976
381,Fluorescence 435nm_ch0,3,0.0012975274517609213,609.6899224806201
382,Fluorescence 435nm_ch0,3,0.0013053634158495787,614.7286821705427
383,Fluorescence 435nm_ch0,3,0.0013092503368915824,619.7674418604652
384,Fluorescence 435nm_ch0,3,0.001307732890140975,624.8062015503876
385,Fluorescence 435nm_ch0,3,0.0013361119088204974,629.8449612403101
386,Fluorescence 435nm_ch0,3,0.0013166368837411926,634.8837209302326
387,Fluorescence 435nm_ch0,3,0.0013151289990874257,639.922480620155
388,Fluorescence 435nm_ch0,3,0.0013149106616545019,644.9612403100775
389,Fluorescence 435nm_ch0,3,0.001324376699661116,650.0
390,Fluorescence 435nm_ch0,4,0.002054810566903987,0.0
391,Fluorescence 435nm_ch0,4,0.002011006841143334,5.038759689922481
392,Fluorescence 435nm_ch0,4,0.0020115361604483395,10.077519379844961
393,Fluorescence 435nm_ch0,4,0.0020134003720404204,15.116279069767442
394,Fluorescence 435nm_ch0,4,0.002030239717103284,20.155038759689923
395,Fluorescence 435nm_ch0,4,0.002273455372127377,25.1937984496124
396,Fluorescence 435nm_ch0,4,0.0022823979176470207,30.232558139534884
397,Fluorescence 435nm_ch0,4,0.0022843390110149444,35.27131782945737
398,Fluorescence 435nm_ch0,4,0.0022593014588074356,40.310077519379846
399,Fluorescence 435nm_ch0,4,0.002234080895670237,45.348837209302324
400,Fluorescence 435nm_ch0,4,0.002211729560116122,50.3875968992248
401,Fluorescence 435nm_ch0,4,0.0021769173549150583,55.42635658914729
402,Fluorescence 435nm_ch0,4,0.0021324227783887074,60.46511627906977
403,Fluorescence 435nm_ch0,4,0.0021083635606045327,65.50387596899225
404,Fluorescence 435nm_ch0,4,0.0020785918200574784,70.54263565891473
405,Fluorescence 435nm_ch0,4,0.002044428279481243,75.5813953488372
406,Fluorescence 435nm_ch0,4,0.002019573788939104,80.62015503875969
407,Fluorescence 435nm_ch0,4,0.001984047097803836,85.65891472868218
408,Fluorescence 435nm_ch0,4,0.001961802716628829,90.69767441860465
409,Fluorescence 435nm_ch0,4,0.0019215730811417654,95.73643410852713
410,Fluorescence 435nm_ch0,4,0.001899794935062221,100.7751937984496
411,Fluorescence 435nm_ch0,4,0.0018701390069450201,105.81395348837209
412,Fluorescence 435nm_ch0,4,0.0018493323966210873,110.85271317829458
413,Fluorescence 435nm_ch0,4,0.0018237936604030933,115.89147286821705
414,Fluorescence 435nm_ch0,4,0.0018082669127501714,120.93023255813954
415,Fluorescence 435nm_ch0,4,0.0017831720014014059,125.96899224806202
416,Fluorescence 435nm_ch0,4,0.0017689544854180511,131.0077519379845
417,Fluorescence 435nm_ch0,4,0.0017609061932416573,136.04651162790697
418,Fluorescence 435nm_ch0,4,0.001744072561352999,141.08527131782947
419,Fluorescence 435nm_ch0,4,0.001728197739147712,146.12403100775194
420,Fluorescence 435nm_ch0,4,0.0017202266845079332,151.1627906976744
421,Fluorescence 435nm_ch0,4,0.0017145458278295083,156.2015503875969
422,Fluorescence 435nm_ch0,4,0.001690328711977564,161.24031007751938
423,Fluorescence 435nm_ch0,4,0.0016841444936998263,166.27906976744185
424,Fluorescence 435nm_ch0,4,0.0016651681604038676,171.31782945736435
425,Fluorescence 435nm_ch0,4,0.001654426298458935,176.35658914728683
426,Fluorescence 435nm_ch0,4,0.0016535710290612774,181.3953488372093
427,Fluorescence 435nm_ch0,4,0.001641160876300845,186.4341085271318
428,Fluorescence 435nm_ch0,4,0.001633784301758301,191.47286821705427
429,Fluorescence 435nm_ch0,4,0.0016278560916777264,196.51162790697674
430,Fluorescence 435nm_ch0,4,0.0016173745614123955,201.5503875968992
431,Fluorescence 435nm_ch0,4,0.001613102155417503,206.5891472868217
432,Fluorescence 435nm_ch0,4,0.0016069348984282254,211.62790697674419
433,Fluorescence 435nm_ch0,4,0.0016011596776167047,216.66666666666666
434,Fluorescence 435nm_ch0,4,0.00158245675197051,221.70542635658916
435,Fluorescence 435nm_ch0,4,0.0015885256250441865,226.74418604651163
436,Fluorescence 435nm_ch0,4,0.0015809230200418392,231.7829457364341
437,Fluorescence 435nm_ch0,4,0.0015818967157979413,236.8217054263566
438,Fluorescence 435nm_ch0,4,0.0015729849682160177,241.86046511627907
439,Fluorescence 435nm_ch0,4,0.0015617710666226072,246.89922480620154
440,Fluorescence 435nm_ch0,4,0.0015628117818257,251.93798449612405
441,Fluorescence 435nm_ch0,4,0.0015511987535372306,256.9767441860465
442,Fluorescence 435nm_ch0,4,0.001550592884620248,262.015503875969
443,Fluorescence 435nm_ch0,4,0.001540940206103334,267.05426356589146
444,Fluorescence 435nm_ch0,4,0.0015351057644666898,272.09302325581393
445,Fluorescence 435nm_ch0,4,0.001518937743488981,277.13178294573646
446,Fluorescence 435nm_ch0,4,0.001525285912425712,282.17054263565893
447,Fluorescence 435nm_ch0,4,0.0015176824726243127,287.2093023255814
448,Fluorescence 435nm_ch0,4,0.0015188139551316898,292.2480620155039
449,Fluorescence 435nm_ch0,4,0.001510668891289686,297.28682170542635
450,Fluorescence 435nm_ch0,4,0.0015070601750362912,302.3255813953488
451,Fluorescence 435nm_ch0,4,0.0015053489958536065,307.36434108527135
452,Fluorescence 435nm_ch0,4,0.001502469609315526,312.4031007751938
453,Fluorescence 435nm_ch0,4,0.0014962696915166484,317.4418604651163
454,Fluorescence 435nm_ch0,4,0.0014924276373101879,322.48062015503876
455,Fluorescence 435nm_ch0,4,0.0014904771551818101,327.51937984496124
456,Fluorescence 435nm_ch0,4,0.0014906800282398485,332.5581395348837
457,Fluorescence 435nm_ch0,4,0.00149107949881084,337.5968992248062
458,Fluorescence 435nm_ch0,4,0.001490717670545129,342.6356589147287
459,Fluorescence 435nm_ch0,4,0.0014810762231168657,347.6744186046512
460,Fluorescence 435nm_ch0,4,0.0014730985303312515,352.71317829457365
461,Fluorescence 435nm_ch0,4,0.001470156065942546,357.7519379844961
462,Fluorescence 435nm_ch0,4,0.001468559533998919,362.7906976744186
463,Fluorescence 435nm_ch0,4,0.0014616188586475478,367.82945736434107
464,Fluorescence 435nm_ch0,4,0.0014716274947350456,372.8682170542636
465,Fluorescence 435nm_ch0,4,0.0014627209549005233,377.90697674418607
466,Fluorescence 435nm_ch0,4,0.0014567362592526807,382.94573643410854
467,Fluorescence 435nm_ch0,4,0.0014537080162017703,387.984496124031
468,Fluorescence 435nm_ch0,4,0.0014530296317685455,393.0232558139535
469,Fluorescence 435nm_ch0,4,0.001453888664487639,398.06201550387595
470,Fluorescence 435nm_ch0,4,0.001449230698336903,403.1007751937984
471,Fluorescence 435nm_ch0,4,0.0014524342167817296,408.13953488372096
472,Fluorescence 435nm_ch0,4,0.0014374979869196535,413.1782945736434
473,Fluorescence 435nm_ch0,4,0.0014406154861078648,418.2170542635659
474,Fluorescence 435nm_ch0,4,0.0014374157470905945,423.25581395348837
475,Fluorescence 435nm_ch0,4,0.0014384390044020333,428.29457364341084
476,Fluorescence 435nm_ch0,4,0.0014247202015045858,433.3333333333333
477,Fluorescence 435nm_ch0,4,0.001426658480380298,438.37209302325584
478,Fluorescence 435nm_ch0,4,0.001424654231322478,443.4108527131783
479,Fluorescence 435nm_ch0,4,0.001424986174760708,448.4496124031008
480,Fluorescence 435nm_ch0,4,0.001420949257204947,453.48837209302326
481,Fluorescence 435nm_ch0,4,0.0014176021029658214,458.52713178294573
482,Fluorescence 435nm_ch0,4,0.0014156146523385308,463.5658914728682
483,Fluorescence 435nm_ch0,4,0.0014150383617699486,468.60465116279073
484,Fluorescence 435nm_ch0,4,0.0014034855395712142,473.6434108527132
485,Fluorescence 435nm_ch0,4,0.0014068436750235276,478.6821705426357
486,Fluorescence 435nm_ch0,4,0.0014034056298620956,483.72093023255815
487,Fluorescence 435nm_ch0,4,0.0013968141278503656,488.7596899224806
488,Fluorescence 435nm_ch0,4,0.0014021296251209533,493.7984496124031
489,Fluorescence 435nm_ch0,4,0.0014001150968476512,498.83720930232556
490,Fluorescence 435nm_ch0,4,0.0013922799860607734,503.8759689922481
491,Fluorescence 435nm_ch0,4,0.0013953749097167939,508.91472868217056
492,Fluorescence 435nm_ch0,4,0.001394083997073893,513.953488372093
493,Fluorescence 435nm_ch0,4,0.0013966495996322243,518.9922480620155
494,Fluorescence 435nm_ch0,4,0.0013857050216541237,524.031007751938
495,Fluorescence 435nm_ch0,4,0.0013933379659335752,529.0697674418604
496,Fluorescence 435nm_ch0,4,0.0013902679267711081,534.1085271317829
497,Fluorescence 435nm_ch0,4,0.0013904104358377343,539.1472868217054
498,Fluorescence 435nm_ch0,4,0.0013966487984038995,544.1860465116279
499,Fluorescence 435nm_ch0,4,0.0013917522322514837,549.2248062015505
500,Fluorescence 435nm_ch0,4,0.0013949354437954654,554.2635658914729
501,Fluorescence 435nm_ch0,4,0.0013842095084559338,559.3023255813954
502,Fluorescence 435nm_ch0,4,0.0014008184635345147,564.3410852713179
503,Fluorescence 435nm_ch0,4,0.001394240166363823,569.3798449612403
504,Fluorescence 435nm_ch0,4,0.0013952775114216217,574.4186046511628
505,Fluorescence 435nm_ch0,4,0.0013973672515429467,579.4573643410853
506,Fluorescence 435nm_ch0,4,0.0013857326662837207,584.4961240310078
507,Fluorescence 435nm_ch0,4,0.001385176077461702,589.5348837209302
508,Fluorescence 435nm_ch0,4,0.0013867681870864891,594.5736434108527
509,Fluorescence 435nm_ch0,4,0.0013829461016238252,599.6124031007752
510,Fluorescence 435nm_ch0,4,0.001380025130455481,604.6511627906976
511,Fluorescence 435nm_ch0,4,0.0013848379644411267,609.6899224806201
512,Fluorescence 435nm_ch0,4,0.00138172267002517,614.7286821705427
513,Fluorescence 435nm_ch0,4,0.0013824758474464288,619.7674418604652
514,Fluorescence 435nm_ch0,4,0.001378660369348823,624.8062015503876
515,Fluorescence 435nm_ch0,4,0.0013793320506750458,629.8449612403101
516,Fluorescence 435nm_ch0,4,0.0013865341445051464,634.8837209302326
517,Fluorescence 435nm_ch0,4,0.0013763764340501868,639.922480620155
518,Fluorescence 435nm_ch0,4,0.0013770514701236117,644.9612403100775
519,Fluorescence 435nm_ch0,4,0.001373273726693213,650.0
520,Fluorescence 435nm_ch0,5,0.002306914702262549,0.0
521,Fluorescence 435nm_ch0,5,0.002286401949830452,5.038759689922481
522,Fluorescence 435nm_ch0,5,0.0022872154481224636,10.077519379844961
523,Fluorescence 435nm_ch0,5,0.0022925887666450373,15.116279069767442
524,Fluorescence 435nm_ch0,5,0.002283655020063969,20.155038759689923
525,Fluorescence 435nm_ch0,5,0.0025321024833884127,25.1937984496124
526,Fluorescence 435nm_ch0,5,0.0024687782678449164,30.232558139534884
527,Fluorescence 435nm_ch0,5,0.0023984383308229677,35.27131782945737
528,Fluorescence 435nm_ch0,5,0.002342266282247658,40.310077519379846
529,Fluorescence 435nm_ch0,5,0.002287540593322749,45.348837209302324
530,Fluorescence 435nm_ch0,5,0.0022449555805222495,50.3875968992248
531,Fluorescence 435nm_ch0,5,0.0021729005895757087,55.42635658914729
532,Fluorescence 435nm_ch0,5,0.0021433141500919275,60.46511627906977
533,Fluorescence 435nm_ch0,5,0.0021152491037318764,65.50387596899225
534,Fluorescence 435nm_ch0,5,0.0020790236452712706,70.54263565891473
535,Fluorescence 435nm_ch0,5,0.0020399339990536153,75.5813953488372
536,Fluorescence 435nm_ch0,5,0.0020215223270396068,80.62015503875969
537,Fluorescence 435nm_ch0,5,0.001970647280772116,85.65891472868218
538,Fluorescence 435nm_ch0,5,0.0019396712064445425,90.69767441860465
539,Fluorescence 435nm_ch0,5,0.0019162175541129118,95.73643410852713
540,Fluorescence 435nm_ch0,5,0.0019100397119160928,100.7751937984496
541,Fluorescence 435nm_ch0,5,0.0018999761919227473,105.81395348837209
542,Fluorescence 435nm_ch0,5,0.0018577968256960175,110.85271317829458
543,Fluorescence 435nm_ch0,5,0.0018388622074519752,115.89147286821705
544,Fluorescence 435nm_ch0,5,0.0018404519629434265,120.93023255813954
545,Fluorescence 435nm_ch0,5,0.0018291907301451556,125.96899224806202
546,Fluorescence 435nm_ch0,5,0.00181571272728929,131.0077519379845
547,Fluorescence 435nm_ch0,5,0.001794361247042747,136.04651162790697
548,Fluorescence 435nm_ch0,5,0.00181183461266815,141.08527131782947
549,Fluorescence 435nm_ch0,5,0.001789133398298744,146.12403100775194
550,Fluorescence 435nm_ch0,5,0.0017901059044532997,151.1627906976744
551,Fluorescence 435nm_ch0,5,0.0017675006743268688,156.2015503875969
552,Fluorescence 435nm_ch0,5,0.001759624459216939,161.24031007751938
553,Fluorescence 435nm_ch0,5,0.0017478913515747057,166.27906976744185
554,Fluorescence 435nm_ch0,5,0.0017454164927083967,171.31782945736435
555,Fluorescence 435nm_ch0,5,0.0017487256045712403,176.35658914728683
556,Fluorescence 435nm_ch0,5,0.0017349061874304206,181.3953488372093
557,Fluorescence 435nm_ch0,5,0.001725449187409583,186.4341085271318
558,Fluorescence 435nm_ch0,5,0.001726435981304746,191.47286821705427
559,Fluorescence 435nm_ch0,5,0.001709969673996281,196.51162790697674
560,Fluorescence 435nm_ch0,5,0.0017121150924275525,201.5503875968992
561,Fluorescence 435nm_ch0,5,0.0017010842502615745,206.5891472868217
562,Fluorescence 435nm_ch0,5,0.0016993374103714135,211.62790697674419
563,Fluorescence 435nm_ch0,5,0.0016978808230449552,216.66666666666666
564,Fluorescence 435nm_ch0,5,0.0016782741571635103,221.70542635658916
565,Fluorescence 435nm_ch0,5,0.0016959543782976245,226.74418604651163
566,Fluorescence 435nm_ch0,5,0.0016827199620909838,231.7829457364341
567,Fluorescence 435nm_ch0,5,0.0016730043326182746,236.8217054263566
568,Fluorescence 435nm_ch0,5,0.0016792097405863005,241.86046511627907
569,Fluorescence 435nm_ch0,5,0.0016604009133803737,246.89922480620154
570,Fluorescence 435nm_ch0,5,0.0016638258034248929,251.93798449612405
571,Fluorescence 435nm_ch0,5,0.0016452422583035353,256.9767441860465
572,Fluorescence 435nm_ch0,5,0.0016386282330529316,262.015503875969
573,Fluorescence 435nm_ch0,5,0.0016459100428082869,267.05426356589146
574,Fluorescence 435nm_ch0,5,0.0016313549862636196,272.09302325581393
575,Fluorescence 435nm_ch0,5,0.0016181661071223172,277.13178294573646
576,Fluorescence 435nm_ch0,5,0.0016239128682552278,282.17054263565893
577,Fluorescence 435nm_ch0,5,0.0016116685257403622,287.2093023255814
578,Fluorescence 435nm_ch0,5,0.0016041730974008762,292.2480620155039
579,Fluorescence 435nm_ch0,5,0.0016042418692954622,297.28682170542635
580,Fluorescence 435nm_ch0,5,0.0015988304227093286,302.3255813953488
581,Fluorescence 435nm_ch0,5,0.0015944825189712526,307.36434108527135
582,Fluorescence 435nm_ch0,5,0.0015972501229133496,312.4031007751938
583,Fluorescence 435nm_ch0,5,0.001574202441671962,317.4418604651163
584,Fluorescence 435nm_ch0,5,0.0015880666124574914,322.48062015503876
585,Fluorescence 435nm_ch0,5,0.0015765958186269493,327.51937984496124
586,Fluorescence 435nm_ch0,5,0.0015745268189442333,332.5581395348837
587,Fluorescence 435nm_ch0,5,0.001566227942913854,337.5968992248062
588,Fluorescence 435nm_ch0,5,0.0015697672982659672,342.6356589147287
589,Fluorescence 435nm_ch0,5,0.0015815999740628585,347.6744186046512
590,Fluorescence 435nm_ch0,5,0.0015685911571807457,352.71317829457365
591,Fluorescence 435nm_ch0,5,0.0015669967085467802,357.7519379844961
592,Fluorescence 435nm_ch0,5,0.0015657403522743665,362.7906976744186
593,Fluorescence 435nm_ch0,5,0.0015770806518988613,367.82945736434107
594,Fluorescence 435nm_ch0,5,0.0015547837833060057,372.8682170542636
595,Fluorescence 435nm_ch0,5,0.0015437114325270078,377.90697674418607
596,Fluorescence 435nm_ch0,5,0.0015517968710038073,382.94573643410854
597,Fluorescence 435nm_ch0,5,0.0015430650937563834,387.984496124031
598,Fluorescence 435nm_ch0,5,0.0015455532290084473,393.0232558139535
599,Fluorescence 435nm_ch0,5,0.001537128547211905,398.06201550387595
600,Fluorescence 435nm_ch0,5,0.0015354621817393185,403.1007751937984
601,Fluorescence 435nm_ch0,5,0.0015381060893408683,408.13953488372096
602,Fluorescence 435nm_ch0,5,0.001542862814101569,413.1782945736434
603,Fluorescence 435nm_ch0,5,0.0015335571064787107,418.2170542635659
604,Fluorescence 435nm_ch0,5,0.0015247249322099202,423.25581395348837
605,Fluorescence 435nm_ch0,5,0.0015266765112286658,428.29457364341084
606,Fluorescence 435nm_ch0,5,0.0015189848590954954,433.3333333333333
607,Fluorescence 435nm_ch0,5,0.0015217818267612023,438.37209302325584
608,Fluorescence 435nm_ch0,5,0.0015177931769520222,443.4108527131783
609,Fluorescence 435nm_ch0,5,0.00151609056614595,448.4496124031008
610,Fluorescence 435nm_ch0,5,0.0015023096626422584,453.48837209302326
611,Fluorescence 435nm_ch0,5,0.0015114309007242868,458.52713178294573
612,Fluorescence 435nm_ch0,5,0.0014986663808498372,463.5658914728682
613,Fluorescence 435nm_ch0,5,0.0015082278746258151,468.60465116279073
614,Fluorescence 435nm_ch0,5,0.0015089947876887968,473.6434108527132
615,Fluorescence 435nm_ch0,5,0.001509483695015835,478.6821705426357
616,Fluorescence 435nm_ch0,5,0.001500012542412739,483.72093023255815
617,Fluorescence 435nm_ch0,5,0.0014995480566026924,488.7596899224806
618,Fluorescence 435nm_ch0,5,0.001508667728691547,493.7984496124031
619,Fluorescence 435nm_ch0,5,0.0014960178904165713,498.83720930232556
620,Fluorescence 435nm_ch0,5,0.0015013620431672972,503.8759689922481
621,Fluorescence 435nm_ch0,5,0.0015152909713158124,508.91472868217056
622,Fluorescence 435nm_ch0,5,0.0015061026382680105,513.953488372093
623,Fluorescence 435nm_ch0,5,0.0015248590714655572,518.9922480620155
624,Fluorescence 435nm_ch0,5,0.0015234341721949234,524.031007751938
625,Fluorescence 435nm_ch0,5,0.0015304687673640001,529.0697674418604
626,Fluorescence 435nm_ch0,5,0.001542414639517232,534.1085271317829
627,Fluorescence 435nm_ch0,5,0.0015401082454586275,539.1472868217054
628,Fluorescence 435nm_ch0,5,0.0015436090503296207,544.1860465116279
629,Fluorescence 435nm_ch0,5,0.001555559107566952,549.2248062015505
630,Fluorescence 435nm_ch0,5,0.0015518772490563633,554.2635658914729
631,Fluorescence 435nm_ch0,5,0.001568220591519951,559.3023255813954
632,Fluorescence 435nm_ch0,5,0.0015683020950662471,564.3410852713179
633,Fluorescence 435nm_ch0,5,0.0015522604036172485,569.3798449612403
634,Fluorescence 435nm_ch0,5,0.001564829660495629,574.4186046511628
635,Fluorescence 435nm_ch0,5,0.001560265413482573,579.4573643410853
636,Fluorescence 435nm_ch0,5,0.0015524901468033688,584.4961240310078
637,Fluorescence 435nm_ch0,5,0.0015349557146969578,589.5348837209302
638,Fluorescence 435nm_ch0,5,0.0015414528482734838,594.5736434108527
639,Fluorescence 435nm_ch0,5,0.001550817526810114,599.6124031007752
640,Fluorescence 435nm_ch0,5,0.0015222936968099878,604.6511627906976
641,Fluorescence 435nm_ch0,5,0.001525993344958987,609.6899224806201
642,Fluorescence 435nm_ch0,5,0.0015256408703673006,614.7286821705427
643,Fluorescence 435nm_ch0,5,0.0015206330903620414,619.7674418604652
644,Fluorescence 435nm_ch0,5,0.0015211510104912777,624.8062015503876
645,Fluorescence 435nm_ch0,5,0.0015163541397085329,629.8449612403101
646,Fluorescence 435nm_ch0,5,0.0015225774006349334,634.8837209302326
647,Fluorescence 435nm_ch0,5,0.0015174824057017375,639.922480620155
648,Fluorescence 435nm_ch0,5,0.0015153780858893917,644.9612403100775
649,Fluorescence 435nm_ch0,5,0.0014978952721334978,650.0
650,Fluorescence 435nm_ch0,6,0.0022003388051856808,0.0
651,Fluorescence 435nm_ch0,6,0.002163665187431642,5.038759689922481
652,Fluorescence 435nm_ch0,6,0.0022030759125967513,10.077519379844961
653,Fluorescence 435nm_ch0,6,0.002204165315900096,15.116279069767442
654,Fluorescence 435nm_ch0,6,0.0022187969104152734,20.155038759689923
655,Fluorescence 435nm_ch0,6,0.002442674615904499,25.1937984496124
656,Fluorescence 435nm_ch0,6,0.0024086531089848656,30.232558139534884
657,Fluorescence 435nm_ch0,6,0.0023967481851980064,35.27131782945737
658,Fluorescence 435nm_ch0,6,0.0023750233384732962,40.310077519379846
659,Fluorescence 435nm_ch0,6,0.0023395789077514224,45.348837209302324
660,Fluorescence 435nm_ch0,6,0.0023153348310974912,50.3875968992248
661,Fluorescence 435nm_ch0,6,0.00227019222715812,55.42635658914729
662,Fluorescence 435nm_ch0,6,0.002265992366585087,60.46511627906977
663,Fluorescence 435nm_ch0,6,0.0022221792664857253,65.50387596899225
664,Fluorescence 435nm_ch0,6,0.002169268934708247,70.54263565891473
665,Fluorescence 435nm_ch0,6,0.0021327510822755427,75.5813953488372
666,Fluorescence 435nm_ch0,6,0.0021057142105104652,80.62015503875969
667,Fluorescence 435nm_ch0,6,0.002077459078928601,85.65891472868218
668,Fluorescence 435nm_ch0,6,0.0020444294580055813,90.69767441860465
669,Fluorescence 435nm_ch0,6,0.0020186701706502237,95.73643410852713
670,Fluorescence 435nm_ch0,6,0.0019933755029798903,100.7751937984496
671,Fluorescence 435nm_ch0,6,0.0019785580591337114,105.81395348837209
672,Fluorescence 435nm_ch0,6,0.0019620745879916066,110.85271317829458
673,Fluorescence 435nm_ch0,6,0.001957655836303983,115.89147286821705
674,Fluorescence 435nm_ch0,6,0.0019349790012624212,120.93023255813954
675,Fluorescence 435nm_ch0,6,0.0019148908629794041,125.96899224806202
676,Fluorescence 435nm_ch0,6,0.001891152994958815,131.0077519379845
677,Fluorescence 435nm_ch0,6,0.0018675529173640688,136.04651162790697
678,Fluorescence 435nm_ch0,6,0.0018471671250408874,141.08527131782947
679,Fluorescence 435nm_ch0,6,0.001833729225844522,146.12403100775194
680,Fluorescence 435nm_ch0,6,0.0018221013611323025,151.1627906976744
681,Fluorescence 435nm_ch0,6,0.001801490252952614,156.2015503875969
682,Fluorescence 435nm_ch0,6,0.0017895247679340165,161.24031007751938
683,Fluorescence 435nm_ch0,6,0.0017838812985238482,166.27906976744185
684,Fluorescence 435nm_ch0,6,0.0017692590386768046,171.31782945736435
685,Fluorescence 435nm_ch0,6,0.001752190867169267,176.35658914728683
686,Fluorescence 435nm_ch0,6,0.0017473058088005658,181.3953488372093
687,Fluorescence 435nm_ch0,6,0.0017417383205430164,186.4341085271318
688,Fluorescence 435nm_ch0,6,0.0017324135612127106,191.47286821705427
689,Fluorescence 435nm_ch0,6,0.001722663729666272,196.51162790697674
690,Fluorescence 435nm_ch0,6,0.0017101614324918537,201.5503875968992
691,Fluorescence 435nm_ch0,6,0.0017074837574962906,206.5891472868217
692,Fluorescence 435nm_ch0,6,0.0016997676616188266,211.62790697674419
693,Fluorescence 435nm_ch0,6,0.0016857233623742622,216.66666666666666
694,Fluorescence 435nm_ch0,6,0.0016862735301573235,221.70542635658916
695,Fluorescence 435nm_ch0,6,0.0016791933239392075,226.74418604651163
696,Fluorescence 435nm_ch0,6,0.0016679120070028054,231.7829457364341
697,Fluorescence 435nm_ch0,6,0.0016641576999872618,236.8217054263566
698,Fluorescence 435nm_ch0,6,0.0016562591110752063,241.86046511627907
699,Fluorescence 435nm_ch0,6,0.0016521815448380806,246.89922480620154
700,Fluorescence 435nm_ch0,6,0.0016336554816128483,251.93798449612405
701,Fluorescence 435nm_ch0,6,0.0016203228386549187,256.9767441860465
702,Fluorescence 435nm_ch0,6,0.0016168554173823714,262.015503875969
703,Fluorescence 435nm_ch0,6,0.0016134035917158335,267.05426356589146
704,Fluorescence 435nm_ch0,6,0.0016061862133764212,272.09302325581393
705,Fluorescence 435nm_ch0,6,0.0016021399082635755,277.13178294573646
706,Fluorescence 435nm_ch0,6,0.001587854822346817,282.17054263565893
707,Fluorescence 435nm_ch0,6,0.0015858652878545008,287.2093023255814
708,Fluorescence 435nm_ch0,6,0.0015845263929436654,292.2480620155039
709,Fluorescence 435nm_ch0,6,0.0015712876268647083,297.28682170542635
710,Fluorescence 435nm_ch0,6,0.001574105988764193,302.3255813953488
711,Fluorescence 435nm_ch0,6,0.0015703388951508845,307.36434108527135
712,Fluorescence 435nm_ch0,6,0.0015705010381542213,312.4031007751938
713,Fluorescence 435nm_ch0,6,0.0015597389667170347,317.4418604651163
714,Fluorescence 435nm_ch0,6,0.0015582448805499854,322.48062015503876
715,Fluorescence 435nm_ch0,6,0.0015420390879997954,327.51937984496124
716,Fluorescence 435nm_ch0,6,0.0015403553092271675,332.5581395348837
717,Fluorescence 435nm_ch0,6,0.0015484582657086798,337.5968992248062
718,Fluorescence 435nm_ch0,6,0.0015378880835047685,342.6356589147287
719,Fluorescence 435nm_ch0,6,0.001530973252258065,347.6744186046512
720,Fluorescence 435nm_ch0,6,0.0015286860841579113,352.71317829457365
721,Fluorescence 435nm_ch0,6,0.0015258021669367762,357.7519379844961
722,Fluorescence 435nm_ch0,6,0.0015276370307345218,362.7906976744186
723,Fluorescence 435nm_ch0,6,0.001516373310467234,367.82945736434107
724,Fluorescence 435nm_ch0,6,0.0015244729171165724,372.8682170542636
725,Fluorescence 435nm_ch0,6,0.0015278968743846213,377.90697674418607
726,Fluorescence 435nm_ch0,6,0.0015285357285918896,382.94573643410854
727,Fluorescence 435nm_ch0,6,0.0015264313651621646,387.984496124031
728,Fluorescence 435nm_ch0,6,0.0015325210492347318,393.0232558139535
729,Fluorescence 435nm_ch0,6,0.0015275945294916289,398.06201550387595
730,Fluorescence 435nm_ch0,6,0.001518561415037231,403.1007751937984
731,Fluorescence 435nm_ch0,6,0.0015191408010348073,408.13953488372096
732,Fluorescence 435nm_ch0,6,0.0015162734181676566,413.1782945736434
733,Fluorescence 435nm_ch0,6,0.0015088351484374056,418.2170542635659
734,Fluorescence 435nm_ch0,6,0.0015060597050901466,423.25581395348837
735,Fluorescence 435nm_ch0,6,0.0015122256380131188,428.29457364341084
736,Fluorescence 435nm_ch0,6,0.0015149915162602297,433.3333333333333
737,Fluorescence 435nm_ch0,6,0.0015165426201218025,438.37209302325584
738,Fluorescence 435nm_ch0,6,0.001500999507538226,443.4108527131783
739,Fluorescence 435nm_ch0,6,0.0015027413918423731,448.4496124031008
740,Fluorescence 435nm_ch0,6,0.0015004224355698026,453.48837209302326
741,Fluorescence 435nm_ch0,6,0.001498765377185925,458.52713178294573
742,Fluorescence 435nm_ch0,6,0.001497876198278093,463.5658914728682
743,Fluorescence 435nm_ch0,6,0.0014978124721285464,468.60465116279073
744,Fluorescence 435nm_ch0,6,0.0014929104590433772,473.6434108527132
745,Fluorescence 435nm_ch0,6,0.0014931797762604304,478.6821705426357
746,Fluorescence 435nm_ch0,6,0.0014873451402309574,483.72093023255815
747,Fluorescence 435nm_ch0,6,0.001488789646583567,488.7596899224806
748,Fluorescence 435nm_ch0,6,0.0014950688079120717,493.7984496124031
749,Fluorescence 435nm_ch0,6,0.0014951699510788916,498.83720930232556
750,Fluorescence 435nm_ch0,6,0.0014871176009610715,503.8759689922481
751,Fluorescence 435nm_ch0,6,0.0014906260786777348,508.91472868217056
752,Fluorescence 435nm_ch0,6,0.0014833545973736396,513.953488372093
753,Fluorescence 435nm_ch0,6,0.0014814106863136603,518.9922480620155
754,Fluorescence 435nm_ch0,6,0.0014840842658749753,524.031007751938
755,Fluorescence 435nm_ch0,6,0.0014818178079494004,529.0697674418604
756,Fluorescence 435nm_ch0,6,0.00147958806235354,534.1085271317829
757,Fluorescence 435nm_ch0,6,0.0014855199049257184,539.1472868217054
758,Fluorescence 435nm_ch0,6,0.0014845177518679907,544.1860465116279
759,Fluorescence 435nm_ch0,6,0.0014774959564431303,549.2248062015505
760,Fluorescence 435nm_ch0,6,0.001470478528615889,554.2635658914729
761,Fluorescence 435nm_ch0,6,0.0014685620156284483,559.3023255813954
762,Fluorescence 435nm_ch0,6,0.0014732952099084254,564.3410852713179
763,Fluorescence 435nm_ch0,6,0.0014607110955267763,569.3798449612403
764,Fluorescence 435nm_ch0,6,0.0014625374101753926,574.4186046511628
765,Fluorescence 435nm_ch0,6,0.0014640748612400872,579.4573643410853
766,Fluorescence 435nm_ch0,6,0.0014601211432578034,584.4961240310078
767,Fluorescence 435nm_ch0,6,0.0014581541461310113,589.5348837209302
768,Fluorescence 435nm_ch0,6,0.0014603864637688447,594.5736434108527
769,Fluorescence 435nm_ch0,6,0.0014592235829360512,599.6124031007752
770,Fluorescence 435nm_ch0,6,0.0014523648989502454,604.6511627906976
771,Fluorescence 435nm_ch0,6,0.0014526813075733875,609.6899224806201
772,Fluorescence 435nm_ch0,6,0.0014484049167826113,614.7286821705427
773,Fluorescence 435nm_ch0,6,0.001443179383190587,619.7674418604652
774,Fluorescence 435nm_ch0,6,0.0014396761793465688,624.8062015503876
775,Fluorescence 435nm_ch0,6,0.001432468947460633,629.8449612403101
776,Fluorescence 435nm_ch0,6,0.0014429661679855024,634.8837209302326
777,Fluorescence 435nm_ch0,6,0.001441962473923501,639.922480620155
778,Fluorescence 435nm_ch0,6,0.0014431194802431194,644.9612403100775
779,Fluorescence 435nm_ch0,6,0.0014473479717854298,650.0
780,Fluorescence 435nm_ch0,7,0.0025803220553701042,0.0
781,Fluorescence 435nm_ch0,7,0.0025380174252735226,5.038759689922481
782,Fluorescence 435nm_ch0,7,0.0025346887703546097,10.077519379844961
783,Fluorescence 435nm_ch0,7,0.002513389357745252,15.116279069767442
784,Fluorescence 435nm_ch0,7,0.0025680274789090323,20.155038759689923
785,Fluorescence 435nm_ch0,7,0.002890411889877459,25.1937984496124
786,Fluorescence 435nm_ch0,7,0.0028701134748798434,30.232558139534884
787,Fluorescence 435nm_ch0,7,0.0028359705867691057,35.27131782945737
788,Fluorescence 435nm_ch0,7,0.0027640750131066824,40.310077519379846
789,Fluorescence 435nm_ch0,7,0.0026731395172087903,45.348837209302324
790,Fluorescence 435nm_ch0,7,0.002588798852286494,50.3875968992248
791,Fluorescence 435nm_ch0,7,0.002524816244904507,55.42635658914729
792,Fluorescence 435nm_ch0,7,0.002447855566385301,60.46511627906977
793,Fluorescence 435nm_ch0,7,0.002376844694250126,65.50387596899225
794,Fluorescence 435nm_ch0,7,0.0023061948546623406,70.54263565891473
795,Fluorescence 435nm_ch0,7,0.0022390712948445308,75.5813953488372
796,Fluorescence 435nm_ch0,7,0.002224078696610178,80.62015503875969
797,Fluorescence 435nm_ch0,7,0.002175502365400933,85.65891472868218
798,Fluorescence 435nm_ch0,7,0.0021204909749632335,90.69767441860465
799,Fluorescence 435nm_ch0,7,0.0020752396491476744,95.73643410852713
800,Fluorescence 435nm_ch0,7,0.0020419727703509085,100.7751937984496
801,Fluorescence 435nm_ch0,7,0.002028849528383114,105.81395348837209
802,Fluorescence 435nm_ch0,7,0.00202285771501378,110.85271317829458
803,Fluorescence 435nm_ch0,7,0.0019900582197564885,115.89147286821705
804,Fluorescence 435nm_ch0,7,0.001975765591694191,120.93023255813954
805,Fluorescence 435nm_ch0,7,0.0019683341536326257,125.96899224806202
806,Fluorescence 435nm_ch0,7,0.001929245434815431,131.0077519379845
807,Fluorescence 435nm_ch0,7,0.0019027428972614488,136.04651162790697
808,Fluorescence 435nm_ch0,7,0.0018911733022777591,141.08527131782947
809,Fluorescence 435nm_ch0,7,0.0018859111900425677,146.12403100775194
810,Fluorescence 435nm_ch0,7,0.0018547929770194504,151.1627906976744
811,Fluorescence 435nm_ch0,7,0.0018474031586415203,156.2015503875969
812,Fluorescence 435nm_ch0,7,0.0018335969431454318,161.24031007751938
813,Fluorescence 435nm_ch0,7,0.0018060372656634254,166.27906976744185
814,Fluorescence 435nm_ch0,7,0.0018072827937350392,171.31782945736435
815,Fluorescence 435nm_ch0,7,0.0017942164104513432,176.35658914728683
816,Fluorescence 435nm_ch0,7,0.0017852947714133832,181.3953488372093
817,Fluorescence 435nm_ch0,7,0.001792193471092145,186.4341085271318
818,Fluorescence 435nm_ch0,7,0.0017540879792144661,191.47286821705427
819,Fluorescence 435nm_ch0,7,0.0017503504254067362,196.51162790697674
820,Fluorescence 435nm_ch0,7,0.001753836998138944,201.5503875968992
821,Fluorescence 435nm_ch0,7,0.0017381344844943846,206.5891472868217
822,Fluorescence 435nm_ch0,7,0.0017316001823380635,211.62790697674419
823,Fluorescence 435nm_ch0,7,0.0017104216691967151,216.66666666666666
824,Fluorescence 435nm_ch0,7,0.001698865952474599,221.70542635658916
825,Fluorescence 435nm_ch0,7,0.001698389659807173,226.74418604651163
826,Fluorescence 435nm_ch0,7,0.0016832179512536742,231.7829457364341
827,Fluorescence 435nm_ch0,7,0.0016917148130678153,236.8217054263566
828,Fluorescence 435nm_ch0,7,0.0016641607376804409,241.86046511627907
829,Fluorescence 435nm_ch0,7,0.0016647464755665921,246.89922480620154
830,Fluorescence 435nm_ch0,7,0.0016592484427020403,251.93798449612405
831,Fluorescence 435nm_ch0,7,0.0016548297595110572,256.9767441860465
832,Fluorescence 435nm_ch0,7,0.0016463794025579697,262.015503875969
833,Fluorescence 435nm_ch0,7,0.0016368002755289145,267.05426356589146
834,Fluorescence 435nm_ch0,7,0.001645572454076432,272.09302325581393
835,Fluorescence 435nm_ch0,7,0.0016340179371402083,277.13178294573646
836,Fluorescence 435nm_ch0,7,0.0016197097224840194,282.17054263565893
837,Fluorescence 435nm_ch0,7,0.0016253325011955488,287.2093023255814
838,Fluorescence 435nm_ch0,7,0.0016164664914916224,292.2480620155039
839,Fluorescence 435nm_ch0,7,0.001596774289707609,297.28682170542635
840,Fluorescence 435nm_ch0,7,0.0016063702002158263,302.3255813953488
841,Fluorescence 435nm_ch0,7,0.0015919303777981039,307.36434108527135
842,Fluorescence 435nm_ch0,7,0.0015882984490625607,312.4031007751938
843,Fluorescence 435nm_ch0,7,0.0015992806015484788,317.4418604651163
844,Fluorescence 435nm_ch0,7,0.001577192063855455,322.48062015503876
845,Fluorescence 435nm_ch0,7,0.0015747392636663755,327.51937984496124
846,Fluorescence 435nm_ch0,7,0.0015663847905118054,332.5581395348837
847,Fluorescence 435nm_ch0,7,0.0015747113410594375,337.5968992248062
848,Fluorescence 435nm_ch0,7,0.0015818137628624501,342.6356589147287
849,Fluorescence 435nm_ch0,7,0.0015632760705941748,347.6744186046512
850,Fluorescence 435nm_ch0,7,0.001561543924573838,352.71317829457365
851,Fluorescence 435nm_ch0,7,0.0015362994974880521,357.7519379844961
852,Fluorescence 435nm_ch0,7,0.0015378710387741277,362.7906976744186
853,Fluorescence 435nm_ch0,7,0.0015440780014662173,367.82945736434107
854,Fluorescence 435nm_ch0,7,0.0015412727435677408,372.8682170542636
855,Fluorescence 435nm_ch0,7,0.0015499159057314044,377.90697674418607
856,Fluorescence 435nm_ch0,7,0.0015497602138864774,382.94573643410854
857,Fluorescence 435nm_ch0,7,0.001544267263597834,387.984496124031
858,Fluorescence 435nm_ch0,7,0.001535227344231058,393.0232558139535
859,Fluorescence 435nm_ch0,7,0.0015363466778420707,398.06201550387595
860,Fluorescence 435nm_ch0,7,0.0015397716575090942,403.1007751937984
861,Fluorescence 435nm_ch0,7,0.001548602935190622,408.13953488372096
862,Fluorescence 435nm_ch0,7,0.001529811163990141,413.1782945736434
863,Fluorescence 435nm_ch0,7,0.0015432668648268065,418.2170542635659
864,Fluorescence 435nm_ch0,7,0.0015438142188535016,423.25581395348837
865,Fluorescence 435nm_ch0,7,0.0015368407752993833,428.29457364341084
866,Fluorescence 435nm_ch0,7,0.0015338994231846306,433.3333333333333
867,Fluorescence 435nm_ch0,7,0.0015410068658192628,438.37209302325584
868,Fluorescence 435nm_ch0,7,0.0015308586081814745,443.4108527131783
869,Fluorescence 435nm_ch0,7,0.0015044861656303536,448.4496124031008
870,Fluorescence 435nm_ch0,7,0.0015056714330756958,453.48837209302326
871,Fluorescence 435nm_ch0,7,0.0015010838916281757,458.52713178294573
872,Fluorescence 435nm_ch0,7,0.0015171874887254962,463.5658914728682
873,Fluorescence 435nm_ch0,7,0.0015119698593911916,468.60465116279073
874,Fluorescence 435nm_ch0,7,0.0015256561767296665,473.6434108527132
875,Fluorescence 435nm_ch0,7,0.0015206163526292422,478.6821705426357
876,Fluorescence 435nm_ch0,7,0.0015167093973970534,483.72093023255815
877,Fluorescence 435nm_ch0,7,0.0015008625928733484,488.7596899224806
878,Fluorescence 435nm_ch0,7,0.001499939762892067,493.7984496124031
879,Fluorescence 435nm_ch0,7,0.0015026258066088431,498.83720930232556
880,Fluorescence 435nm_ch0,7,0.0014877036662426808,503.8759689922481
881,Fluorescence 435nm_ch0,7,0.0014823171023786014,508.91472868217056
882,Fluorescence 435nm_ch0,7,0.0015012277826271067,513.953488372093
883,Fluorescence 435nm_ch0,7,0.0014833550653665837,518.9922480620155
884,Fluorescence 435nm_ch0,7,0.001487315270596335,524.031007751938
885,Fluorescence 435nm_ch0,7,0.0014911992017492602,529.0697674418604
886,Fluorescence 435nm_ch0,7,0.0014847427905011886,534.1085271317829
887,Fluorescence 435nm_ch0,7,0.0014829073197811721,539.1472868217054
888,Fluorescence 435nm_ch0,7,0.0014875336158203462,544.1860465116279
889,Fluorescence 435nm_ch0,7,0.0014861907787301933,549.2248062015505
890,Fluorescence 435nm_ch0,7,0.0014933171371015236,554.2635658914729
891,Fluorescence 435nm_ch0,7,0.0014841168897024254,559.3023255813954
892,Fluorescence 435nm_ch0,7,0.0014685439865859944,564.3410852713179
893,Fluorescence 435nm_ch0,7,0.0014587768491536237,569.3798449612403
894,Fluorescence 435nm_ch0,7,0.0014568211894941724,574.4186046511628
895,Fluorescence 435nm_ch0,7,0.0014492724652713194,579.4573643410853
896,Fluorescence 435nm_ch0,7,0.001460498687102484,584.4961240310078
897,Fluorescence 435nm_ch0,7,0.0014485534727903013,589.5348837209302
898,Fluorescence 435nm_ch0,7,0.0014414327649395174,594.5736434108527
899,Fluorescence 435nm_ch0,7,0.0014464607594037527,599.6124031007752
900,Fluorescence 435nm_ch0,7,0.0014417850654593165,604.6511627906976
901,Fluorescence 435nm_ch0,7,0.0014457194065443546,609.6899224806201
902,Fluorescence 435nm_ch0,7,0.00144728343629654,614.7286821705427
903,Fluorescence 435nm_ch0,7,0.001449235277891284,619.7674418604652
904,Fluorescence 435nm_ch0,7,0.0014396237858252166,624.8062015503876
905,Fluorescence 435nm_ch0,7,0.0014292068752580803,629.8449612403101
906,Fluorescence 435nm_ch0,7,0.00143094939788541,634.8837209302326
907,Fluorescence 435nm_ch0,7,0.0014370227526151423,639.922480620155
908,Fluorescence 435nm_ch0,7,0.001441839976373537,644.9612403100775
909,Fluorescence 435nm_ch0,7,0.0014253359156704431,650.0
