,id,roi,int,dist,index,time
0,cell1_HPCA,1,-0.0041,224,0,0.0
1,cell1_HPCA,1,0.0087,224,1,1.0
2,cell1_HPCA,1,0.0086,224,2,2.0
3,cell1_HPCA,1,-0.0058,224,3,3.0
4,cell1_HPCA,1,-0.0074,224,4,4.0
5,cell1_HPCA,1,-0.0179,224,5,5.0
6,cell1_HPCA,1,0.2163,224,6,6.0
7,cell1_HPCA,1,0.2302,224,7,7.0
8,cell1_HPCA,1,0.1151,224,8,8.0
9,cell1_HPCA,1,-0.0755,224,9,9.0
10,cell1_HPCA,1,-0.0664,224,10,10.0
11,cell1_HPCA,1,-0.054,224,11,11.0
12,cell1_HPCA,1,-0.0444,224,12,12.0
13,cell1_HPCA,1,-0.0384,224,13,13.0
14,cell1_HPCA,1,-0.0339,224,14,14.0
15,cell1_HPCA,1,-0.0345,224,15,15.0
16,cell1_HPCA,1,-0.0185,224,16,16.0
17,cell1_HPCA,1,-0.0259,224,17,17.0
18,cell1_HPCA,1,-0.0264,224,18,18.0
19,cell1_HPCA,1,-0.0302,224,19,19.0
20,cell1_HPCA,1,-0.0202,224,20,20.0
21,cell1_HPCA,1,-0.0465,224,21,21.0
22,cell1_HPCA,1,-0.0461,224,22,22.0
23,cell1_HPCA,1,-0.03,224,23,23.0
24,cell1_HPCA,1,-0.0163,224,24,24.0
25,cell1_HPCA,1,-0.0175,224,25,25.0
26,cell1_HPCA,1,-0.0058,224,26,26.0
27,cell1_HPCA,1,0.0024,224,27,27.0
28,cell1_HPCA,1,-0.0118,224,28,28.0
29,cell1_HPCA,1,-0.0156,224,29,29.0
30,cell1_HPCA,1,-0.0371,224,30,30.0
31,cell1_HPCA,1,-0.035,224,31,31.0
32,cell1_HPCA,1,-0.0291,224,32,32.0
33,cell1_HPCA,1,-0.0245,224,33,33.0
34,cell1_HPCA,1,-0.0188,224,34,34.0
35,cell1_HPCA,1,-0.028,224,35,35.0
36,cell1_HPCA,1,-0.0068,224,36,36.0
37,cell1_HPCA,1,-0.0056,224,37,37.0
38,cell1_HPCA,1,-0.0228,224,38,38.0
39,cell1_HPCA,1,-0.0429,224,39,39.0
40,cell1_HPCA,1,-0.0457,224,40,40.0
41,cell1_HPCA,1,-0.0411,224,41,41.0
42,cell1_HPCA,1,-0.0501,224,42,42.0
43,cell1_HPCA,1,-0.0571,224,43,43.0
44,cell1_HPCA,1,-0.0614,224,44,44.0
45,cell1_HPCA,1,-0.066,224,45,45.0
46,cell1_HPCA,1,-0.0702,224,46,46.0
47,cell1_HPCA,1,-0.0535,224,48,47.0
48,cell1_HPCA,2,-0.0083,212,0,0.0
49,cell1_HPCA,2,-0.0075,212,1,1.0
50,cell1_HPCA,2,-0.0039,212,2,2.0
51,cell1_HPCA,2,-0.0118,212,3,3.0
52,cell1_HPCA,2,0.0315,212,4,4.0
53,cell1_HPCA,2,0.0339,212,5,5.0
54,cell1_HPCA,2,0.1936,212,6,6.0
55,cell1_HPCA,2,0.2923,212,7,7.0
56,cell1_HPCA,2,0.213,212,8,8.0
57,cell1_HPCA,2,-0.0335,212,9,9.0
58,cell1_HPCA,2,-0.0352,212,10,10.0
59,cell1_HPCA,2,-0.0608,212,11,11.0
60,cell1_HPCA,2,-0.0811,212,12,12.0
61,cell1_HPCA,2,-0.0457,212,13,13.0
62,cell1_HPCA,2,-0.1049,212,14,14.0
63,cell1_HPCA,2,-0.1089,212,15,15.0
64,cell1_HPCA,2,-0.0983,212,16,16.0
65,cell1_HPCA,2,-0.0968,212,17,17.0
66,cell1_HPCA,2,-0.1322,212,18,18.0
67,cell1_HPCA,2,-0.1304,212,19,19.0
68,cell1_HPCA,2,-0.1441,212,20,20.0
69,cell1_HPCA,2,-0.1716,212,21,21.0
70,cell1_HPCA,2,-0.2026,212,22,22.0
71,cell1_HPCA,2,-0.2062,212,23,23.0
72,cell1_HPCA,2,-0.2166,212,24,24.0
73,cell1_HPCA,2,-0.2313,212,25,25.0
74,cell1_HPCA,2,-0.2267,212,26,26.0
75,cell1_HPCA,2,-0.2261,212,27,27.0
76,cell1_HPCA,2,-0.2396,212,28,28.0
77,cell1_HPCA,2,-0.2419,212,29,29.0
78,cell1_HPCA,2,-0.2372,212,30,30.0
79,cell1_HPCA,2,-0.2331,212,31,31.0
80,cell1_HPCA,2,-0.2299,212,32,32.0
81,cell1_HPCA,2,-0.2291,212,33,33.0
82,cell1_HPCA,2,-0.2292,212,34,34.0
83,cell1_HPCA,2,-0.2316,212,35,35.0
84,cell1_HPCA,2,-0.1946,212,36,36.0
85,cell1_HPCA,2,-0.2275,212,37,37.0
86,cell1_HPCA,2,-0.2255,212,38,38.0
87,cell1_HPCA,2,-0.1915,212,39,39.0
88,cell1_HPCA,2,-0.2257,212,40,40.0
89,cell1_HPCA,2,-0.2175,212,41,41.0
90,cell1_HPCA,2,-0.2045,212,42,42.0
91,cell1_HPCA,2,-0.1933,212,43,43.0
92,cell1_HPCA,2,-0.1906,212,44,44.0
93,cell1_HPCA,2,-0.1873,212,45,45.0
94,cell1_HPCA,2,-0.1458,212,46,46.0
95,cell1_HPCA,2,-0.1503,212,48,47.0
96,cell1_HPCA,3,0.0219,207,0,0.0
97,cell1_HPCA,3,0.0003,207,1,1.0
98,cell1_HPCA,3,-0.0006,207,2,2.0
99,cell1_HPCA,3,-0.0261,207,3,3.0
100,cell1_HPCA,3,0.0045,207,4,4.0
101,cell1_HPCA,3,-0.0132,207,5,5.0
102,cell1_HPCA,3,0.2884,207,6,6.0
103,cell1_HPCA,3,0.2815,207,7,7.0
104,cell1_HPCA,3,0.2304,207,8,8.0
105,cell1_HPCA,3,-0.0298,207,9,9.0
106,cell1_HPCA,3,-0.0274,207,10,10.0
107,cell1_HPCA,3,-0.0469,207,11,11.0
108,cell1_HPCA,3,-0.0188,207,12,12.0
109,cell1_HPCA,3,0.009,207,13,13.0
110,cell1_HPCA,3,-0.04,207,14,14.0
111,cell1_HPCA,3,-0.0347,207,15,15.0
112,cell1_HPCA,3,-0.0177,207,16,16.0
113,cell1_HPCA,3,-0.0145,207,17,17.0
114,cell1_HPCA,3,-0.0406,207,18,18.0
115,cell1_HPCA,3,-0.0383,207,19,19.0
116,cell1_HPCA,3,-0.0763,207,20,20.0
117,cell1_HPCA,3,-0.0836,207,21,21.0
118,cell1_HPCA,3,-0.0816,207,22,22.0
119,cell1_HPCA,3,-0.1072,207,23,23.0
120,cell1_HPCA,3,-0.144,207,24,24.0
121,cell1_HPCA,3,-0.144,207,25,25.0
122,cell1_HPCA,3,-0.1785,207,26,26.0
123,cell1_HPCA,3,-0.1536,207,27,27.0
124,cell1_HPCA,3,-0.1736,207,28,28.0
125,cell1_HPCA,3,-0.1816,207,29,29.0
126,cell1_HPCA,3,-0.1615,207,30,30.0
127,cell1_HPCA,3,-0.211,207,31,31.0
128,cell1_HPCA,3,-0.1821,207,32,32.0
129,cell1_HPCA,3,-0.1977,207,33,33.0
130,cell1_HPCA,3,-0.2266,207,34,34.0
131,cell1_HPCA,3,-0.2043,207,35,35.0
132,cell1_HPCA,3,-0.2275,207,36,36.0
133,cell1_HPCA,3,-0.2158,207,37,37.0
134,cell1_HPCA,3,-0.2015,207,38,38.0
135,cell1_HPCA,3,-0.1794,207,39,39.0
136,cell1_HPCA,3,-0.1891,207,40,40.0
137,cell1_HPCA,3,-0.1813,207,41,41.0
138,cell1_HPCA,3,-0.1964,207,42,42.0
139,cell1_HPCA,3,-0.2189,207,43,43.0
140,cell1_HPCA,3,-0.2118,207,44,44.0
141,cell1_HPCA,3,-0.2031,207,45,45.0
142,cell1_HPCA,3,-0.1992,207,46,46.0
143,cell1_HPCA,3,-0.1917,207,48,47.0
144,cell1_HPCA,4,0.0029,184,0,0.0
145,cell1_HPCA,4,0.0059,184,1,1.0
146,cell1_HPCA,4,-0.0016,184,2,2.0
147,cell1_HPCA,4,0.0057,184,3,3.0
148,cell1_HPCA,4,-0.0129,184,4,4.0
149,cell1_HPCA,4,-0.0218,184,5,5.0
150,cell1_HPCA,4,0.2089,184,6,6.0
151,cell1_HPCA,4,0.2554,184,7,7.0
152,cell1_HPCA,4,0.2562,184,8,8.0
153,cell1_HPCA,4,-0.0116,184,9,9.0
154,cell1_HPCA,4,-0.072,184,10,10.0
155,cell1_HPCA,4,-0.0809,184,11,11.0
156,cell1_HPCA,4,-0.0853,184,12,12.0
157,cell1_HPCA,4,-0.1064,184,13,13.0
158,cell1_HPCA,4,-0.1185,184,14,14.0
159,cell1_HPCA,4,-0.1136,184,15,15.0
160,cell1_HPCA,4,-0.1053,184,16,16.0
161,cell1_HPCA,4,-0.1052,184,17,17.0
162,cell1_HPCA,4,-0.0992,184,18,18.0
163,cell1_HPCA,4,-0.0984,184,19,19.0
164,cell1_HPCA,4,-0.1,184,20,20.0
165,cell1_HPCA,4,-0.0961,184,21,21.0
166,cell1_HPCA,4,-0.1125,184,22,22.0
167,cell1_HPCA,4,-0.111,184,23,23.0
168,cell1_HPCA,4,-0.1127,184,24,24.0
169,cell1_HPCA,4,-0.1205,184,25,25.0
170,cell1_HPCA,4,-0.1385,184,26,26.0
171,cell1_HPCA,4,-0.1423,184,27,27.0
172,cell1_HPCA,4,-0.1388,184,28,28.0
173,cell1_HPCA,4,-0.138,184,29,29.0
174,cell1_HPCA,4,-0.1466,184,30,30.0
175,cell1_HPCA,4,-0.1417,184,31,31.0
176,cell1_HPCA,4,-0.1415,184,32,32.0
177,cell1_HPCA,4,-0.1477,184,33,33.0
178,cell1_HPCA,4,-0.1516,184,34,34.0
179,cell1_HPCA,4,-0.1419,184,35,35.0
180,cell1_HPCA,4,-0.1596,184,36,36.0
181,cell1_HPCA,4,-0.1594,184,37,37.0
182,cell1_HPCA,4,-0.1571,184,38,38.0
183,cell1_HPCA,4,-0.1556,184,39,39.0
184,cell1_HPCA,4,-0.1535,184,40,40.0
185,cell1_HPCA,4,-0.1594,184,41,41.0
186,cell1_HPCA,4,-0.1504,184,42,42.0
187,cell1_HPCA,4,-0.1455,184,43,43.0
188,cell1_HPCA,4,-0.1377,184,44,44.0
189,cell1_HPCA,4,-0.1276,184,45,45.0
190,cell1_HPCA,4,-0.1277,184,46,46.0
191,cell1_HPCA,4,-0.1247,184,48,47.0
192,cell1_HPCA,5,0.0023,251,0,0.0
193,cell1_HPCA,5,-0.0047,251,1,1.0
194,cell1_HPCA,5,-0.0234,251,2,2.0
195,cell1_HPCA,5,0.0097,251,3,3.0
196,cell1_HPCA,5,0.0161,251,4,4.0
197,cell1_HPCA,5,0.0017,251,5,5.0
198,cell1_HPCA,5,0.1425,251,6,6.0
199,cell1_HPCA,5,0.1525,251,7,7.0
200,cell1_HPCA,5,0.0244,251,8,8.0
201,cell1_HPCA,5,-0.0719,251,9,9.0
202,cell1_HPCA,5,-0.0764,251,10,10.0
203,cell1_HPCA,5,-0.0843,251,11,11.0
204,cell1_HPCA,5,-0.0789,251,12,12.0
205,cell1_HPCA,5,-0.1053,251,13,13.0
206,cell1_HPCA,5,-0.1145,251,14,14.0
207,cell1_HPCA,5,-0.1392,251,15,15.0
208,cell1_HPCA,5,-0.1419,251,16,16.0
209,cell1_HPCA,5,-0.1465,251,17,17.0
210,cell1_HPCA,5,-0.1422,251,18,18.0
211,cell1_HPCA,5,-0.139,251,19,19.0
212,cell1_HPCA,5,-0.132,251,20,20.0
213,cell1_HPCA,5,-0.1334,251,21,21.0
214,cell1_HPCA,5,-0.1151,251,22,22.0
215,cell1_HPCA,5,-0.1304,251,23,23.0
216,cell1_HPCA,5,-0.1246,251,24,24.0
217,cell1_HPCA,5,-0.1185,251,25,25.0
218,cell1_HPCA,5,-0.1238,251,26,26.0
219,cell1_HPCA,5,-0.1416,251,27,27.0
220,cell1_HPCA,5,-0.1344,251,28,28.0
221,cell1_HPCA,5,-0.1498,251,29,29.0
222,cell1_HPCA,5,-0.1442,251,30,30.0
223,cell1_HPCA,5,-0.1432,251,31,31.0
224,cell1_HPCA,5,-0.1421,251,32,32.0
225,cell1_HPCA,5,-0.1385,251,33,33.0
226,cell1_HPCA,5,-0.1513,251,34,34.0
227,cell1_HPCA,5,-0.1732,251,35,35.0
228,cell1_HPCA,5,-0.1791,251,36,36.0
229,cell1_HPCA,5,-0.1893,251,37,37.0
230,cell1_HPCA,5,-0.1891,251,38,38.0
231,cell1_HPCA,5,-0.1814,251,39,39.0
232,cell1_HPCA,5,-0.174,251,40,40.0
233,cell1_HPCA,5,-0.1602,251,41,41.0
234,cell1_HPCA,5,-0.1729,251,42,42.0
235,cell1_HPCA,5,-0.1831,251,43,43.0
236,cell1_HPCA,5,-0.1899,251,44,44.0
237,cell1_HPCA,5,-0.1892,251,45,45.0
238,cell1_HPCA,5,-0.179,251,46,46.0
239,cell1_HPCA,5,-0.1745,251,48,47.0
240,cell1_HPCA,6,0.006,235,0,0.0
241,cell1_HPCA,6,0.0048,235,1,1.0
242,cell1_HPCA,6,0.01,235,2,2.0
243,cell1_HPCA,6,-0.0067,235,3,3.0
244,cell1_HPCA,6,-0.0142,235,4,4.0
245,cell1_HPCA,6,-0.0362,235,5,5.0
246,cell1_HPCA,6,0.0837,235,6,6.0
247,cell1_HPCA,6,0.1123,235,7,7.0
248,cell1_HPCA,6,0.0471,235,8,8.0
249,cell1_HPCA,6,-0.0859,235,9,9.0
250,cell1_HPCA,6,-0.0971,235,10,10.0
251,cell1_HPCA,6,-0.1061,235,11,11.0
252,cell1_HPCA,6,-0.0971,235,12,12.0
253,cell1_HPCA,6,-0.0937,235,13,13.0
254,cell1_HPCA,6,-0.0875,235,14,14.0
255,cell1_HPCA,6,-0.0976,235,15,15.0
256,cell1_HPCA,6,-0.1035,235,16,16.0
257,cell1_HPCA,6,-0.0907,235,17,17.0
258,cell1_HPCA,6,-0.0996,235,18,18.0
259,cell1_HPCA,6,-0.0928,235,19,19.0
260,cell1_HPCA,6,-0.0855,235,20,20.0
261,cell1_HPCA,6,-0.0973,235,21,21.0
262,cell1_HPCA,6,-0.0918,235,22,22.0
263,cell1_HPCA,6,-0.083,235,23,23.0
264,cell1_HPCA,6,-0.0664,235,24,24.0
265,cell1_HPCA,6,-0.0744,235,25,25.0
266,cell1_HPCA,6,-0.0705,235,26,26.0
267,cell1_HPCA,6,-0.0777,235,27,27.0
268,cell1_HPCA,6,-0.0675,235,28,28.0
269,cell1_HPCA,6,-0.0513,235,29,29.0
270,cell1_HPCA,6,-0.0627,235,30,30.0
271,cell1_HPCA,6,-0.0321,235,31,31.0
272,cell1_HPCA,6,-0.0296,235,32,32.0
273,cell1_HPCA,6,-0.0328,235,33,33.0
274,cell1_HPCA,6,-0.0459,235,34,34.0
275,cell1_HPCA,6,-0.0366,235,35,35.0
276,cell1_HPCA,6,-0.0351,235,36,36.0
277,cell1_HPCA,6,-0.0287,235,37,37.0
278,cell1_HPCA,6,-0.0378,235,38,38.0
279,cell1_HPCA,6,-0.0477,235,39,39.0
280,cell1_HPCA,6,-0.0375,235,40,40.0
281,cell1_HPCA,6,-0.0332,235,41,41.0
282,cell1_HPCA,6,-0.0421,235,42,42.0
283,cell1_HPCA,6,-0.0314,235,43,43.0
284,cell1_HPCA,6,-0.0243,235,44,44.0
285,cell1_HPCA,6,-0.0417,235,45,45.0
286,cell1_HPCA,6,-0.0456,235,46,46.0
287,cell1_HPCA,6,-0.0473,235,48,47.0
288,cell1_HPCA,7,0.0128,163,0,0.0
289,cell1_HPCA,7,-0.0015,163,1,1.0
290,cell1_HPCA,7,-0.0011,163,2,2.0
291,cell1_HPCA,7,-0.0039,163,3,3.0
292,cell1_HPCA,7,-0.0062,163,4,4.0
293,cell1_HPCA,7,0.0013,163,5,5.0
294,cell1_HPCA,7,0.163,163,6,6.0
295,cell1_HPCA,7,0.1895,163,7,7.0
296,cell1_HPCA,7,0.171,163,8,8.0
297,cell1_HPCA,7,-0.0053,163,9,9.0
298,cell1_HPCA,7,-0.0337,163,10,10.0
299,cell1_HPCA,7,-0.0394,163,11,11.0
300,cell1_HPCA,7,-0.0543,163,12,12.0
301,cell1_HPCA,7,-0.0554,163,13,13.0
302,cell1_HPCA,7,-0.0602,163,14,14.0
303,cell1_HPCA,7,-0.0555,163,15,15.0
304,cell1_HPCA,7,-0.0708,163,16,16.0
305,cell1_HPCA,7,-0.0875,163,17,17.0
306,cell1_HPCA,7,-0.0875,163,18,18.0
307,cell1_HPCA,7,-0.1086,163,19,19.0
308,cell1_HPCA,7,-0.099,163,20,20.0
309,cell1_HPCA,7,-0.1079,163,21,21.0
310,cell1_HPCA,7,-0.1124,163,22,22.0
311,cell1_HPCA,7,-0.1091,163,23,23.0
312,cell1_HPCA,7,-0.1168,163,24,24.0
313,cell1_HPCA,7,-0.1129,163,25,25.0
314,cell1_HPCA,7,-0.1243,163,26,26.0
315,cell1_HPCA,7,-0.1145,163,27,27.0
316,cell1_HPCA,7,-0.1096,163,28,28.0
317,cell1_HPCA,7,-0.1069,163,29,29.0
318,cell1_HPCA,7,-0.1152,163,30,30.0
319,cell1_HPCA,7,-0.1258,163,31,31.0
320,cell1_HPCA,7,-0.1169,163,32,32.0
321,cell1_HPCA,7,-0.1091,163,33,33.0
322,cell1_HPCA,7,-0.1272,163,34,34.0
323,cell1_HPCA,7,-0.1292,163,35,35.0
324,cell1_HPCA,7,-0.1207,163,36,36.0
325,cell1_HPCA,7,-0.1151,163,37,37.0
326,cell1_HPCA,7,-0.1294,163,38,38.0
327,cell1_HPCA,7,-0.1176,163,39,39.0
328,cell1_HPCA,7,-0.1222,163,40,40.0
329,cell1_HPCA,7,-0.1321,163,41,41.0
330,cell1_HPCA,7,-0.1439,163,42,42.0
331,cell1_HPCA,7,-0.1352,163,43,43.0
332,cell1_HPCA,7,-0.1438,163,44,44.0
333,cell1_HPCA,7,-0.1347,163,45,45.0
334,cell1_HPCA,7,-0.1315,163,46,46.0
335,cell1_HPCA,7,-0.1306,163,48,47.0
336,cell1_HPCA,8,0.0047,221,0,0.0
337,cell1_HPCA,8,0.0161,221,1,1.0
338,cell1_HPCA,8,-0.0016,221,2,2.0
339,cell1_HPCA,8,-0.0145,221,3,3.0
340,cell1_HPCA,8,-0.0047,221,4,4.0
341,cell1_HPCA,8,-0.0228,221,5,5.0
342,cell1_HPCA,8,0.113,221,6,6.0
343,cell1_HPCA,8,0.13,221,7,7.0
344,cell1_HPCA,8,0.0711,221,8,8.0
345,cell1_HPCA,8,-0.0645,221,9,9.0
346,cell1_HPCA,8,-0.1014,221,10,10.0
347,cell1_HPCA,8,-0.0848,221,11,11.0
348,cell1_HPCA,8,-0.1006,221,12,12.0
349,cell1_HPCA,8,-0.101,221,13,13.0
350,cell1_HPCA,8,-0.1053,221,14,14.0
351,cell1_HPCA,8,-0.1001,221,15,15.0
352,cell1_HPCA,8,-0.0741,221,16,16.0
353,cell1_HPCA,8,-0.0851,221,17,17.0
354,cell1_HPCA,8,-0.1121,221,18,18.0
355,cell1_HPCA,8,-0.1188,221,19,19.0
356,cell1_HPCA,8,-0.1168,221,20,20.0
357,cell1_HPCA,8,-0.097,221,21,21.0
358,cell1_HPCA,8,-0.0959,221,22,22.0
359,cell1_HPCA,8,-0.094,221,23,23.0
360,cell1_HPCA,8,-0.0925,221,24,24.0
361,cell1_HPCA,8,-0.0956,221,25,25.0
362,cell1_HPCA,8,-0.0924,221,26,26.0
363,cell1_HPCA,8,-0.0929,221,27,27.0
364,cell1_HPCA,8,-0.0866,221,28,28.0
365,cell1_HPCA,8,-0.0713,221,29,29.0
366,cell1_HPCA,8,-0.0809,221,30,30.0
367,cell1_HPCA,8,-0.054,221,31,31.0
368,cell1_HPCA,8,-0.053,221,32,32.0
369,cell1_HPCA,8,-0.0479,221,33,33.0
370,cell1_HPCA,8,-0.063,221,34,34.0
371,cell1_HPCA,8,-0.0825,221,35,35.0
372,cell1_HPCA,8,-0.0797,221,36,36.0
373,cell1_HPCA,8,-0.0682,221,37,37.0
374,cell1_HPCA,8,-0.067,221,38,38.0
375,cell1_HPCA,8,-0.0652,221,39,39.0
376,cell1_HPCA,8,-0.0373,221,40,40.0
377,cell1_HPCA,8,-0.0314,221,41,41.0
378,cell1_HPCA,8,-0.0059,221,42,42.0
379,cell1_HPCA,8,0.0193,221,43,43.0
380,cell1_HPCA,8,0.0436,221,44,44.0
381,cell1_HPCA,8,0.0164,221,45,45.0
382,cell1_HPCA,8,0.0157,221,46,46.0
383,cell1_HPCA,8,0.0069,221,48,47.0
384,cell1_HPCA,9,0.0295,112,0,0.0
385,cell1_HPCA,9,-0.0038,112,1,1.0
386,cell1_HPCA,9,-0.0266,112,2,2.0
387,cell1_HPCA,9,-0.0013,112,3,3.0
388,cell1_HPCA,9,0.0022,112,4,4.0
389,cell1_HPCA,9,-0.036,112,5,5.0
390,cell1_HPCA,9,0.253,112,6,6.0
391,cell1_HPCA,9,0.3656,112,7,7.0
392,cell1_HPCA,9,0.3889,112,8,8.0
393,cell1_HPCA,9,0.0132,112,9,9.0
394,cell1_HPCA,9,-0.0763,112,10,10.0
395,cell1_HPCA,9,-0.0839,112,11,11.0
396,cell1_HPCA,9,-0.0793,112,12,12.0
397,cell1_HPCA,9,-0.1195,112,13,13.0
398,cell1_HPCA,9,-0.0976,112,14,14.0
399,cell1_HPCA,9,-0.1119,112,15,15.0
400,cell1_HPCA,9,-0.1035,112,16,16.0
401,cell1_HPCA,9,-0.1413,112,17,17.0
402,cell1_HPCA,9,-0.1562,112,18,18.0
403,cell1_HPCA,9,-0.1451,112,19,19.0
404,cell1_HPCA,9,-0.1449,112,20,20.0
405,cell1_HPCA,9,-0.176,112,21,21.0
406,cell1_HPCA,9,-0.1757,112,22,22.0
407,cell1_HPCA,9,-0.1789,112,23,23.0
408,cell1_HPCA,9,-0.1701,112,24,24.0
409,cell1_HPCA,9,-0.1736,112,25,25.0
410,cell1_HPCA,9,-0.1667,112,26,26.0
411,cell1_HPCA,9,-0.1817,112,27,27.0
412,cell1_HPCA,9,-0.1855,112,28,28.0
413,cell1_HPCA,9,-0.1897,112,29,29.0
414,cell1_HPCA,9,-0.1644,112,30,30.0
415,cell1_HPCA,9,-0.2015,112,31,31.0
416,cell1_HPCA,9,-0.2304,112,32,32.0
417,cell1_HPCA,9,-0.1999,112,33,33.0
418,cell1_HPCA,9,-0.2223,112,34,34.0
419,cell1_HPCA,9,-0.2171,112,35,35.0
420,cell1_HPCA,9,-0.2028,112,36,36.0
421,cell1_HPCA,9,-0.2158,112,37,37.0
422,cell1_HPCA,9,-0.1825,112,38,38.0
423,cell1_HPCA,9,-0.1908,112,39,39.0
424,cell1_HPCA,9,-0.1979,112,40,40.0
425,cell1_HPCA,9,-0.1861,112,41,41.0
426,cell1_HPCA,9,-0.1774,112,42,42.0
427,cell1_HPCA,9,-0.2208,112,43,43.0
428,cell1_HPCA,9,-0.2175,112,44,44.0
429,cell1_HPCA,9,-0.2065,112,45,45.0
430,cell1_HPCA,9,-0.1905,112,46,46.0
431,cell1_HPCA,9,-0.1794,112,48,47.0
432,cell1_HPCA,10,0.0207,178,0,0.0
433,cell1_HPCA,10,0.01,178,1,1.0
434,cell1_HPCA,10,-0.006,178,2,2.0
435,cell1_HPCA,10,-0.0036,178,3,3.0
436,cell1_HPCA,10,-0.0211,178,4,4.0
437,cell1_HPCA,10,-0.0251,178,5,5.0
438,cell1_HPCA,10,0.2229,178,6,6.0
439,cell1_HPCA,10,0.2287,178,7,7.0
440,cell1_HPCA,10,0.1537,178,8,8.0
441,cell1_HPCA,10,-0.0753,178,9,9.0
442,cell1_HPCA,10,-0.093,178,10,10.0
443,cell1_HPCA,10,-0.0913,178,11,11.0
444,cell1_HPCA,10,-0.1067,178,12,12.0
445,cell1_HPCA,10,-0.091,178,13,13.0
446,cell1_HPCA,10,-0.0994,178,14,14.0
447,cell1_HPCA,10,-0.0931,178,15,15.0
448,cell1_HPCA,10,-0.0817,178,16,16.0
449,cell1_HPCA,10,-0.0881,178,17,17.0
450,cell1_HPCA,10,-0.0941,178,18,18.0
451,cell1_HPCA,10,-0.0811,178,19,19.0
452,cell1_HPCA,10,-0.0821,178,20,20.0
453,cell1_HPCA,10,-0.0636,178,21,21.0
454,cell1_HPCA,10,-0.0741,178,22,22.0
455,cell1_HPCA,10,-0.0731,178,23,23.0
456,cell1_HPCA,10,-0.0713,178,24,24.0
457,cell1_HPCA,10,-0.0732,178,25,25.0
458,cell1_HPCA,10,-0.0702,178,26,26.0
459,cell1_HPCA,10,-0.0673,178,27,27.0
460,cell1_HPCA,10,-0.0594,178,28,28.0
461,cell1_HPCA,10,-0.0371,178,29,29.0
462,cell1_HPCA,10,-0.0349,178,30,30.0
463,cell1_HPCA,10,-0.0468,178,31,31.0
464,cell1_HPCA,10,-0.0325,178,32,32.0
465,cell1_HPCA,10,-0.0312,178,33,33.0
466,cell1_HPCA,10,-0.0326,178,34,34.0
467,cell1_HPCA,10,-0.0265,178,35,35.0
468,cell1_HPCA,10,-0.022,178,36,36.0
469,cell1_HPCA,10,-0.0343,178,37,37.0
470,cell1_HPCA,10,-0.0259,178,38,38.0
471,cell1_HPCA,10,-0.0444,178,39,39.0
472,cell1_HPCA,10,-0.0474,178,40,40.0
473,cell1_HPCA,10,-0.0463,178,41,41.0
474,cell1_HPCA,10,-0.0383,178,42,42.0
475,cell1_HPCA,10,-0.03,178,43,43.0
476,cell1_HPCA,10,-0.0298,178,44,44.0
477,cell1_HPCA,10,-0.0345,178,45,45.0
478,cell1_HPCA,10,-0.0215,178,46,46.0
479,cell1_HPCA,10,-0.0323,178,48,47.0
480,cell1_HPCA,11,0.0005,224,0,0.0
481,cell1_HPCA,11,-0.0023,224,1,1.0
482,cell1_HPCA,11,0.0213,224,2,2.0
483,cell1_HPCA,11,-0.0084,224,3,3.0
484,cell1_HPCA,11,-0.011,224,4,4.0
485,cell1_HPCA,11,-0.0186,224,5,5.0
486,cell1_HPCA,11,-0.0002,224,6,6.0
487,cell1_HPCA,11,0.0407,224,7,7.0
488,cell1_HPCA,11,0.0082,224,8,8.0
489,cell1_HPCA,11,-0.0237,224,9,9.0
490,cell1_HPCA,11,-0.0646,224,10,10.0
491,cell1_HPCA,11,-0.0707,224,11,11.0
492,cell1_HPCA,11,-0.0484,224,12,12.0
493,cell1_HPCA,11,-0.0817,224,13,13.0
494,cell1_HPCA,11,-0.1009,224,14,14.0
495,cell1_HPCA,11,-0.0855,224,15,15.0
496,cell1_HPCA,11,-0.0953,224,16,16.0
497,cell1_HPCA,11,-0.109,224,17,17.0
498,cell1_HPCA,11,-0.1224,224,18,18.0
499,cell1_HPCA,11,-0.1296,224,19,19.0
500,cell1_HPCA,11,-0.1165,224,20,20.0
501,cell1_HPCA,11,-0.1446,224,21,21.0
502,cell1_HPCA,11,-0.1287,224,22,22.0
503,cell1_HPCA,11,-0.1872,224,23,23.0
504,cell1_HPCA,11,-0.1857,224,24,24.0
505,cell1_HPCA,11,-0.1936,224,25,25.0
506,cell1_HPCA,11,-0.1553,224,26,26.0
507,cell1_HPCA,11,-0.1565,224,27,27.0
508,cell1_HPCA,11,-0.1632,224,28,28.0
509,cell1_HPCA,11,-0.1437,224,29,29.0
510,cell1_HPCA,11,-0.1574,224,30,30.0
511,cell1_HPCA,11,-0.1565,224,31,31.0
512,cell1_HPCA,11,-0.1535,224,32,32.0
513,cell1_HPCA,11,-0.1366,224,33,33.0
514,cell1_HPCA,11,-0.1833,224,34,34.0
515,cell1_HPCA,11,-0.173,224,35,35.0
516,cell1_HPCA,11,-0.157,224,36,36.0
517,cell1_HPCA,11,-0.1737,224,37,37.0
518,cell1_HPCA,11,-0.1753,224,38,38.0
519,cell1_HPCA,11,-0.2094,224,39,39.0
520,cell1_HPCA,11,-0.2013,224,40,40.0
521,cell1_HPCA,11,-0.219,224,41,41.0
522,cell1_HPCA,11,-0.1904,224,42,42.0
523,cell1_HPCA,11,-0.225,224,43,43.0
524,cell1_HPCA,11,-0.2322,224,44,44.0
525,cell1_HPCA,11,-0.2334,224,45,45.0
526,cell1_HPCA,11,-0.2181,224,46,46.0
527,cell1_HPCA,11,-0.2104,224,48,47.0
528,cell1_HPCA,12,-0.0062,137,0,0.0
529,cell1_HPCA,12,0.0054,137,1,1.0
530,cell1_HPCA,12,-0.0004,137,2,2.0
531,cell1_HPCA,12,0.0024,137,3,3.0
532,cell1_HPCA,12,-0.0011,137,4,4.0
533,cell1_HPCA,12,-0.0113,137,5,5.0
534,cell1_HPCA,12,0.1257,137,6,6.0
535,cell1_HPCA,12,0.1161,137,7,7.0
536,cell1_HPCA,12,0.0845,137,8,8.0
537,cell1_HPCA,12,-0.0558,137,9,9.0
538,cell1_HPCA,12,-0.0963,137,10,10.0
539,cell1_HPCA,12,-0.1168,137,11,11.0
540,cell1_HPCA,12,-0.112,137,12,12.0
541,cell1_HPCA,12,-0.1304,137,13,13.0
542,cell1_HPCA,12,-0.1587,137,14,14.0
543,cell1_HPCA,12,-0.1559,137,15,15.0
544,cell1_HPCA,12,-0.1686,137,16,16.0
545,cell1_HPCA,12,-0.1883,137,17,17.0
546,cell1_HPCA,12,-0.1698,137,18,18.0
547,cell1_HPCA,12,-0.1833,137,19,19.0
548,cell1_HPCA,12,-0.1712,137,20,20.0
549,cell1_HPCA,12,-0.1937,137,21,21.0
550,cell1_HPCA,12,-0.1845,137,22,22.0
551,cell1_HPCA,12,-0.1967,137,23,23.0
552,cell1_HPCA,12,-0.1889,137,24,24.0
553,cell1_HPCA,12,-0.1898,137,25,25.0
554,cell1_HPCA,12,-0.1924,137,26,26.0
555,cell1_HPCA,12,-0.2126,137,27,27.0
556,cell1_HPCA,12,-0.2032,137,28,28.0
557,cell1_HPCA,12,-0.2126,137,29,29.0
558,cell1_HPCA,12,-0.2036,137,30,30.0
559,cell1_HPCA,12,-0.2189,137,31,31.0
560,cell1_HPCA,12,-0.2135,137,32,32.0
561,cell1_HPCA,12,-0.2263,137,33,33.0
562,cell1_HPCA,12,-0.2028,137,34,34.0
563,cell1_HPCA,12,-0.2034,137,35,35.0
564,cell1_HPCA,12,-0.2132,137,36,36.0
565,cell1_HPCA,12,-0.2407,137,37,37.0
566,cell1_HPCA,12,-0.2133,137,38,38.0
567,cell1_HPCA,12,-0.2124,137,39,39.0
568,cell1_HPCA,12,-0.1941,137,40,40.0
569,cell1_HPCA,12,-0.2125,137,41,41.0
570,cell1_HPCA,12,-0.2164,137,42,42.0
571,cell1_HPCA,12,-0.2449,137,43,43.0
572,cell1_HPCA,12,-0.2632,137,44,44.0
573,cell1_HPCA,12,-0.2359,137,45,45.0
574,cell1_HPCA,12,-0.2538,137,46,46.0
575,cell1_HPCA,12,-0.2712,137,48,47.0
576,cell1_HPCA,13,-0.0006,114,0,0.0
577,cell1_HPCA,13,0.0132,114,1,1.0
578,cell1_HPCA,13,0.0048,114,2,2.0
579,cell1_HPCA,13,0.0034,114,3,3.0
580,cell1_HPCA,13,-0.0208,114,4,4.0
581,cell1_HPCA,13,-0.013,114,5,5.0
582,cell1_HPCA,13,0.2495,114,6,6.0
583,cell1_HPCA,13,0.272,114,7,7.0
584,cell1_HPCA,13,0.2714,114,8,8.0
585,cell1_HPCA,13,-0.0132,114,9,9.0
586,cell1_HPCA,13,-0.0745,114,10,10.0
587,cell1_HPCA,13,-0.0893,114,11,11.0
588,cell1_HPCA,13,-0.1033,114,12,12.0
589,cell1_HPCA,13,-0.0975,114,13,13.0
590,cell1_HPCA,13,-0.0966,114,14,14.0
591,cell1_HPCA,13,-0.0638,114,15,15.0
592,cell1_HPCA,13,-0.0351,114,16,16.0
593,cell1_HPCA,13,-0.0798,114,17,17.0
594,cell1_HPCA,13,-0.0715,114,18,18.0
595,cell1_HPCA,13,-0.0747,114,19,19.0
596,cell1_HPCA,13,-0.0844,114,20,20.0
597,cell1_HPCA,13,-0.0937,114,21,21.0
598,cell1_HPCA,13,-0.0706,114,22,22.0
599,cell1_HPCA,13,-0.0731,114,23,23.0
600,cell1_HPCA,13,-0.0591,114,24,24.0
601,cell1_HPCA,13,-0.031,114,25,25.0
602,cell1_HPCA,13,-0.0551,114,26,26.0
603,cell1_HPCA,13,-0.0281,114,27,27.0
604,cell1_HPCA,13,-0.0126,114,28,28.0
605,cell1_HPCA,13,-0.0058,114,29,29.0
606,cell1_HPCA,13,-0.026,114,30,30.0
607,cell1_HPCA,13,-0.0296,114,31,31.0
608,cell1_HPCA,13,-0.0375,114,32,32.0
609,cell1_HPCA,13,-0.0274,114,33,33.0
610,cell1_HPCA,13,-0.0286,114,34,34.0
611,cell1_HPCA,13,-0.0476,114,35,35.0
612,cell1_HPCA,13,-0.08,114,36,36.0
613,cell1_HPCA,13,-0.0788,114,37,37.0
614,cell1_HPCA,13,-0.1037,114,38,38.0
615,cell1_HPCA,13,-0.1427,114,39,39.0
616,cell1_HPCA,13,-0.1564,114,40,40.0
617,cell1_HPCA,13,-0.1457,114,41,41.0
618,cell1_HPCA,13,-0.1593,114,42,42.0
619,cell1_HPCA,13,-0.1325,114,43,43.0
620,cell1_HPCA,13,-0.1349,114,44,44.0
621,cell1_HPCA,13,-0.1369,114,45,45.0
622,cell1_HPCA,13,-0.1562,114,46,46.0
623,cell1_HPCA,13,-0.171,114,48,47.0
624,cell1_HPCA,14,-0.0249,65,0,0.0
625,cell1_HPCA,14,-0.0255,65,1,1.0
626,cell1_HPCA,14,0.0134,65,2,2.0
627,cell1_HPCA,14,0.0164,65,3,3.0
628,cell1_HPCA,14,0.0207,65,4,4.0
629,cell1_HPCA,14,0.0677,65,5,5.0
630,cell1_HPCA,14,0.3374,65,6,6.0
631,cell1_HPCA,14,0.578,65,7,7.0
632,cell1_HPCA,14,0.7005,65,8,8.0
633,cell1_HPCA,14,0.2211,65,9,9.0
634,cell1_HPCA,14,0.0647,65,10,10.0
635,cell1_HPCA,14,-0.0135,65,11,11.0
636,cell1_HPCA,14,-0.085,65,12,12.0
637,cell1_HPCA,14,-0.1154,65,13,13.0
638,cell1_HPCA,14,-0.089,65,14,14.0
639,cell1_HPCA,14,-0.0931,65,15,15.0
640,cell1_HPCA,14,-0.1349,65,16,16.0
641,cell1_HPCA,14,-0.1499,65,17,17.0
642,cell1_HPCA,14,-0.1659,65,18,18.0
643,cell1_HPCA,14,-0.1844,65,19,19.0
644,cell1_HPCA,14,-0.2471,65,20,20.0
645,cell1_HPCA,14,-0.2232,65,21,21.0
646,cell1_HPCA,14,-0.2637,65,22,22.0
647,cell1_HPCA,14,-0.2702,65,23,23.0
648,cell1_HPCA,14,-0.189,65,24,24.0
649,cell1_HPCA,14,-0.1817,65,25,25.0
650,cell1_HPCA,14,-0.1463,65,26,26.0
651,cell1_HPCA,14,-0.1784,65,27,27.0
652,cell1_HPCA,14,-0.208,65,28,28.0
653,cell1_HPCA,14,-0.2237,65,29,29.0
654,cell1_HPCA,14,-0.2037,65,30,30.0
655,cell1_HPCA,14,-0.1558,65,31,31.0
656,cell1_HPCA,14,-0.1368,65,32,32.0
657,cell1_HPCA,14,-0.0578,65,33,33.0
658,cell1_HPCA,14,-0.0516,65,34,34.0
659,cell1_HPCA,14,-0.1029,65,35,35.0
660,cell1_HPCA,14,-0.111,65,36,36.0
661,cell1_HPCA,14,-0.1108,65,37,37.0
662,cell1_HPCA,14,-0.1034,65,38,38.0
663,cell1_HPCA,14,0.0144,65,39,39.0
664,cell1_HPCA,14,0.0134,65,40,40.0
665,cell1_HPCA,14,0.0788,65,41,41.0
666,cell1_HPCA,14,0.0484,65,42,42.0
667,cell1_HPCA,14,0.0642,65,43,43.0
668,cell1_HPCA,14,-0.0361,65,44,44.0
669,cell1_HPCA,14,-0.0143,65,45,45.0
670,cell1_HPCA,14,-0.0687,65,46,46.0
671,cell1_HPCA,14,-0.0966,65,48,47.0
672,cell1_HPCA,15,0.0064,153,0,0.0
673,cell1_HPCA,15,0.0059,153,1,1.0
674,cell1_HPCA,15,-0.0017,153,2,2.0
675,cell1_HPCA,15,-0.0017,153,3,3.0
676,cell1_HPCA,15,-0.0088,153,4,4.0
677,cell1_HPCA,15,-0.0218,153,5,5.0
678,cell1_HPCA,15,0.2349,153,6,6.0
679,cell1_HPCA,15,0.2453,153,7,7.0
680,cell1_HPCA,15,0.2206,153,8,8.0
681,cell1_HPCA,15,-0.0254,153,9,9.0
682,cell1_HPCA,15,-0.0467,153,10,10.0
683,cell1_HPCA,15,-0.0664,153,11,11.0
684,cell1_HPCA,15,-0.0658,153,12,12.0
685,cell1_HPCA,15,-0.061,153,13,13.0
686,cell1_HPCA,15,-0.0654,153,14,14.0
687,cell1_HPCA,15,-0.0672,153,15,15.0
688,cell1_HPCA,15,-0.0546,153,16,16.0
689,cell1_HPCA,15,-0.0448,153,17,17.0
690,cell1_HPCA,15,-0.0427,153,18,18.0
691,cell1_HPCA,15,-0.0456,153,19,19.0
692,cell1_HPCA,15,-0.0447,153,20,20.0
693,cell1_HPCA,15,-0.0526,153,21,21.0
694,cell1_HPCA,15,-0.0608,153,22,22.0
695,cell1_HPCA,15,-0.0701,153,23,23.0
696,cell1_HPCA,15,-0.0629,153,24,24.0
697,cell1_HPCA,15,-0.0483,153,25,25.0
698,cell1_HPCA,15,-0.0434,153,26,26.0
699,cell1_HPCA,15,-0.0556,153,27,27.0
700,cell1_HPCA,15,-0.0704,153,28,28.0
701,cell1_HPCA,15,-0.0657,153,29,29.0
702,cell1_HPCA,15,-0.077,153,30,30.0
703,cell1_HPCA,15,-0.0812,153,31,31.0
704,cell1_HPCA,15,-0.0842,153,32,32.0
705,cell1_HPCA,15,-0.0929,153,33,33.0
706,cell1_HPCA,15,-0.1024,153,34,34.0
707,cell1_HPCA,15,-0.1036,153,35,35.0
708,cell1_HPCA,15,-0.0988,153,36,36.0
709,cell1_HPCA,15,-0.119,153,37,37.0
710,cell1_HPCA,15,-0.1223,153,38,38.0
711,cell1_HPCA,15,-0.1207,153,39,39.0
712,cell1_HPCA,15,-0.1158,153,40,40.0
713,cell1_HPCA,15,-0.1203,153,41,41.0
714,cell1_HPCA,15,-0.1195,153,42,42.0
715,cell1_HPCA,15,-0.105,153,43,43.0
716,cell1_HPCA,15,-0.1088,153,44,44.0
717,cell1_HPCA,15,-0.0996,153,45,45.0
718,cell1_HPCA,15,-0.0995,153,46,46.0
719,cell1_HPCA,15,-0.1032,153,48,47.0
720,cell1_HPCA,16,0.0106,210,0,0.0
721,cell1_HPCA,16,0.0111,210,1,1.0
722,cell1_HPCA,16,-0.0161,210,2,2.0
723,cell1_HPCA,16,-0.0152,210,3,3.0
724,cell1_HPCA,16,0.0096,210,4,4.0
725,cell1_HPCA,16,0.0305,210,5,5.0
726,cell1_HPCA,16,0.1694,210,6,6.0
727,cell1_HPCA,16,0.233,210,7,7.0
728,cell1_HPCA,16,0.1805,210,8,8.0
729,cell1_HPCA,16,0.0005,210,9,9.0
730,cell1_HPCA,16,-0.022,210,10,10.0
731,cell1_HPCA,16,-0.0878,210,11,11.0
732,cell1_HPCA,16,-0.0495,210,12,12.0
733,cell1_HPCA,16,-0.1081,210,13,13.0
734,cell1_HPCA,16,-0.1318,210,14,14.0
735,cell1_HPCA,16,-0.0931,210,15,15.0
736,cell1_HPCA,16,-0.133,210,16,16.0
737,cell1_HPCA,16,-0.0975,210,17,17.0
738,cell1_HPCA,16,-0.137,210,18,18.0
739,cell1_HPCA,16,-0.1726,210,19,19.0
740,cell1_HPCA,16,-0.1345,210,20,20.0
741,cell1_HPCA,16,-0.1852,210,21,21.0
742,cell1_HPCA,16,-0.1857,210,22,22.0
743,cell1_HPCA,16,-0.1744,210,23,23.0
744,cell1_HPCA,16,-0.1903,210,24,24.0
745,cell1_HPCA,16,-0.1785,210,25,25.0
746,cell1_HPCA,16,-0.2117,210,26,26.0
747,cell1_HPCA,16,-0.2224,210,27,27.0
748,cell1_HPCA,16,-0.2241,210,28,28.0
749,cell1_HPCA,16,-0.234,210,29,29.0
750,cell1_HPCA,16,-0.1903,210,30,30.0
751,cell1_HPCA,16,-0.2246,210,31,31.0
752,cell1_HPCA,16,-0.2153,210,32,32.0
753,cell1_HPCA,16,-0.2638,210,33,33.0
754,cell1_HPCA,16,-0.2753,210,34,34.0
755,cell1_HPCA,16,-0.2796,210,35,35.0
756,cell1_HPCA,16,-0.2499,210,36,36.0
757,cell1_HPCA,16,-0.2244,210,37,37.0
758,cell1_HPCA,16,-0.2878,210,38,38.0
759,cell1_HPCA,16,-0.2645,210,39,39.0
760,cell1_HPCA,16,-0.2945,210,40,40.0
761,cell1_HPCA,16,-0.3094,210,41,41.0
762,cell1_HPCA,16,-0.32,210,42,42.0
763,cell1_HPCA,16,-0.3162,210,43,43.0
764,cell1_HPCA,16,-0.3177,210,44,44.0
765,cell1_HPCA,16,-0.2594,210,45,45.0
766,cell1_HPCA,16,-0.2723,210,46,46.0
767,cell1_HPCA,16,-0.2971,210,48,47.0
768,cell1_HPCA,17,0.0124,70,0,0.0
769,cell1_HPCA,17,-0.0075,70,1,1.0
770,cell1_HPCA,17,0.0015,70,2,2.0
771,cell1_HPCA,17,-0.0023,70,3,3.0
772,cell1_HPCA,17,-0.004,70,4,4.0
773,cell1_HPCA,17,-0.0143,70,5,5.0
774,cell1_HPCA,17,0.3054,70,6,6.0
775,cell1_HPCA,17,0.4322,70,7,7.0
776,cell1_HPCA,17,0.401,70,8,8.0
777,cell1_HPCA,17,0.1422,70,9,9.0
778,cell1_HPCA,17,0.0978,70,10,10.0
779,cell1_HPCA,17,0.0716,70,11,11.0
780,cell1_HPCA,17,0.077,70,12,12.0
781,cell1_HPCA,17,0.084,70,13,13.0
782,cell1_HPCA,17,0.0799,70,14,14.0
783,cell1_HPCA,17,0.0536,70,15,15.0
784,cell1_HPCA,17,0.0715,70,16,16.0
785,cell1_HPCA,17,0.0772,70,17,17.0
786,cell1_HPCA,17,0.0916,70,18,18.0
787,cell1_HPCA,17,0.0727,70,19,19.0
788,cell1_HPCA,17,0.043,70,20,20.0
789,cell1_HPCA,17,0.0247,70,21,21.0
790,cell1_HPCA,17,0.0264,70,22,22.0
791,cell1_HPCA,17,0.025,70,23,23.0
792,cell1_HPCA,17,0.0429,70,24,24.0
793,cell1_HPCA,17,0.0649,70,25,25.0
794,cell1_HPCA,17,0.0776,70,26,26.0
795,cell1_HPCA,17,0.1046,70,27,27.0
796,cell1_HPCA,17,0.0986,70,28,28.0
797,cell1_HPCA,17,0.1045,70,29,29.0
798,cell1_HPCA,17,0.1185,70,30,30.0
799,cell1_HPCA,17,0.1465,70,31,31.0
800,cell1_HPCA,17,0.1534,70,32,32.0
801,cell1_HPCA,17,0.1091,70,33,33.0
802,cell1_HPCA,17,0.0663,70,34,34.0
803,cell1_HPCA,17,0.0718,70,35,35.0
804,cell1_HPCA,17,0.0528,70,36,36.0
805,cell1_HPCA,17,0.047,70,37,37.0
806,cell1_HPCA,17,0.0625,70,38,38.0
807,cell1_HPCA,17,0.0371,70,39,39.0
808,cell1_HPCA,17,0.0589,70,40,40.0
809,cell1_HPCA,17,0.0676,70,41,41.0
810,cell1_HPCA,17,0.0366,70,42,42.0
811,cell1_HPCA,17,0.0117,70,43,43.0
812,cell1_HPCA,17,-0.0111,70,44,44.0
813,cell1_HPCA,17,-0.0148,70,45,45.0
814,cell1_HPCA,17,-0.0262,70,46,46.0
815,cell1_HPCA,17,-0.0397,70,48,47.0
816,cell1_HPCA,18,0.0496,117,0,0.0
817,cell1_HPCA,18,-0.0039,117,1,1.0
818,cell1_HPCA,18,-0.0123,117,2,2.0
819,cell1_HPCA,18,-0.0171,117,3,3.0
820,cell1_HPCA,18,-0.0164,117,4,4.0
821,cell1_HPCA,18,-0.0128,117,5,5.0
822,cell1_HPCA,18,0.3129,117,6,6.0
823,cell1_HPCA,18,0.3649,117,7,7.0
824,cell1_HPCA,18,0.3573,117,8,8.0
825,cell1_HPCA,18,-0.0098,117,9,9.0
826,cell1_HPCA,18,0.0115,117,10,10.0
827,cell1_HPCA,18,0.0079,117,11,11.0
828,cell1_HPCA,18,0.0274,117,12,12.0
829,cell1_HPCA,18,0.0557,117,13,13.0
830,cell1_HPCA,18,0.0703,117,14,14.0
831,cell1_HPCA,18,0.0599,117,15,15.0
832,cell1_HPCA,18,0.0519,117,16,16.0
833,cell1_HPCA,18,0.0419,117,17,17.0
834,cell1_HPCA,18,0.0586,117,18,18.0
835,cell1_HPCA,18,0.0503,117,19,19.0
836,cell1_HPCA,18,0.0341,117,20,20.0
837,cell1_HPCA,18,0.0534,117,21,21.0
838,cell1_HPCA,18,0.071,117,22,22.0
839,cell1_HPCA,18,0.0545,117,23,23.0
840,cell1_HPCA,18,0.0536,117,24,24.0
841,cell1_HPCA,18,0.0665,117,25,25.0
842,cell1_HPCA,18,0.0478,117,26,26.0
843,cell1_HPCA,18,0.0554,117,27,27.0
844,cell1_HPCA,18,0.0274,117,28,28.0
845,cell1_HPCA,18,0.0145,117,29,29.0
846,cell1_HPCA,18,-0.0023,117,30,30.0
847,cell1_HPCA,18,-0.0145,117,31,31.0
848,cell1_HPCA,18,-0.017,117,32,32.0
849,cell1_HPCA,18,-0.0149,117,33,33.0
850,cell1_HPCA,18,0.0022,117,34,34.0
851,cell1_HPCA,18,0.0244,117,35,35.0
852,cell1_HPCA,18,0.0202,117,36,36.0
853,cell1_HPCA,18,0.0135,117,37,37.0
854,cell1_HPCA,18,0.0208,117,38,38.0
855,cell1_HPCA,18,-0.0095,117,39,39.0
856,cell1_HPCA,18,0.0038,117,40,40.0
857,cell1_HPCA,18,0.0029,117,41,41.0
858,cell1_HPCA,18,-0.0069,117,42,42.0
859,cell1_HPCA,18,-0.0035,117,43,43.0
860,cell1_HPCA,18,0.0204,117,44,44.0
861,cell1_HPCA,18,0.033,117,45,45.0
862,cell1_HPCA,18,0.0473,117,46,46.0
863,cell1_HPCA,18,0.0715,117,48,47.0
864,cell1_HPCA,19,0.0511,79,0,0.0
865,cell1_HPCA,19,-0.0289,79,1,1.0
866,cell1_HPCA,19,-0.0032,79,2,2.0
867,cell1_HPCA,19,0.0027,79,3,3.0
868,cell1_HPCA,19,-0.0218,79,4,4.0
869,cell1_HPCA,19,-0.0125,79,5,5.0
870,cell1_HPCA,19,0.084,79,6,6.0
871,cell1_HPCA,19,0.1148,79,7,7.0
872,cell1_HPCA,19,0.0786,79,8,8.0
873,cell1_HPCA,19,0.0382,79,9,9.0
874,cell1_HPCA,19,0.0336,79,10,10.0
875,cell1_HPCA,19,-0.0039,79,11,11.0
876,cell1_HPCA,19,0.0074,79,12,12.0
877,cell1_HPCA,19,-0.0228,79,13,13.0
878,cell1_HPCA,19,0.0192,79,14,14.0
879,cell1_HPCA,19,-0.0034,79,15,15.0
880,cell1_HPCA,19,0.0164,79,16,16.0
881,cell1_HPCA,19,-0.0344,79,17,17.0
882,cell1_HPCA,19,-0.1081,79,18,18.0
883,cell1_HPCA,19,-0.0816,79,19,19.0
884,cell1_HPCA,19,-0.088,79,20,20.0
885,cell1_HPCA,19,-0.0752,79,21,21.0
886,cell1_HPCA,19,-0.1029,79,22,22.0
887,cell1_HPCA,19,-0.1249,79,23,23.0
888,cell1_HPCA,19,-0.1719,79,24,24.0
889,cell1_HPCA,19,-0.1452,79,25,25.0
890,cell1_HPCA,19,-0.1544,79,26,26.0
891,cell1_HPCA,19,-0.1658,79,27,27.0
892,cell1_HPCA,19,-0.1936,79,28,28.0
893,cell1_HPCA,19,-0.1897,79,29,29.0
894,cell1_HPCA,19,-0.1868,79,30,30.0
895,cell1_HPCA,19,-0.2,79,31,31.0
896,cell1_HPCA,19,-0.2194,79,32,32.0
897,cell1_HPCA,19,-0.2037,79,33,33.0
898,cell1_HPCA,19,-0.2157,79,34,34.0
899,cell1_HPCA,19,-0.2284,79,35,35.0
900,cell1_HPCA,19,-0.2135,79,36,36.0
901,cell1_HPCA,19,-0.2331,79,37,37.0
902,cell1_HPCA,19,-0.2073,79,38,38.0
903,cell1_HPCA,19,-0.2009,79,39,39.0
904,cell1_HPCA,19,-0.2462,79,40,40.0
905,cell1_HPCA,19,-0.2537,79,41,41.0
906,cell1_HPCA,19,-0.2722,79,42,42.0
907,cell1_HPCA,19,-0.3053,79,43,43.0
908,cell1_HPCA,19,-0.2858,79,44,44.0
909,cell1_HPCA,19,-0.2321,79,45,45.0
910,cell1_HPCA,19,-0.2923,79,46,46.0
911,cell1_HPCA,19,-0.2619,79,48,47.0
912,cell1_HPCA,20,0.0268,83,0,0.0
913,cell1_HPCA,20,0.0184,83,1,1.0
914,cell1_HPCA,20,0.0096,83,2,2.0
915,cell1_HPCA,20,-0.0193,83,3,3.0
916,cell1_HPCA,20,-0.0355,83,4,4.0
917,cell1_HPCA,20,-0.0379,83,5,5.0
918,cell1_HPCA,20,0.3955,83,6,6.0
919,cell1_HPCA,20,0.4882,83,7,7.0
920,cell1_HPCA,20,0.4548,83,8,8.0
921,cell1_HPCA,20,0.0796,83,9,9.0
922,cell1_HPCA,20,0.0418,83,10,10.0
923,cell1_HPCA,20,0.0203,83,11,11.0
924,cell1_HPCA,20,0.0031,83,12,12.0
925,cell1_HPCA,20,-0.0162,83,13,13.0
926,cell1_HPCA,20,-0.0443,83,14,14.0
927,cell1_HPCA,20,-0.0224,83,15,15.0
928,cell1_HPCA,20,-0.0043,83,16,16.0
929,cell1_HPCA,20,-0.0049,83,17,17.0
930,cell1_HPCA,20,-0.0069,83,18,18.0
931,cell1_HPCA,20,-0.0191,83,19,19.0
932,cell1_HPCA,20,-0.0377,83,20,20.0
933,cell1_HPCA,20,-0.052,83,21,21.0
934,cell1_HPCA,20,-0.078,83,22,22.0
935,cell1_HPCA,20,-0.0921,83,23,23.0
936,cell1_HPCA,20,-0.1017,83,24,24.0
937,cell1_HPCA,20,-0.1207,83,25,25.0
938,cell1_HPCA,20,-0.1254,83,26,26.0
939,cell1_HPCA,20,-0.1522,83,27,27.0
940,cell1_HPCA,20,-0.1577,83,28,28.0
941,cell1_HPCA,20,-0.1597,83,29,29.0
942,cell1_HPCA,20,-0.1571,83,30,30.0
943,cell1_HPCA,20,-0.159,83,31,31.0
944,cell1_HPCA,20,-0.1698,83,32,32.0
945,cell1_HPCA,20,-0.1546,83,33,33.0
946,cell1_HPCA,20,-0.1389,83,34,34.0
947,cell1_HPCA,20,-0.1357,83,35,35.0
948,cell1_HPCA,20,-0.1177,83,36,36.0
949,cell1_HPCA,20,-0.0953,83,37,37.0
950,cell1_HPCA,20,-0.1058,83,38,38.0
951,cell1_HPCA,20,-0.1053,83,39,39.0
952,cell1_HPCA,20,-0.1075,83,40,40.0
953,cell1_HPCA,20,-0.1078,83,41,41.0
954,cell1_HPCA,20,-0.1412,83,42,42.0
955,cell1_HPCA,20,-0.1503,83,43,43.0
956,cell1_HPCA,20,-0.1511,83,44,44.0
957,cell1_HPCA,20,-0.1233,83,45,45.0
958,cell1_HPCA,20,-0.1152,83,46,46.0
959,cell1_HPCA,20,-0.1135,83,48,47.0
960,cell1_HPCA,21,-0.0455,73,0,0.0
961,cell1_HPCA,21,0.0026,73,1,1.0
962,cell1_HPCA,21,0.0259,73,2,2.0
963,cell1_HPCA,21,0.0416,73,3,3.0
964,cell1_HPCA,21,-0.0245,73,4,4.0
965,cell1_HPCA,21,0.005,73,5,5.0
966,cell1_HPCA,21,0.1473,73,6,6.0
967,cell1_HPCA,21,0.2384,73,7,7.0
968,cell1_HPCA,21,0.1874,73,8,8.0
969,cell1_HPCA,21,0.0122,73,9,9.0
970,cell1_HPCA,21,-0.0429,73,10,10.0
971,cell1_HPCA,21,-0.0879,73,11,11.0
972,cell1_HPCA,21,-0.0607,73,12,12.0
973,cell1_HPCA,21,-0.0629,73,13,13.0
974,cell1_HPCA,21,-0.0777,73,14,14.0
975,cell1_HPCA,21,-0.1022,73,15,15.0
976,cell1_HPCA,21,-0.1472,73,16,16.0
977,cell1_HPCA,21,-0.1838,73,17,17.0
978,cell1_HPCA,21,-0.1773,73,18,18.0
979,cell1_HPCA,21,-0.2038,73,19,19.0
980,cell1_HPCA,21,-0.2247,73,20,20.0
981,cell1_HPCA,21,-0.2306,73,21,21.0
982,cell1_HPCA,21,-0.2318,73,22,22.0
983,cell1_HPCA,21,-0.1991,73,23,23.0
984,cell1_HPCA,21,-0.1956,73,24,24.0
985,cell1_HPCA,21,-0.1613,73,25,25.0
986,cell1_HPCA,21,-0.183,73,26,26.0
987,cell1_HPCA,21,-0.209,73,27,27.0
988,cell1_HPCA,21,-0.2362,73,28,28.0
989,cell1_HPCA,21,-0.2263,73,29,29.0
990,cell1_HPCA,21,-0.2227,73,30,30.0
991,cell1_HPCA,21,-0.2187,73,31,31.0
992,cell1_HPCA,21,-0.2287,73,32,32.0
993,cell1_HPCA,21,-0.2252,73,33,33.0
994,cell1_HPCA,21,-0.2175,73,34,34.0
995,cell1_HPCA,21,-0.2455,73,35,35.0
996,cell1_HPCA,21,-0.2543,73,36,36.0
997,cell1_HPCA,21,-0.2701,73,37,37.0
998,cell1_HPCA,21,-0.2871,73,38,38.0
999,cell1_HPCA,21,-0.2839,73,39,39.0
1000,cell1_HPCA,21,-0.2848,73,40,40.0
1001,cell1_HPCA,21,-0.2684,73,41,41.0
1002,cell1_HPCA,21,-0.2924,73,42,42.0
1003,cell1_HPCA,21,-0.2853,73,43,43.0
1004,cell1_HPCA,21,-0.2864,73,44,44.0
1005,cell1_HPCA,21,-0.2888,73,45,45.0
1006,cell1_HPCA,21,-0.2993,73,46,46.0
1007,cell1_HPCA,21,-0.295,73,48,47.0
1008,cell1_HPCA,22,0.0031,54,0,0.0
1009,cell1_HPCA,22,-0.0091,54,1,1.0
1010,cell1_HPCA,22,-0.0071,54,2,2.0
1011,cell1_HPCA,22,0.0091,54,3,3.0
1012,cell1_HPCA,22,0.0039,54,4,4.0
1013,cell1_HPCA,22,-0.0217,54,5,5.0
1014,cell1_HPCA,22,0.2944,54,6,6.0
1015,cell1_HPCA,22,0.3878,54,7,7.0
1016,cell1_HPCA,22,0.3228,54,8,8.0
1017,cell1_HPCA,22,0.1004,54,9,9.0
1018,cell1_HPCA,22,0.0992,54,10,10.0
1019,cell1_HPCA,22,0.116,54,11,11.0
1020,cell1_HPCA,22,0.1146,54,12,12.0
1021,cell1_HPCA,22,0.0992,54,13,13.0
1022,cell1_HPCA,22,0.1125,54,14,14.0
1023,cell1_HPCA,22,0.1388,54,15,15.0
1024,cell1_HPCA,22,0.146,54,16,16.0
1025,cell1_HPCA,22,0.1405,54,17,17.0
1026,cell1_HPCA,22,0.1133,54,18,18.0
1027,cell1_HPCA,22,0.0646,54,19,19.0
1028,cell1_HPCA,22,0.0177,54,20,20.0
1029,cell1_HPCA,22,-0.0004,54,21,21.0
1030,cell1_HPCA,22,-0.0498,54,22,22.0
1031,cell1_HPCA,22,-0.0357,54,23,23.0
1032,cell1_HPCA,22,-0.0477,54,24,24.0
1033,cell1_HPCA,22,-0.0505,54,25,25.0
1034,cell1_HPCA,22,-0.0268,54,26,26.0
1035,cell1_HPCA,22,-0.0228,54,27,27.0
1036,cell1_HPCA,22,0.0066,54,28,28.0
1037,cell1_HPCA,22,-0.0274,54,29,29.0
1038,cell1_HPCA,22,-0.0365,54,30,30.0
1039,cell1_HPCA,22,-0.0168,54,31,31.0
1040,cell1_HPCA,22,-0.0,54,32,32.0
1041,cell1_HPCA,22,0.0181,54,33,33.0
1042,cell1_HPCA,22,0.0076,54,34,34.0
1043,cell1_HPCA,22,-0.0233,54,35,35.0
1044,cell1_HPCA,22,-0.0591,54,36,36.0
1045,cell1_HPCA,22,-0.0435,54,37,37.0
1046,cell1_HPCA,22,-0.0188,54,38,38.0
1047,cell1_HPCA,22,-0.0108,54,39,39.0
1048,cell1_HPCA,22,0.0023,54,40,40.0
1049,cell1_HPCA,22,0.012,54,41,41.0
1050,cell1_HPCA,22,0.0053,54,42,42.0
1051,cell1_HPCA,22,-0.0208,54,43,43.0
1052,cell1_HPCA,22,0.0146,54,44,44.0
1053,cell1_HPCA,22,0.0151,54,45,45.0
1054,cell1_HPCA,22,0.0044,54,46,46.0
1055,cell1_HPCA,22,0.0073,54,48,47.0
1056,cell1_HPCA,23,-0.039,23,0,0.0
1057,cell1_HPCA,23,-0.0467,23,1,1.0
1058,cell1_HPCA,23,0.0125,23,2,2.0
1059,cell1_HPCA,23,0.032,23,3,3.0
1060,cell1_HPCA,23,0.0412,23,4,4.0
1061,cell1_HPCA,23,0.0803,23,5,5.0
1062,cell1_HPCA,23,0.3702,23,6,6.0
1063,cell1_HPCA,23,0.4557,23,7,7.0
1064,cell1_HPCA,23,0.3656,23,8,8.0
1065,cell1_HPCA,23,0.202,23,9,9.0
1066,cell1_HPCA,23,0.2112,23,10,10.0
1067,cell1_HPCA,23,0.1484,23,11,11.0
1068,cell1_HPCA,23,0.0893,23,12,12.0
1069,cell1_HPCA,23,0.0352,23,13,13.0
1070,cell1_HPCA,23,-0.0109,23,14,14.0
1071,cell1_HPCA,23,0.0218,23,15,15.0
1072,cell1_HPCA,23,-0.0549,23,16,16.0
1073,cell1_HPCA,23,-0.097,23,17,17.0
1074,cell1_HPCA,23,-0.0533,23,18,18.0
1075,cell1_HPCA,23,-0.0378,23,19,19.0
1076,cell1_HPCA,23,-0.0872,23,20,20.0
1077,cell1_HPCA,23,-0.1102,23,21,21.0
1078,cell1_HPCA,23,-0.1672,23,22,22.0
1079,cell1_HPCA,23,-0.2066,23,23,23.0
1080,cell1_HPCA,23,-0.2482,23,24,24.0
1081,cell1_HPCA,23,-0.247,23,25,25.0
1082,cell1_HPCA,23,-0.2107,23,26,26.0
1083,cell1_HPCA,23,-0.1748,23,27,27.0
1084,cell1_HPCA,23,-0.1736,23,28,28.0
1085,cell1_HPCA,23,-0.2146,23,29,29.0
1086,cell1_HPCA,23,-0.2001,23,30,30.0
1087,cell1_HPCA,23,-0.179,23,31,31.0
1088,cell1_HPCA,23,-0.1556,23,32,32.0
1089,cell1_HPCA,23,-0.2146,23,33,33.0
1090,cell1_HPCA,23,-0.2176,23,34,34.0
1091,cell1_HPCA,23,-0.2379,23,35,35.0
1092,cell1_HPCA,23,-0.2461,23,36,36.0
1093,cell1_HPCA,23,-0.1894,23,37,37.0
1094,cell1_HPCA,23,-0.2107,23,38,38.0
1095,cell1_HPCA,23,-0.1616,23,39,39.0
1096,cell1_HPCA,23,-0.1966,23,40,40.0
1097,cell1_HPCA,23,-0.1954,23,41,41.0
1098,cell1_HPCA,23,-0.2426,23,42,42.0
1099,cell1_HPCA,23,-0.292,23,43,43.0
1100,cell1_HPCA,23,-0.2794,23,44,44.0
1101,cell1_HPCA,23,-0.3202,23,45,45.0
1102,cell1_HPCA,23,-0.3136,23,46,46.0
1103,cell1_HPCA,23,-0.3156,23,48,47.0
1104,cell1_HPCA,24,0.005,65,0,0.0
1105,cell1_HPCA,24,0.0035,65,1,1.0
1106,cell1_HPCA,24,-0.0118,65,2,2.0
1107,cell1_HPCA,24,-0.0115,65,3,3.0
1108,cell1_HPCA,24,0.0149,65,4,4.0
1109,cell1_HPCA,24,-0.0013,65,5,5.0
1110,cell1_HPCA,24,0.1991,65,6,6.0
1111,cell1_HPCA,24,0.1999,65,7,7.0
1112,cell1_HPCA,24,0.1658,65,8,8.0
1113,cell1_HPCA,24,0.0182,65,9,9.0
1114,cell1_HPCA,24,-0.0041,65,10,10.0
1115,cell1_HPCA,24,-0.0206,65,11,11.0
1116,cell1_HPCA,24,-0.0129,65,12,12.0
1117,cell1_HPCA,24,-0.0184,65,13,13.0
1118,cell1_HPCA,24,-0.0268,65,14,14.0
1119,cell1_HPCA,24,-0.028,65,15,15.0
1120,cell1_HPCA,24,-0.0312,65,16,16.0
1121,cell1_HPCA,24,-0.0298,65,17,17.0
1122,cell1_HPCA,24,-0.0395,65,18,18.0
1123,cell1_HPCA,24,-0.0563,65,19,19.0
1124,cell1_HPCA,24,-0.079,65,20,20.0
1125,cell1_HPCA,24,-0.0995,65,21,21.0
1126,cell1_HPCA,24,-0.1178,65,22,22.0
1127,cell1_HPCA,24,-0.1147,65,23,23.0
1128,cell1_HPCA,24,-0.1148,65,24,24.0
1129,cell1_HPCA,24,-0.1052,65,25,25.0
1130,cell1_HPCA,24,-0.0931,65,26,26.0
1131,cell1_HPCA,24,-0.1038,65,27,27.0
1132,cell1_HPCA,24,-0.1132,65,28,28.0
1133,cell1_HPCA,24,-0.1017,65,29,29.0
1134,cell1_HPCA,24,-0.1126,65,30,30.0
1135,cell1_HPCA,24,-0.12,65,31,31.0
1136,cell1_HPCA,24,-0.1316,65,32,32.0
1137,cell1_HPCA,24,-0.1547,65,33,33.0
1138,cell1_HPCA,24,-0.1428,65,34,34.0
1139,cell1_HPCA,24,-0.1485,65,35,35.0
1140,cell1_HPCA,24,-0.1321,65,36,36.0
1141,cell1_HPCA,24,-0.1222,65,37,37.0
1142,cell1_HPCA,24,-0.1243,65,38,38.0
1143,cell1_HPCA,24,-0.1311,65,39,39.0
1144,cell1_HPCA,24,-0.1268,65,40,40.0
1145,cell1_HPCA,24,-0.1196,65,41,41.0
1146,cell1_HPCA,24,-0.11,65,42,42.0
1147,cell1_HPCA,24,-0.1086,65,43,43.0
1148,cell1_HPCA,24,-0.1185,65,44,44.0
1149,cell1_HPCA,24,-0.1183,65,45,45.0
1150,cell1_HPCA,24,-0.1209,65,46,46.0
1151,cell1_HPCA,24,-0.103,65,48,47.0
1152,cell1_HPCA,25,0.0183,83,0,0.0
1153,cell1_HPCA,25,0.0099,83,1,1.0
1154,cell1_HPCA,25,-0.0045,83,2,2.0
1155,cell1_HPCA,25,-0.0073,83,3,3.0
1156,cell1_HPCA,25,-0.0164,83,4,4.0
1157,cell1_HPCA,25,-0.0215,83,5,5.0
1158,cell1_HPCA,25,0.1435,83,6,6.0
1159,cell1_HPCA,25,0.1714,83,7,7.0
1160,cell1_HPCA,25,0.1421,83,8,8.0
1161,cell1_HPCA,25,-0.0043,83,9,9.0
1162,cell1_HPCA,25,-0.0446,83,10,10.0
1163,cell1_HPCA,25,-0.0617,83,11,11.0
1164,cell1_HPCA,25,-0.0106,83,12,12.0
1165,cell1_HPCA,25,-0.0093,83,13,13.0
1166,cell1_HPCA,25,-0.0216,83,14,14.0
1167,cell1_HPCA,25,-0.0212,83,15,15.0
1168,cell1_HPCA,25,-0.0284,83,16,16.0
1169,cell1_HPCA,25,-0.0437,83,17,17.0
1170,cell1_HPCA,25,-0.0692,83,18,18.0
1171,cell1_HPCA,25,-0.0898,83,19,19.0
1172,cell1_HPCA,25,-0.104,83,20,20.0
1173,cell1_HPCA,25,-0.1335,83,21,21.0
1174,cell1_HPCA,25,-0.1324,83,22,22.0
1175,cell1_HPCA,25,-0.1217,83,23,23.0
1176,cell1_HPCA,25,-0.1116,83,24,24.0
1177,cell1_HPCA,25,-0.1313,83,25,25.0
1178,cell1_HPCA,25,-0.1264,83,26,26.0
1179,cell1_HPCA,25,-0.1118,83,27,27.0
1180,cell1_HPCA,25,-0.1261,83,28,28.0
1181,cell1_HPCA,25,-0.1323,83,29,29.0
1182,cell1_HPCA,25,-0.1374,83,30,30.0
1183,cell1_HPCA,25,-0.1389,83,31,31.0
1184,cell1_HPCA,25,-0.1391,83,32,32.0
1185,cell1_HPCA,25,-0.1467,83,33,33.0
1186,cell1_HPCA,25,-0.1535,83,34,34.0
1187,cell1_HPCA,25,-0.1603,83,35,35.0
1188,cell1_HPCA,25,-0.1681,83,36,36.0
1189,cell1_HPCA,25,-0.1656,83,37,37.0
1190,cell1_HPCA,25,-0.1581,83,38,38.0
1191,cell1_HPCA,25,-0.1581,83,39,39.0
1192,cell1_HPCA,25,-0.1437,83,40,40.0
1193,cell1_HPCA,25,-0.1686,83,41,41.0
1194,cell1_HPCA,25,-0.1649,83,42,42.0
1195,cell1_HPCA,25,-0.1873,83,43,43.0
1196,cell1_HPCA,25,-0.18,83,44,44.0
1197,cell1_HPCA,25,-0.1822,83,45,45.0
1198,cell1_HPCA,25,-0.1952,83,46,46.0
1199,cell1_HPCA,25,-0.2158,83,48,47.0
1200,cell1_HPCA,26,-0.0179,176,0,0.0
1201,cell1_HPCA,26,0.0082,176,1,1.0
1202,cell1_HPCA,26,-0.0026,176,2,2.0
1203,cell1_HPCA,26,-0.0021,176,3,3.0
1204,cell1_HPCA,26,0.0144,176,4,4.0
1205,cell1_HPCA,26,0.0468,176,5,5.0
1206,cell1_HPCA,26,0.2648,176,6,6.0
1207,cell1_HPCA,26,0.2786,176,7,7.0
1208,cell1_HPCA,26,0.2351,176,8,8.0
1209,cell1_HPCA,26,0.0114,176,9,9.0
1210,cell1_HPCA,26,-0.0565,176,10,10.0
1211,cell1_HPCA,26,-0.0397,176,11,11.0
1212,cell1_HPCA,26,-0.0623,176,12,12.0
1213,cell1_HPCA,26,-0.0756,176,13,13.0
1214,cell1_HPCA,26,-0.0951,176,14,14.0
1215,cell1_HPCA,26,-0.1028,176,15,15.0
1216,cell1_HPCA,26,-0.0974,176,16,16.0
1217,cell1_HPCA,26,-0.1059,176,17,17.0
1218,cell1_HPCA,26,-0.0974,176,18,18.0
1219,cell1_HPCA,26,-0.0683,176,19,19.0
1220,cell1_HPCA,26,-0.0882,176,20,20.0
1221,cell1_HPCA,26,-0.0674,176,21,21.0
1222,cell1_HPCA,26,-0.046,176,22,22.0
1223,cell1_HPCA,26,-0.0655,176,23,23.0
1224,cell1_HPCA,26,-0.0684,176,24,24.0
1225,cell1_HPCA,26,-0.0884,176,25,25.0
1226,cell1_HPCA,26,-0.1123,176,26,26.0
1227,cell1_HPCA,26,-0.1069,176,27,27.0
1228,cell1_HPCA,26,-0.1066,176,28,28.0
1229,cell1_HPCA,26,-0.0998,176,29,29.0
1230,cell1_HPCA,26,-0.1031,176,30,30.0
1231,cell1_HPCA,26,-0.1163,176,31,31.0
1232,cell1_HPCA,26,-0.122,176,32,32.0
1233,cell1_HPCA,26,-0.1371,176,33,33.0
1234,cell1_HPCA,26,-0.1524,176,34,34.0
1235,cell1_HPCA,26,-0.1648,176,35,35.0
1236,cell1_HPCA,26,-0.1445,176,36,36.0
1237,cell1_HPCA,26,-0.1597,176,37,37.0
1238,cell1_HPCA,26,-0.1719,176,38,38.0
1239,cell1_HPCA,26,-0.1508,176,39,39.0
1240,cell1_HPCA,26,-0.1576,176,40,40.0
1241,cell1_HPCA,26,-0.1778,176,41,41.0
1242,cell1_HPCA,26,-0.1768,176,42,42.0
1243,cell1_HPCA,26,-0.1993,176,43,43.0
1244,cell1_HPCA,26,-0.1856,176,44,44.0
1245,cell1_HPCA,26,-0.1705,176,45,45.0
1246,cell1_HPCA,26,-0.1771,176,46,46.0
1247,cell1_HPCA,26,-0.1941,176,48,47.0
1248,cell1_HPCA,27,0.0187,62,0,0.0
1249,cell1_HPCA,27,0.0056,62,1,1.0
1250,cell1_HPCA,27,-0.0065,62,2,2.0
1251,cell1_HPCA,27,-0.0106,62,3,3.0
1252,cell1_HPCA,27,-0.0073,62,4,4.0
1253,cell1_HPCA,27,-0.0271,62,5,5.0
1254,cell1_HPCA,27,0.5009,62,6,6.0
1255,cell1_HPCA,27,0.3913,62,7,7.0
1256,cell1_HPCA,27,0.3167,62,8,8.0
1257,cell1_HPCA,27,0.0535,62,9,9.0
1258,cell1_HPCA,27,0.0255,62,10,10.0
1259,cell1_HPCA,27,-0.0052,62,11,11.0
1260,cell1_HPCA,27,-0.0162,62,12,12.0
1261,cell1_HPCA,27,-0.0136,62,13,13.0
1262,cell1_HPCA,27,-0.0191,62,14,14.0
1263,cell1_HPCA,27,-0.0346,62,15,15.0
1264,cell1_HPCA,27,-0.0454,62,16,16.0
1265,cell1_HPCA,27,-0.0289,62,17,17.0
1266,cell1_HPCA,27,-0.0574,62,18,18.0
1267,cell1_HPCA,27,-0.0739,62,19,19.0
1268,cell1_HPCA,27,-0.0735,62,20,20.0
1269,cell1_HPCA,27,-0.0799,62,21,21.0
1270,cell1_HPCA,27,-0.1129,62,22,22.0
1271,cell1_HPCA,27,-0.1114,62,23,23.0
1272,cell1_HPCA,27,-0.1014,62,24,24.0
1273,cell1_HPCA,27,-0.0795,62,25,25.0
1274,cell1_HPCA,27,-0.1084,62,26,26.0
1275,cell1_HPCA,27,-0.0806,62,27,27.0
1276,cell1_HPCA,27,-0.0843,62,28,28.0
1277,cell1_HPCA,27,-0.0816,62,29,29.0
1278,cell1_HPCA,27,-0.0933,62,30,30.0
1279,cell1_HPCA,27,-0.119,62,31,31.0
1280,cell1_HPCA,27,-0.1086,62,32,32.0
1281,cell1_HPCA,27,-0.1207,62,33,33.0
1282,cell1_HPCA,27,-0.1089,62,34,34.0
1283,cell1_HPCA,27,-0.1211,62,35,35.0
1284,cell1_HPCA,27,-0.1241,62,36,36.0
1285,cell1_HPCA,27,-0.1361,62,37,37.0
1286,cell1_HPCA,27,-0.1282,62,38,38.0
1287,cell1_HPCA,27,-0.1244,62,39,39.0
1288,cell1_HPCA,27,-0.0967,62,40,40.0
1289,cell1_HPCA,27,-0.094,62,41,41.0
1290,cell1_HPCA,27,-0.104,62,42,42.0
1291,cell1_HPCA,27,-0.1152,62,43,43.0
1292,cell1_HPCA,27,-0.1153,62,44,44.0
1293,cell1_HPCA,27,-0.1306,62,45,45.0
1294,cell1_HPCA,27,-0.1369,62,46,46.0
1295,cell1_HPCA,27,-0.1597,62,48,47.0
1296,cell1_HPCA,28,0.0171,44,0,0.0
1297,cell1_HPCA,28,0.0045,44,1,1.0
1298,cell1_HPCA,28,0.0072,44,2,2.0
1299,cell1_HPCA,28,-0.0103,44,3,3.0
1300,cell1_HPCA,28,-0.0184,44,4,4.0
1301,cell1_HPCA,28,-0.0026,44,5,5.0
1302,cell1_HPCA,28,0.2949,44,6,6.0
1303,cell1_HPCA,28,0.3132,44,7,7.0
1304,cell1_HPCA,28,0.2233,44,8,8.0
1305,cell1_HPCA,28,0.0162,44,9,9.0
1306,cell1_HPCA,28,0.046,44,10,10.0
1307,cell1_HPCA,28,0.0494,44,11,11.0
1308,cell1_HPCA,28,0.0621,44,12,12.0
1309,cell1_HPCA,28,0.0545,44,13,13.0
1310,cell1_HPCA,28,0.0591,44,14,14.0
1311,cell1_HPCA,28,0.0342,44,15,15.0
1312,cell1_HPCA,28,0.0687,44,16,16.0
1313,cell1_HPCA,28,0.0721,44,17,17.0
1314,cell1_HPCA,28,0.0897,44,18,18.0
1315,cell1_HPCA,28,0.1334,44,19,19.0
1316,cell1_HPCA,28,0.19,44,20,20.0
1317,cell1_HPCA,28,0.1485,44,21,21.0
1318,cell1_HPCA,28,0.1054,44,22,22.0
1319,cell1_HPCA,28,0.1211,44,23,23.0
1320,cell1_HPCA,28,0.1451,44,24,24.0
1321,cell1_HPCA,28,0.1685,44,25,25.0
1322,cell1_HPCA,28,0.1371,44,26,26.0
1323,cell1_HPCA,28,0.1753,44,27,27.0
1324,cell1_HPCA,28,0.1594,44,28,28.0
1325,cell1_HPCA,28,0.2048,44,29,29.0
1326,cell1_HPCA,28,0.2281,44,30,30.0
1327,cell1_HPCA,28,0.2144,44,31,31.0
1328,cell1_HPCA,28,0.186,44,32,32.0
1329,cell1_HPCA,28,0.1685,44,33,33.0
1330,cell1_HPCA,28,0.1874,44,34,34.0
1331,cell1_HPCA,28,0.203,44,35,35.0
1332,cell1_HPCA,28,0.2077,44,36,36.0
1333,cell1_HPCA,28,0.1742,44,37,37.0
1334,cell1_HPCA,28,0.1723,44,38,38.0
1335,cell1_HPCA,28,0.1311,44,39,39.0
1336,cell1_HPCA,28,0.1142,44,40,40.0
1337,cell1_HPCA,28,0.0932,44,41,41.0
1338,cell1_HPCA,28,0.0716,44,42,42.0
1339,cell1_HPCA,28,0.0244,44,43,43.0
1340,cell1_HPCA,28,0.0757,44,44,44.0
1341,cell1_HPCA,28,0.0595,44,45,45.0
1342,cell1_HPCA,28,0.0527,44,46,46.0
1343,cell1_HPCA,28,0.0352,44,48,47.0
1344,cell1_HPCA,29,-0.0035,28,0,0.0
1345,cell1_HPCA,29,-0.011,28,1,1.0
1346,cell1_HPCA,29,-0.0081,28,2,2.0
1347,cell1_HPCA,29,0.0106,28,3,3.0
1348,cell1_HPCA,29,0.012,28,4,4.0
1349,cell1_HPCA,29,0.013,28,5,5.0
1350,cell1_HPCA,29,0.3397,28,6,6.0
1351,cell1_HPCA,29,0.3165,28,7,7.0
1352,cell1_HPCA,29,0.3059,28,8,8.0
1353,cell1_HPCA,29,0.0741,28,9,9.0
1354,cell1_HPCA,29,0.0409,28,10,10.0
1355,cell1_HPCA,29,0.0685,28,11,11.0
1356,cell1_HPCA,29,0.0616,28,12,12.0
1357,cell1_HPCA,29,0.0557,28,13,13.0
1358,cell1_HPCA,29,0.0562,28,14,14.0
1359,cell1_HPCA,29,0.0189,28,15,15.0
1360,cell1_HPCA,29,0.0003,28,16,16.0
1361,cell1_HPCA,29,-0.0148,28,17,17.0
1362,cell1_HPCA,29,-0.0322,28,18,18.0
1363,cell1_HPCA,29,-0.0059,28,19,19.0
1364,cell1_HPCA,29,-0.0197,28,20,20.0
1365,cell1_HPCA,29,-0.0273,28,21,21.0
1366,cell1_HPCA,29,-0.0363,28,22,22.0
1367,cell1_HPCA,29,0.0247,28,23,23.0
1368,cell1_HPCA,29,0.0088,28,24,24.0
1369,cell1_HPCA,29,-0.0062,28,25,25.0
1370,cell1_HPCA,29,0.0046,28,26,26.0
1371,cell1_HPCA,29,0.0263,28,27,27.0
1372,cell1_HPCA,29,0.0269,28,28,28.0
1373,cell1_HPCA,29,0.0462,28,29,29.0
1374,cell1_HPCA,29,0.0428,28,30,30.0
1375,cell1_HPCA,29,0.0486,28,31,31.0
1376,cell1_HPCA,29,0.0662,28,32,32.0
1377,cell1_HPCA,29,0.0618,28,33,33.0
1378,cell1_HPCA,29,0.0229,28,34,34.0
1379,cell1_HPCA,29,0.0396,28,35,35.0
1380,cell1_HPCA,29,0.0381,28,36,36.0
1381,cell1_HPCA,29,0.0329,28,37,37.0
1382,cell1_HPCA,29,0.0448,28,38,38.0
1383,cell1_HPCA,29,0.0192,28,39,39.0
1384,cell1_HPCA,29,-0.0027,28,40,40.0
1385,cell1_HPCA,29,-0.0023,28,41,41.0
1386,cell1_HPCA,29,0.0106,28,42,42.0
1387,cell1_HPCA,29,0.0145,28,43,43.0
1388,cell1_HPCA,29,0.0024,28,44,44.0
1389,cell1_HPCA,29,-0.0185,28,45,45.0
1390,cell1_HPCA,29,-0.0057,28,46,46.0
1391,cell1_HPCA,29,-0.0177,28,48,47.0
1392,cell1_HPCA,30,0.0206,66,0,0.0
1393,cell1_HPCA,30,-0.0168,66,1,1.0
1394,cell1_HPCA,30,0.007,66,2,2.0
1395,cell1_HPCA,30,0.0014,66,3,3.0
1396,cell1_HPCA,30,-0.0122,66,4,4.0
1397,cell1_HPCA,30,-0.0226,66,5,5.0
1398,cell1_HPCA,30,0.1799,66,6,6.0
1399,cell1_HPCA,30,0.1919,66,7,7.0
1400,cell1_HPCA,30,0.1404,66,8,8.0
1401,cell1_HPCA,30,0.0068,66,9,9.0
1402,cell1_HPCA,30,-0.0506,66,10,10.0
1403,cell1_HPCA,30,-0.0427,66,11,11.0
1404,cell1_HPCA,30,-0.0214,66,12,12.0
1405,cell1_HPCA,30,0.0038,66,13,13.0
1406,cell1_HPCA,30,0.0198,66,14,14.0
1407,cell1_HPCA,30,0.0134,66,15,15.0
1408,cell1_HPCA,30,0.0315,66,16,16.0
1409,cell1_HPCA,30,0.037,66,17,17.0
1410,cell1_HPCA,30,0.0555,66,18,18.0
1411,cell1_HPCA,30,0.0587,66,19,19.0
1412,cell1_HPCA,30,0.0618,66,20,20.0
1413,cell1_HPCA,30,0.0628,66,21,21.0
1414,cell1_HPCA,30,0.0885,66,22,22.0
1415,cell1_HPCA,30,0.086,66,23,23.0
1416,cell1_HPCA,30,0.0804,66,24,24.0
1417,cell1_HPCA,30,0.1193,66,25,25.0
1418,cell1_HPCA,30,0.1297,66,26,26.0
1419,cell1_HPCA,30,0.1393,66,27,27.0
1420,cell1_HPCA,30,0.1383,66,28,28.0
1421,cell1_HPCA,30,0.1013,66,29,29.0
1422,cell1_HPCA,30,0.1218,66,30,30.0
1423,cell1_HPCA,30,0.1516,66,31,31.0
1424,cell1_HPCA,30,0.1596,66,32,32.0
1425,cell1_HPCA,30,0.1808,66,33,33.0
1426,cell1_HPCA,30,0.1672,66,34,34.0
1427,cell1_HPCA,30,0.1987,66,35,35.0
1428,cell1_HPCA,30,0.1617,66,36,36.0
1429,cell1_HPCA,30,0.1662,66,37,37.0
1430,cell1_HPCA,30,0.1659,66,38,38.0
1431,cell1_HPCA,30,0.147,66,39,39.0
1432,cell1_HPCA,30,0.1369,66,40,40.0
1433,cell1_HPCA,30,0.1626,66,41,41.0
1434,cell1_HPCA,30,0.1504,66,42,42.0
1435,cell1_HPCA,30,0.1091,66,43,43.0
1436,cell1_HPCA,30,0.128,66,44,44.0
1437,cell1_HPCA,30,0.118,66,45,45.0
1438,cell1_HPCA,30,0.0596,66,46,46.0
1439,cell1_HPCA,30,0.1206,66,48,47.0
1440,cell1_HPCA,31,0.0213,176,0,0.0
1441,cell1_HPCA,31,-0.0064,176,1,1.0
1442,cell1_HPCA,31,-0.0105,176,2,2.0
1443,cell1_HPCA,31,-0.0091,176,3,3.0
1444,cell1_HPCA,31,0.0048,176,4,4.0
1445,cell1_HPCA,31,-0.0286,176,5,5.0
1446,cell1_HPCA,31,0.1503,176,6,6.0
1447,cell1_HPCA,31,0.1723,176,7,7.0
1448,cell1_HPCA,31,0.1396,176,8,8.0
1449,cell1_HPCA,31,-0.0684,176,9,9.0
1450,cell1_HPCA,31,-0.1156,176,10,10.0
1451,cell1_HPCA,31,-0.1164,176,11,11.0
1452,cell1_HPCA,31,-0.1114,176,12,12.0
1453,cell1_HPCA,31,-0.1159,176,13,13.0
1454,cell1_HPCA,31,-0.1314,176,14,14.0
1455,cell1_HPCA,31,-0.1098,176,15,15.0
1456,cell1_HPCA,31,-0.1084,176,16,16.0
1457,cell1_HPCA,31,-0.0997,176,17,17.0
1458,cell1_HPCA,31,-0.1056,176,18,18.0
1459,cell1_HPCA,31,-0.099,176,19,19.0
1460,cell1_HPCA,31,-0.1097,176,20,20.0
1461,cell1_HPCA,31,-0.1282,176,21,21.0
1462,cell1_HPCA,31,-0.129,176,22,22.0
1463,cell1_HPCA,31,-0.1358,176,23,23.0
1464,cell1_HPCA,31,-0.1466,176,24,24.0
1465,cell1_HPCA,31,-0.1601,176,25,25.0
1466,cell1_HPCA,31,-0.1763,176,26,26.0
1467,cell1_HPCA,31,-0.1472,176,27,27.0
1468,cell1_HPCA,31,-0.1692,176,28,28.0
1469,cell1_HPCA,31,-0.1532,176,29,29.0
1470,cell1_HPCA,31,-0.1376,176,30,30.0
1471,cell1_HPCA,31,-0.1477,176,31,31.0
1472,cell1_HPCA,31,-0.1635,176,32,32.0
1473,cell1_HPCA,31,-0.1182,176,33,33.0
1474,cell1_HPCA,31,-0.1115,176,34,34.0
1475,cell1_HPCA,31,-0.1154,176,35,35.0
1476,cell1_HPCA,31,-0.1116,176,36,36.0
1477,cell1_HPCA,31,-0.1115,176,37,37.0
1478,cell1_HPCA,31,-0.1116,176,38,38.0
1479,cell1_HPCA,31,-0.1406,176,39,39.0
1480,cell1_HPCA,31,-0.0992,176,40,40.0
1481,cell1_HPCA,31,-0.1107,176,41,41.0
1482,cell1_HPCA,31,-0.1368,176,42,42.0
1483,cell1_HPCA,31,-0.1454,176,43,43.0
1484,cell1_HPCA,31,-0.1243,176,44,44.0
1485,cell1_HPCA,31,-0.0986,176,45,45.0
1486,cell1_HPCA,31,-0.0819,176,46,46.0
1487,cell1_HPCA,31,-0.0869,176,48,47.0
1488,cell1_HPCA,32,0.0122,155,0,0.0
1489,cell1_HPCA,32,0.0075,155,1,1.0
1490,cell1_HPCA,32,-0.0069,155,2,2.0
1491,cell1_HPCA,32,-0.0128,155,3,3.0
1492,cell1_HPCA,32,-0.0001,155,4,4.0
1493,cell1_HPCA,32,0.0013,155,5,5.0
1494,cell1_HPCA,32,0.2386,155,6,6.0
1495,cell1_HPCA,32,0.2433,155,7,7.0
1496,cell1_HPCA,32,0.2131,155,8,8.0
1497,cell1_HPCA,32,0.0011,155,9,9.0
1498,cell1_HPCA,32,-0.0599,155,10,10.0
1499,cell1_HPCA,32,-0.0682,155,11,11.0
1500,cell1_HPCA,32,-0.0564,155,12,12.0
1501,cell1_HPCA,32,-0.0755,155,13,13.0
1502,cell1_HPCA,32,-0.0677,155,14,14.0
1503,cell1_HPCA,32,-0.058,155,15,15.0
1504,cell1_HPCA,32,-0.0731,155,16,16.0
1505,cell1_HPCA,32,-0.0846,155,17,17.0
1506,cell1_HPCA,32,-0.0907,155,18,18.0
1507,cell1_HPCA,32,-0.0918,155,19,19.0
1508,cell1_HPCA,32,-0.1073,155,20,20.0
1509,cell1_HPCA,32,-0.1093,155,21,21.0
1510,cell1_HPCA,32,-0.1242,155,22,22.0
1511,cell1_HPCA,32,-0.1111,155,23,23.0
1512,cell1_HPCA,32,-0.1069,155,24,24.0
1513,cell1_HPCA,32,-0.1144,155,25,25.0
1514,cell1_HPCA,32,-0.1215,155,26,26.0
1515,cell1_HPCA,32,-0.1436,155,27,27.0
1516,cell1_HPCA,32,-0.1671,155,28,28.0
1517,cell1_HPCA,32,-0.1503,155,29,29.0
1518,cell1_HPCA,32,-0.154,155,30,30.0
1519,cell1_HPCA,32,-0.1522,155,31,31.0
1520,cell1_HPCA,32,-0.1714,155,32,32.0
1521,cell1_HPCA,32,-0.162,155,33,33.0
1522,cell1_HPCA,32,-0.1459,155,34,34.0
1523,cell1_HPCA,32,-0.1744,155,35,35.0
1524,cell1_HPCA,32,-0.1453,155,36,36.0
1525,cell1_HPCA,32,-0.1323,155,37,37.0
1526,cell1_HPCA,32,-0.1326,155,38,38.0
1527,cell1_HPCA,32,-0.1589,155,39,39.0
1528,cell1_HPCA,32,-0.153,155,40,40.0
1529,cell1_HPCA,32,-0.1497,155,41,41.0
1530,cell1_HPCA,32,-0.1289,155,42,42.0
1531,cell1_HPCA,32,-0.1119,155,43,43.0
1532,cell1_HPCA,32,-0.1282,155,44,44.0
1533,cell1_HPCA,32,-0.1438,155,45,45.0
1534,cell1_HPCA,32,-0.1387,155,46,46.0
1535,cell1_HPCA,32,-0.1226,155,48,47.0
1536,cell1_HPCA,33,0.0109,34,0,0.0
1537,cell1_HPCA,33,0.028,34,1,1.0
1538,cell1_HPCA,33,-0.0573,34,2,2.0
1539,cell1_HPCA,33,-0.0033,34,3,3.0
1540,cell1_HPCA,33,0.0216,34,4,4.0
1541,cell1_HPCA,33,0.067,34,5,5.0
1542,cell1_HPCA,33,0.2975,34,6,6.0
1543,cell1_HPCA,33,0.4432,34,7,7.0
1544,cell1_HPCA,33,0.3996,34,8,8.0
1545,cell1_HPCA,33,0.3623,34,9,9.0
1546,cell1_HPCA,33,0.1856,34,10,10.0
1547,cell1_HPCA,33,0.154,34,11,11.0
1548,cell1_HPCA,33,0.1811,34,12,12.0
1549,cell1_HPCA,33,0.1923,34,13,13.0
1550,cell1_HPCA,33,0.2338,34,14,14.0
1551,cell1_HPCA,33,0.3239,34,15,15.0
1552,cell1_HPCA,33,0.3097,34,16,16.0
1553,cell1_HPCA,33,0.3351,34,17,17.0
1554,cell1_HPCA,33,0.229,34,18,18.0
1555,cell1_HPCA,33,0.2595,34,19,19.0
1556,cell1_HPCA,33,0.3176,34,20,20.0
1557,cell1_HPCA,33,0.3416,34,21,21.0
1558,cell1_HPCA,33,0.3543,34,22,22.0
1559,cell1_HPCA,33,0.2909,34,23,23.0
1560,cell1_HPCA,33,0.2893,34,24,24.0
1561,cell1_HPCA,33,0.343,34,25,25.0
1562,cell1_HPCA,33,0.4263,34,26,26.0
1563,cell1_HPCA,33,0.3621,34,27,27.0
1564,cell1_HPCA,33,0.3727,34,28,28.0
1565,cell1_HPCA,33,0.4155,34,29,29.0
1566,cell1_HPCA,33,0.3692,34,30,30.0
1567,cell1_HPCA,33,0.4436,34,31,31.0
1568,cell1_HPCA,33,0.5285,34,32,32.0
1569,cell1_HPCA,33,0.4637,34,33,33.0
1570,cell1_HPCA,33,0.4615,34,34,34.0
1571,cell1_HPCA,33,0.5617,34,35,35.0
1572,cell1_HPCA,33,0.4988,34,36,36.0
1573,cell1_HPCA,33,0.5051,34,37,37.0
1574,cell1_HPCA,33,0.5511,34,38,38.0
1575,cell1_HPCA,33,0.5959,34,39,39.0
1576,cell1_HPCA,33,0.549,34,40,40.0
1577,cell1_HPCA,33,0.5237,34,41,41.0
1578,cell1_HPCA,33,0.4689,34,42,42.0
1579,cell1_HPCA,33,0.4406,34,43,43.0
1580,cell1_HPCA,33,0.4835,34,44,44.0
1581,cell1_HPCA,33,0.4381,34,45,45.0
1582,cell1_HPCA,33,0.4025,34,46,46.0
1583,cell1_HPCA,33,0.3505,34,48,47.0
1584,cell1_HPCA,34,0.045,50,0,0.0
1585,cell1_HPCA,34,0.0472,50,1,1.0
1586,cell1_HPCA,34,-0.0178,50,2,2.0
1587,cell1_HPCA,34,-0.0328,50,3,3.0
1588,cell1_HPCA,34,-0.0416,50,4,4.0
1589,cell1_HPCA,34,-0.0379,50,5,5.0
1590,cell1_HPCA,34,0.2586,50,6,6.0
1591,cell1_HPCA,34,0.4228,50,7,7.0
1592,cell1_HPCA,34,0.4484,50,8,8.0
1593,cell1_HPCA,34,0.221,50,9,9.0
1594,cell1_HPCA,34,0.2322,50,10,10.0
1595,cell1_HPCA,34,0.1818,50,11,11.0
1596,cell1_HPCA,34,0.1759,50,12,12.0
1597,cell1_HPCA,34,0.2194,50,13,13.0
1598,cell1_HPCA,34,0.2009,50,14,14.0
1599,cell1_HPCA,34,0.2147,50,15,15.0
1600,cell1_HPCA,34,0.1826,50,16,16.0
1601,cell1_HPCA,34,0.1204,50,17,17.0
1602,cell1_HPCA,34,0.0493,50,18,18.0
1603,cell1_HPCA,34,0.1272,50,19,19.0
1604,cell1_HPCA,34,0.0861,50,20,20.0
1605,cell1_HPCA,34,0.1125,50,21,21.0
1606,cell1_HPCA,34,0.0713,50,22,22.0
1607,cell1_HPCA,34,0.0521,50,23,23.0
1608,cell1_HPCA,34,0.009,50,24,24.0
1609,cell1_HPCA,34,0.0061,50,25,25.0
1610,cell1_HPCA,34,-0.0245,50,26,26.0
1611,cell1_HPCA,34,0.0081,50,27,27.0
1612,cell1_HPCA,34,0.0604,50,28,28.0
1613,cell1_HPCA,34,0.0432,50,29,29.0
1614,cell1_HPCA,34,0.0256,50,30,30.0
1615,cell1_HPCA,34,0.0235,50,31,31.0
1616,cell1_HPCA,34,0.0587,50,32,32.0
1617,cell1_HPCA,34,-0.0367,50,33,33.0
1618,cell1_HPCA,34,-0.07,50,34,34.0
1619,cell1_HPCA,34,-0.1256,50,35,35.0
1620,cell1_HPCA,34,-0.1243,50,36,36.0
1621,cell1_HPCA,34,-0.0249,50,37,37.0
1622,cell1_HPCA,34,0.0163,50,38,38.0
1623,cell1_HPCA,34,-0.0005,50,39,39.0
1624,cell1_HPCA,34,-0.0422,50,40,40.0
1625,cell1_HPCA,34,-0.1034,50,41,41.0
1626,cell1_HPCA,34,-0.0524,50,42,42.0
1627,cell1_HPCA,34,-0.0518,50,43,43.0
1628,cell1_HPCA,34,-0.0675,50,44,44.0
1629,cell1_HPCA,34,-0.0429,50,45,45.0
1630,cell1_HPCA,34,0.0469,50,46,46.0
1631,cell1_HPCA,34,0.1107,50,48,47.0
1632,cell1_HPCA,35,-0.0073,39,0,0.0
1633,cell1_HPCA,35,0.013,39,1,1.0
1634,cell1_HPCA,35,0.0019,39,2,2.0
1635,cell1_HPCA,35,0.0057,39,3,3.0
1636,cell1_HPCA,35,-0.0132,39,4,4.0
1637,cell1_HPCA,35,0.0173,39,5,5.0
1638,cell1_HPCA,35,0.3393,39,6,6.0
1639,cell1_HPCA,35,0.4294,39,7,7.0
1640,cell1_HPCA,35,0.377,39,8,8.0
1641,cell1_HPCA,35,0.0756,39,9,9.0
1642,cell1_HPCA,35,0.0675,39,10,10.0
1643,cell1_HPCA,35,0.0885,39,11,11.0
1644,cell1_HPCA,35,0.1362,39,12,12.0
1645,cell1_HPCA,35,0.1206,39,13,13.0
1646,cell1_HPCA,35,0.1091,39,14,14.0
1647,cell1_HPCA,35,0.1376,39,15,15.0
1648,cell1_HPCA,35,0.1312,39,16,16.0
1649,cell1_HPCA,35,0.1119,39,17,17.0
1650,cell1_HPCA,35,0.0909,39,18,18.0
1651,cell1_HPCA,35,0.1007,39,19,19.0
1652,cell1_HPCA,35,0.097,39,20,20.0
1653,cell1_HPCA,35,0.0736,39,21,21.0
1654,cell1_HPCA,35,0.114,39,22,22.0
1655,cell1_HPCA,35,0.084,39,23,23.0
1656,cell1_HPCA,35,0.0516,39,24,24.0
1657,cell1_HPCA,35,0.0678,39,25,25.0
1658,cell1_HPCA,35,0.0639,39,26,26.0
1659,cell1_HPCA,35,0.0634,39,27,27.0
1660,cell1_HPCA,35,0.0338,39,28,28.0
1661,cell1_HPCA,35,0.0302,39,29,29.0
1662,cell1_HPCA,35,0.0155,39,30,30.0
1663,cell1_HPCA,35,0.0201,39,31,31.0
1664,cell1_HPCA,35,0.0045,39,32,32.0
1665,cell1_HPCA,35,0.0001,39,33,33.0
1666,cell1_HPCA,35,-0.0137,39,34,34.0
1667,cell1_HPCA,35,-0.0051,39,35,35.0
1668,cell1_HPCA,35,0.0072,39,36,36.0
1669,cell1_HPCA,35,0.0154,39,37,37.0
1670,cell1_HPCA,35,0.022,39,38,38.0
1671,cell1_HPCA,35,0.0356,39,39,39.0
1672,cell1_HPCA,35,0.0167,39,40,40.0
1673,cell1_HPCA,35,0.0358,39,41,41.0
1674,cell1_HPCA,35,0.0214,39,42,42.0
1675,cell1_HPCA,35,0.0133,39,43,43.0
1676,cell1_HPCA,35,-0.0124,39,44,44.0
1677,cell1_HPCA,35,-0.0164,39,45,45.0
1678,cell1_HPCA,35,-0.0111,39,46,46.0
1679,cell1_HPCA,35,-0.0223,39,48,47.0
