,id,lab_id,roi,dist,index,time,abs_int,dF_int,dF/F0_int,base
0,25_10_09_cell1_3_ch3,ccp,1,235,0,0.0,100.45829772949219,1.2187999486923218,0.012299999594688416,simple
1,25_10_09_cell1_3_ch3,ccp,1,235,1,10.0,100.29170227050781,1.0520999431610107,0.010599999688565731,simple
2,25_10_09_cell1_3_ch3,ccp,1,235,2,20.0,100.77079772949219,1.5312000513076782,0.015399999916553497,simple
3,25_10_09_cell1_3_ch3,ccp,1,235,3,30.0,95.4375,-3.8020999431610107,-0.03830000013113022,simple
4,25_10_09_cell1_3_ch3,ccp,1,235,4,40.0,100.0,0.7603999972343445,0.007699999958276749,simple
5,25_10_09_cell1_3_ch3,ccp,1,235,5,50.0,103.0625,3.8229000568389893,0.03849999979138374,simple
6,25_10_09_cell1_3_ch3,ccp,1,235,6,60.0,102.45829772949219,3.2188000679016113,0.03240000084042549,simple
7,25_10_09_cell1_3_ch3,ccp,1,235,7,70.0,102.47920227050781,3.2395999431610107,0.032600000500679016,simple
8,25_10_09_cell1_3_ch3,ccp,1,235,8,80.0,103.66670227050781,4.42710018157959,0.044599998742341995,simple
9,25_10_09_cell1_3_ch3,ccp,1,235,9,90.0,103.39579772949219,4.156199932098389,0.04190000146627426,simple
10,25_10_09_cell1_3_ch3,ccp,1,235,10,100.0,102.60420227050781,3.3645999431610107,0.033900000154972076,simple
11,25_10_09_cell1_3_ch3,ccp,1,235,11,110.0,101.72920227050781,2.4895999431610107,0.025100000202655792,simple
12,25_10_09_cell1_3_ch3,ccp,1,235,12,120.0,102.4375,3.1979000568389893,0.03220000118017197,simple
13,25_10_09_cell1_3_ch3,ccp,1,235,13,130.0,100.8125,1.5729000568389893,0.015799999237060547,simple
14,25_10_09_cell1_3_ch3,ccp,1,235,14,140.0,99.25,0.010400000028312206,9.999999747378752e-05,simple
15,25_10_09_cell1_3_ch3,ccp,1,235,15,150.0,95.91670227050781,-3.3229000568389893,-0.03350000083446503,simple
16,25_10_09_cell1_3_ch3,ccp,1,235,16,160.0,95.29170227050781,-3.9479000568389893,-0.039799999445676804,simple
17,25_10_09_cell1_3_ch3,ccp,1,235,17,170.0,99.35420227050781,0.11460000276565552,0.0012000000569969416,simple
18,25_10_09_cell1_3_ch3,ccp,1,235,18,180.0,95.27079772949219,-3.9688000679016113,-0.03999999910593033,simple
19,25_10_09_cell1_3_ch3,ccp,1,235,19,190.0,94.04170227050781,-5.19789981842041,-0.052400000393390656,simple
20,25_10_09_cell1_3_ch3,ccp,1,235,20,200.0,90.875,-8.36460018157959,-0.08429999649524689,simple
21,25_10_09_cell1_3_ch3,ccp,1,235,22,210.0,94.08329772949219,-5.156199932098389,-0.052000001072883606,simple
22,25_10_09_cell1_3_ch3,ccp,2,241,0,0.0,105.22000122070312,-4.199999809265137,-0.03840000182390213,simple
23,25_10_09_cell1_3_ch3,ccp,2,241,1,10.0,111.69999694824219,2.2799999713897705,0.020800000056624413,simple
24,25_10_09_cell1_3_ch3,ccp,2,241,2,20.0,110.27999877929688,0.8600000143051147,0.007899999618530273,simple
25,25_10_09_cell1_3_ch3,ccp,2,241,3,30.0,110.4800033569336,1.059999942779541,0.009700000286102295,simple
26,25_10_09_cell1_3_ch3,ccp,2,241,4,40.0,109.76000213623047,0.3400000035762787,0.003100000089034438,simple
27,25_10_09_cell1_3_ch3,ccp,2,241,5,50.0,115.30000305175781,5.880000114440918,0.053700000047683716,simple
28,25_10_09_cell1_3_ch3,ccp,2,241,6,60.0,111.54000091552734,2.119999885559082,0.01940000057220459,simple
29,25_10_09_cell1_3_ch3,ccp,2,241,7,70.0,113.5999984741211,4.179999828338623,0.03819999843835831,simple
30,25_10_09_cell1_3_ch3,ccp,2,241,8,80.0,115.83999633789062,6.420000076293945,0.05869999900460243,simple
31,25_10_09_cell1_3_ch3,ccp,2,241,9,90.0,109.73999786376953,0.3199999928474426,0.002899999963119626,simple
32,25_10_09_cell1_3_ch3,ccp,2,241,10,100.0,107.76000213623047,-1.659999966621399,-0.015200000256299973,simple
33,25_10_09_cell1_3_ch3,ccp,2,241,11,110.0,103.87999725341797,-5.539999961853027,-0.050599999725818634,simple
34,25_10_09_cell1_3_ch3,ccp,2,241,12,120.0,103.73999786376953,-5.679999828338623,-0.051899999380111694,simple
35,25_10_09_cell1_3_ch3,ccp,2,241,13,130.0,102.5,-6.920000076293945,-0.06319999694824219,simple
36,25_10_09_cell1_3_ch3,ccp,2,241,14,140.0,101.0,-8.420000076293945,-0.07699999958276749,simple
37,25_10_09_cell1_3_ch3,ccp,2,241,15,150.0,105.30000305175781,-4.119999885559082,-0.037700001150369644,simple
38,25_10_09_cell1_3_ch3,ccp,2,241,16,160.0,104.0199966430664,-5.400000095367432,-0.049400001764297485,simple
39,25_10_09_cell1_3_ch3,ccp,2,241,17,170.0,103.73999786376953,-5.679999828338623,-0.051899999380111694,simple
40,25_10_09_cell1_3_ch3,ccp,2,241,18,180.0,102.23999786376953,-7.179999828338623,-0.06560000032186508,simple
41,25_10_09_cell1_3_ch3,ccp,2,241,19,190.0,104.69999694824219,-4.71999979019165,-0.04309999942779541,simple
42,25_10_09_cell1_3_ch3,ccp,2,241,20,200.0,102.44000244140625,-6.980000019073486,-0.06379999965429306,simple
43,25_10_09_cell1_3_ch3,ccp,2,241,22,210.0,104.12000274658203,-5.300000190734863,-0.04839999973773956,simple
44,25_10_09_cell1_3_ch3,ccp,3,218,0,0.0,130.125,-3.648400068283081,-0.027300000190734863,simple
45,25_10_09_cell1_3_ch3,ccp,3,218,1,10.0,137.5312042236328,3.7578001022338867,0.02810000069439411,simple
46,25_10_09_cell1_3_ch3,ccp,3,218,2,20.0,136.8125,3.039099931716919,0.022700000554323196,simple
47,25_10_09_cell1_3_ch3,ccp,3,218,3,30.0,130.625,-3.148400068283081,-0.023499999195337296,simple
48,25_10_09_cell1_3_ch3,ccp,3,218,4,40.0,135.0625,1.2891000509262085,0.009600000455975533,simple
49,25_10_09_cell1_3_ch3,ccp,3,218,5,50.0,130.8437957763672,-2.9296998977661133,-0.021900000050663948,simple
50,25_10_09_cell1_3_ch3,ccp,3,218,6,60.0,127.59380340576172,-6.179699897766113,-0.04619999974966049,simple
51,25_10_09_cell1_3_ch3,ccp,3,218,7,70.0,131.3125,-2.460900068283081,-0.018400000408291817,simple
52,25_10_09_cell1_3_ch3,ccp,3,218,8,80.0,135.0,1.2266000509262085,0.009200000204145908,simple
53,25_10_09_cell1_3_ch3,ccp,3,218,9,90.0,126.4375,-7.335899829864502,-0.05480000004172325,simple
54,25_10_09_cell1_3_ch3,ccp,3,218,10,100.0,126.4375,-7.335899829864502,-0.05480000004172325,simple
55,25_10_09_cell1_3_ch3,ccp,3,218,11,110.0,124.78119659423828,-8.992199897766113,-0.06719999760389328,simple
56,25_10_09_cell1_3_ch3,ccp,3,218,12,120.0,120.84380340576172,-12.929699897766113,-0.09669999778270721,simple
57,25_10_09_cell1_3_ch3,ccp,3,218,13,130.0,117.09380340576172,-16.67970085144043,-0.12470000237226486,simple
58,25_10_09_cell1_3_ch3,ccp,3,218,14,140.0,119.21880340576172,-14.554699897766113,-0.1088000014424324,simple
59,25_10_09_cell1_3_ch3,ccp,3,218,15,150.0,124.40619659423828,-9.367199897766113,-0.07000000029802322,simple
60,25_10_09_cell1_3_ch3,ccp,3,218,16,160.0,130.4687957763672,-3.3046998977661133,-0.024700000882148743,simple
61,25_10_09_cell1_3_ch3,ccp,3,218,17,170.0,128.6562042236328,-5.117199897766113,-0.03830000013113022,simple
62,25_10_09_cell1_3_ch3,ccp,3,218,18,180.0,128.0312042236328,-5.742199897766113,-0.042899999767541885,simple
63,25_10_09_cell1_3_ch3,ccp,3,218,19,190.0,123.5625,-10.21090030670166,-0.0763000026345253,simple
64,25_10_09_cell1_3_ch3,ccp,3,218,20,200.0,127.3125,-6.460899829864502,-0.04830000177025795,simple
65,25_10_09_cell1_3_ch3,ccp,3,218,22,210.0,127.71880340576172,-6.054699897766113,-0.04529999941587448,simple
66,25_10_09_cell1_3_ch3,ccp,4,189,0,0.0,90.24240112304688,-4.825799942016602,-0.05079999938607216,simple
67,25_10_09_cell1_3_ch3,ccp,4,189,1,10.0,96.81819915771484,1.75,0.018400000408291817,simple
68,25_10_09_cell1_3_ch3,ccp,4,189,2,20.0,93.78790283203125,-1.2803000211715698,-0.013500000350177288,simple
69,25_10_09_cell1_3_ch3,ccp,4,189,3,30.0,99.42420196533203,4.356100082397461,0.04580000042915344,simple
70,25_10_09_cell1_3_ch3,ccp,4,189,4,40.0,90.6061019897461,-4.462100028991699,-0.04690000042319298,simple
71,25_10_09_cell1_3_ch3,ccp,4,189,5,50.0,95.42420196533203,0.3560999929904938,0.003700000001117587,simple
72,25_10_09_cell1_3_ch3,ccp,4,189,6,60.0,92.42420196533203,-2.643899917602539,-0.027799999341368675,simple
73,25_10_09_cell1_3_ch3,ccp,4,189,7,70.0,93.75759887695312,-1.3106000423431396,-0.013799999840557575,simple
74,25_10_09_cell1_3_ch3,ccp,4,189,8,80.0,94.15149688720703,-0.916700005531311,-0.009600000455975533,simple
75,25_10_09_cell1_3_ch3,ccp,4,189,9,90.0,97.90910339355469,2.84089994430542,0.029899999499320984,simple
76,25_10_09_cell1_3_ch3,ccp,4,189,10,100.0,94.78790283203125,-0.28029999136924744,-0.002899999963119626,simple
77,25_10_09_cell1_3_ch3,ccp,4,189,11,110.0,101.48480224609375,6.4166998863220215,0.06750000268220901,simple
78,25_10_09_cell1_3_ch3,ccp,4,189,12,120.0,93.27269744873047,-1.7954000234603882,-0.01889999955892563,simple
79,25_10_09_cell1_3_ch3,ccp,4,189,13,130.0,89.51519775390625,-5.552999973297119,-0.058400001376867294,simple
80,25_10_09_cell1_3_ch3,ccp,4,189,14,140.0,91.57579803466797,-3.4923999309539795,-0.03669999912381172,simple
81,25_10_09_cell1_3_ch3,ccp,4,189,15,150.0,92.0,-3.06820011138916,-0.03229999914765358,simple
82,25_10_09_cell1_3_ch3,ccp,4,189,16,160.0,89.42420196533203,-5.643899917602539,-0.05939999967813492,simple
83,25_10_09_cell1_3_ch3,ccp,4,189,17,170.0,90.9697036743164,-4.098499774932861,-0.04309999942779541,simple
84,25_10_09_cell1_3_ch3,ccp,4,189,18,180.0,85.90910339355469,-9.159099578857422,-0.09629999846220016,simple
85,25_10_09_cell1_3_ch3,ccp,4,189,19,190.0,81.54550170898438,-13.522700309753418,-0.14219999313354492,simple
86,25_10_09_cell1_3_ch3,ccp,4,189,20,200.0,85.63639831542969,-9.43179988861084,-0.09920000284910202,simple
87,25_10_09_cell1_3_ch3,ccp,4,189,22,210.0,81.6969985961914,-13.371199607849121,-0.14059999585151672,simple
88,25_10_09_cell1_3_ch3,ccp,5,158,0,0.0,82.5,-1.25,-0.01489999983459711,simple
89,25_10_09_cell1_3_ch3,ccp,5,158,1,10.0,79.5,-4.25,-0.050700001418590546,simple
90,25_10_09_cell1_3_ch3,ccp,5,158,2,20.0,83.5,-0.25,-0.003000000026077032,simple
91,25_10_09_cell1_3_ch3,ccp,5,158,3,30.0,89.5,5.75,0.06870000064373016,simple
92,25_10_09_cell1_3_ch3,ccp,5,158,4,40.0,86.5,2.75,0.03280000016093254,simple
93,25_10_09_cell1_3_ch3,ccp,5,158,5,50.0,85.5,1.75,0.020899999886751175,simple
94,25_10_09_cell1_3_ch3,ccp,5,158,6,60.0,88.5,4.75,0.056699998676776886,simple
95,25_10_09_cell1_3_ch3,ccp,5,158,7,70.0,85.0,1.25,0.01489999983459711,simple
96,25_10_09_cell1_3_ch3,ccp,5,158,8,80.0,82.0,-1.75,-0.020899999886751175,simple
97,25_10_09_cell1_3_ch3,ccp,5,158,9,90.0,89.0,5.25,0.06270000338554382,simple
98,25_10_09_cell1_3_ch3,ccp,5,158,10,100.0,80.5,-3.25,-0.03880000114440918,simple
99,25_10_09_cell1_3_ch3,ccp,5,158,11,110.0,79.0,-4.75,-0.056699998676776886,simple
100,25_10_09_cell1_3_ch3,ccp,5,158,12,120.0,73.5,-10.25,-0.12240000069141388,simple
101,25_10_09_cell1_3_ch3,ccp,5,158,13,130.0,76.0,-7.75,-0.0925000011920929,simple
102,25_10_09_cell1_3_ch3,ccp,5,158,14,140.0,75.0,-8.75,-0.10450000315904617,simple
103,25_10_09_cell1_3_ch3,ccp,5,158,15,150.0,71.0,-12.75,-0.15219999849796295,simple
104,25_10_09_cell1_3_ch3,ccp,5,158,16,160.0,77.5,-6.25,-0.07460000365972519,simple
105,25_10_09_cell1_3_ch3,ccp,5,158,17,170.0,74.0,-9.75,-0.11640000343322754,simple
106,25_10_09_cell1_3_ch3,ccp,5,158,18,180.0,70.0,-13.75,-0.16419999301433563,simple
107,25_10_09_cell1_3_ch3,ccp,5,158,19,190.0,73.0,-10.75,-0.12839999794960022,simple
108,25_10_09_cell1_3_ch3,ccp,5,158,20,200.0,67.0,-16.75,-0.20000000298023224,simple
109,25_10_09_cell1_3_ch3,ccp,5,158,22,210.0,72.0,-11.75,-0.14030000567436218,simple
110,25_10_09_cell1_3_ch3,ccp,6,143,0,0.0,70.0,-5.0,-0.06669999659061432,simple
111,25_10_09_cell1_3_ch3,ccp,6,143,1,10.0,78.0,3.0,0.03999999910593033,simple
112,25_10_09_cell1_3_ch3,ccp,6,143,2,20.0,74.0,-1.0,-0.013299999758601189,simple
113,25_10_09_cell1_3_ch3,ccp,6,143,3,30.0,78.0,3.0,0.03999999910593033,simple
114,25_10_09_cell1_3_ch3,ccp,6,143,4,40.0,68.5,-6.5,-0.08669999986886978,simple
115,25_10_09_cell1_3_ch3,ccp,6,143,5,50.0,68.0,-7.0,-0.093299999833107,simple
116,25_10_09_cell1_3_ch3,ccp,6,143,6,60.0,67.5,-7.5,-0.10000000149011612,simple
117,25_10_09_cell1_3_ch3,ccp,6,143,7,70.0,71.0,-4.0,-0.053300000727176666,simple
118,25_10_09_cell1_3_ch3,ccp,6,143,8,80.0,69.5,-5.5,-0.07329999655485153,simple
119,25_10_09_cell1_3_ch3,ccp,6,143,9,90.0,64.0,-11.0,-0.14669999480247498,simple
120,25_10_09_cell1_3_ch3,ccp,6,143,10,100.0,71.5,-3.5,-0.04670000076293945,simple
121,25_10_09_cell1_3_ch3,ccp,6,143,11,110.0,67.5,-7.5,-0.10000000149011612,simple
122,25_10_09_cell1_3_ch3,ccp,6,143,12,120.0,64.0,-11.0,-0.14669999480247498,simple
123,25_10_09_cell1_3_ch3,ccp,6,143,13,130.0,67.5,-7.5,-0.10000000149011612,simple
124,25_10_09_cell1_3_ch3,ccp,6,143,14,140.0,58.5,-16.5,-0.2199999988079071,simple
125,25_10_09_cell1_3_ch3,ccp,6,143,15,150.0,61.0,-14.0,-0.1867000013589859,simple
126,25_10_09_cell1_3_ch3,ccp,6,143,16,160.0,65.0,-10.0,-0.13330000638961792,simple
127,25_10_09_cell1_3_ch3,ccp,6,143,17,170.0,69.0,-6.0,-0.07999999821186066,simple
128,25_10_09_cell1_3_ch3,ccp,6,143,18,180.0,65.0,-10.0,-0.13330000638961792,simple
129,25_10_09_cell1_3_ch3,ccp,6,143,19,190.0,62.5,-12.5,-0.16670000553131104,simple
130,25_10_09_cell1_3_ch3,ccp,6,143,20,200.0,60.5,-14.5,-0.19329999387264252,simple
131,25_10_09_cell1_3_ch3,ccp,6,143,22,210.0,65.5,-9.5,-0.1266999989748001,simple
132,25_10_09_cell1_3_ch3,ccp,7,121,0,0.0,114.87879943847656,-0.42419999837875366,-0.003700000001117587,simple
133,25_10_09_cell1_3_ch3,ccp,7,121,1,10.0,119.75759887695312,4.454500198364258,0.038600001484155655,simple
134,25_10_09_cell1_3_ch3,ccp,7,121,2,20.0,115.33329772949219,0.030300000682473183,0.0003000000142492354,simple
135,25_10_09_cell1_3_ch3,ccp,7,121,3,30.0,111.24240112304688,-4.0605998039245605,-0.03519999980926514,simple
136,25_10_09_cell1_3_ch3,ccp,7,121,4,40.0,106.33329772949219,-8.96969985961914,-0.07779999822378159,simple
137,25_10_09_cell1_3_ch3,ccp,7,121,5,50.0,98.18180084228516,-17.121200561523438,-0.148499995470047,simple
138,25_10_09_cell1_3_ch3,ccp,7,121,6,60.0,98.6061019897461,-16.69700050354004,-0.14480000734329224,simple
139,25_10_09_cell1_3_ch3,ccp,7,121,7,70.0,94.81819915771484,-20.484800338745117,-0.1776999980211258,simple
140,25_10_09_cell1_3_ch3,ccp,7,121,8,80.0,90.24240112304688,-25.06060028076172,-0.21729999780654907,simple
141,25_10_09_cell1_3_ch3,ccp,7,121,9,90.0,85.51519775390625,-29.787900924682617,-0.2583000063896179,simple
142,25_10_09_cell1_3_ch3,ccp,7,121,10,100.0,84.93939971923828,-30.36359977722168,-0.26330000162124634,simple
143,25_10_09_cell1_3_ch3,ccp,7,121,11,110.0,81.66670227050781,-33.63639831542969,-0.29170000553131104,simple
144,25_10_09_cell1_3_ch3,ccp,7,121,12,120.0,76.72730255126953,-38.575801849365234,-0.3346000015735626,simple
145,25_10_09_cell1_3_ch3,ccp,7,121,13,130.0,74.12120056152344,-41.181800842285156,-0.3571999967098236,simple
146,25_10_09_cell1_3_ch3,ccp,7,121,14,140.0,74.51519775390625,-40.787899017333984,-0.35370001196861267,simple
147,25_10_09_cell1_3_ch3,ccp,7,121,15,150.0,79.18180084228516,-36.12120056152344,-0.3133000135421753,simple
148,25_10_09_cell1_3_ch3,ccp,7,121,16,160.0,82.3938980102539,-32.90909957885742,-0.28540000319480896,simple
149,25_10_09_cell1_3_ch3,ccp,7,121,17,170.0,83.9697036743164,-31.33329963684082,-0.271699994802475,simple
150,25_10_09_cell1_3_ch3,ccp,7,121,18,180.0,86.09089660644531,-29.212099075317383,-0.2533999979496002,simple
151,25_10_09_cell1_3_ch3,ccp,7,121,19,190.0,83.3030014038086,-32.0,-0.2775000035762787,simple
152,25_10_09_cell1_3_ch3,ccp,7,121,20,200.0,76.24240112304688,-39.06060028076172,-0.33880001306533813,simple
153,25_10_09_cell1_3_ch3,ccp,7,121,22,210.0,77.72730255126953,-37.575801849365234,-0.32589998841285706,simple
154,25_10_09_cell1_3_ch3,ccp,8,108,0,0.0,112.45240020751953,5.089300155639648,0.04740000143647194,simple
155,25_10_09_cell1_3_ch3,ccp,8,108,1,10.0,101.90480041503906,-5.4583001136779785,-0.05079999938607216,simple
156,25_10_09_cell1_3_ch3,ccp,8,108,2,20.0,108.54759979248047,1.184499979019165,0.010999999940395355,simple
157,25_10_09_cell1_3_ch3,ccp,8,108,3,30.0,106.54759979248047,-0.815500020980835,-0.007600000128149986,simple
158,25_10_09_cell1_3_ch3,ccp,8,108,4,40.0,110.5,3.136899948120117,0.029200000688433647,simple
159,25_10_09_cell1_3_ch3,ccp,8,108,5,50.0,98.78569793701172,-8.577400207519531,-0.07989999651908875,simple
160,25_10_09_cell1_3_ch3,ccp,8,108,6,60.0,106.59519958496094,-0.7678999900817871,-0.007199999876320362,simple
161,25_10_09_cell1_3_ch3,ccp,8,108,7,70.0,107.57140350341797,0.20829999446868896,0.0019000000320374966,simple
162,25_10_09_cell1_3_ch3,ccp,8,108,8,80.0,111.80950164794922,4.446400165557861,0.0414000004529953,simple
163,25_10_09_cell1_3_ch3,ccp,8,108,9,90.0,113.21430206298828,5.851200103759766,0.054499998688697815,simple
164,25_10_09_cell1_3_ch3,ccp,8,108,10,100.0,103.57140350341797,-3.7916998863220215,-0.03530000150203705,simple
165,25_10_09_cell1_3_ch3,ccp,8,108,11,110.0,99.95240020751953,-7.410699844360352,-0.0689999982714653,simple
166,25_10_09_cell1_3_ch3,ccp,8,108,12,120.0,100.64289855957031,-6.720200061798096,-0.06260000169277191,simple
167,25_10_09_cell1_3_ch3,ccp,8,108,13,130.0,101.26190185546875,-6.101200103759766,-0.0568000003695488,simple
168,25_10_09_cell1_3_ch3,ccp,8,108,14,140.0,98.45240020751953,-8.910699844360352,-0.08299999684095383,simple
169,25_10_09_cell1_3_ch3,ccp,8,108,15,150.0,102.35710144042969,-5.00600004196167,-0.04659999907016754,simple
170,25_10_09_cell1_3_ch3,ccp,8,108,16,160.0,95.57140350341797,-11.79170036315918,-0.10980000346899033,simple
171,25_10_09_cell1_3_ch3,ccp,8,108,17,170.0,98.42859649658203,-8.934499740600586,-0.08320000022649765,simple
172,25_10_09_cell1_3_ch3,ccp,8,108,18,180.0,101.78569793701172,-5.577400207519531,-0.051899999380111694,simple
173,25_10_09_cell1_3_ch3,ccp,8,108,19,190.0,98.23809814453125,-9.125,-0.08500000089406967,simple
174,25_10_09_cell1_3_ch3,ccp,8,108,20,200.0,95.92859649658203,-11.434499740600586,-0.10649999976158142,simple
175,25_10_09_cell1_3_ch3,ccp,8,108,22,210.0,97.90480041503906,-9.45829963684082,-0.08810000121593475,simple
176,25_10_09_cell1_3_ch3,ccp,9,102,0,0.0,87.33329772949219,-7.0278000831604,-0.07450000196695328,simple
177,25_10_09_cell1_3_ch3,ccp,9,102,1,10.0,95.27780151367188,0.916700005531311,0.009700000286102295,simple
178,25_10_09_cell1_3_ch3,ccp,9,102,2,20.0,97.5,3.1389000415802,0.0333000011742115,simple
179,25_10_09_cell1_3_ch3,ccp,9,102,3,30.0,97.33329772949219,2.9721999168395996,0.03150000050663948,simple
180,25_10_09_cell1_3_ch3,ccp,9,102,4,40.0,97.66670227050781,3.305500030517578,0.03500000014901161,simple
181,25_10_09_cell1_3_ch3,ccp,9,102,5,50.0,98.0,3.6389000415802,0.038600001484155655,simple
182,25_10_09_cell1_3_ch3,ccp,9,102,6,60.0,98.72219848632812,4.361100196838379,0.04619999974966049,simple
183,25_10_09_cell1_3_ch3,ccp,9,102,7,70.0,104.5,10.138899803161621,0.10740000009536743,simple
184,25_10_09_cell1_3_ch3,ccp,9,102,8,80.0,105.11109924316406,10.75,0.11389999836683273,simple
185,25_10_09_cell1_3_ch3,ccp,9,102,9,90.0,109.5,15.138899803161621,0.16040000319480896,simple
186,25_10_09_cell1_3_ch3,ccp,9,102,10,100.0,98.5,4.138899803161621,0.04390000179409981,simple
187,25_10_09_cell1_3_ch3,ccp,9,102,11,110.0,100.16670227050781,5.805500030517578,0.061500001698732376,simple
188,25_10_09_cell1_3_ch3,ccp,9,102,12,120.0,90.27780151367188,-4.0833001136779785,-0.043299999088048935,simple
189,25_10_09_cell1_3_ch3,ccp,9,102,13,130.0,87.11109924316406,-7.25,-0.07680000364780426,simple
190,25_10_09_cell1_3_ch3,ccp,9,102,14,140.0,90.5,-3.8610999584198,-0.04089999943971634,simple
191,25_10_09_cell1_3_ch3,ccp,9,102,15,150.0,98.05560302734375,3.6944000720977783,0.03920000046491623,simple
192,25_10_09_cell1_3_ch3,ccp,9,102,16,160.0,91.61109924316406,-2.75,-0.029100000858306885,simple
193,25_10_09_cell1_3_ch3,ccp,9,102,17,170.0,90.88890075683594,-3.4721999168395996,-0.03680000081658363,simple
194,25_10_09_cell1_3_ch3,ccp,9,102,18,180.0,85.61109924316406,-8.75,-0.09269999712705612,simple
195,25_10_09_cell1_3_ch3,ccp,9,102,19,190.0,83.55560302734375,-10.8056001663208,-0.1145000010728836,simple
196,25_10_09_cell1_3_ch3,ccp,9,102,20,200.0,76.38890075683594,-17.972200393676758,-0.19050000607967377,simple
197,25_10_09_cell1_3_ch3,ccp,9,102,22,210.0,69.88890075683594,-24.472200393676758,-0.25929999351501465,simple
198,25_10_09_cell1_3_ch3,ccp,10,123,0,0.0,64.84850311279297,-2.2953999042510986,-0.03420000150799751,simple
199,25_10_09_cell1_3_ch3,ccp,10,123,1,10.0,66.66670227050781,-0.4772999882698059,-0.0071000000461936,simple
200,25_10_09_cell1_3_ch3,ccp,10,123,2,20.0,69.06060028076172,1.916700005531311,0.02850000001490116,simple
201,25_10_09_cell1_3_ch3,ccp,10,123,3,30.0,68.0,0.8561000227928162,0.01269999984651804,simple
202,25_10_09_cell1_3_ch3,ccp,10,123,4,40.0,69.3030014038086,2.15910005569458,0.03220000118017197,simple
203,25_10_09_cell1_3_ch3,ccp,10,123,5,50.0,66.63639831542969,-0.5076000094413757,-0.007600000128149986,simple
204,25_10_09_cell1_3_ch3,ccp,10,123,6,60.0,64.48480224609375,-2.65910005569458,-0.03959999978542328,simple
205,25_10_09_cell1_3_ch3,ccp,10,123,7,70.0,69.75759887695312,2.613600015640259,0.03889999911189079,simple
206,25_10_09_cell1_3_ch3,ccp,10,123,8,80.0,66.06060028076172,-1.083299994468689,-0.016100000590085983,simple
207,25_10_09_cell1_3_ch3,ccp,10,123,9,90.0,65.12120056152344,-2.022700071334839,-0.03009999915957451,simple
208,25_10_09_cell1_3_ch3,ccp,10,123,10,100.0,60.424198150634766,-6.719699859619141,-0.10010000318288803,simple
209,25_10_09_cell1_3_ch3,ccp,10,123,11,110.0,62.787899017333984,-4.356100082397461,-0.0649000033736229,simple
210,25_10_09_cell1_3_ch3,ccp,10,123,12,120.0,58.181800842285156,-8.9621000289917,-0.13349999487400055,simple
211,25_10_09_cell1_3_ch3,ccp,10,123,13,130.0,60.757598876953125,-6.38640022277832,-0.09510000050067902,simple
212,25_10_09_cell1_3_ch3,ccp,10,123,14,140.0,53.242401123046875,-13.90149974822998,-0.2070000022649765,simple
213,25_10_09_cell1_3_ch3,ccp,10,123,15,150.0,49.787899017333984,-17.35610008239746,-0.25850000977516174,simple
214,25_10_09_cell1_3_ch3,ccp,10,123,16,160.0,49.696998596191406,-17.44700050354004,-0.259799987077713,simple
215,25_10_09_cell1_3_ch3,ccp,10,123,17,170.0,46.545501708984375,-20.598499298095703,-0.3068000078201294,simple
216,25_10_09_cell1_3_ch3,ccp,10,123,18,180.0,45.03030014038086,-22.11359977722168,-0.3292999863624573,simple
217,25_10_09_cell1_3_ch3,ccp,10,123,19,190.0,41.515201568603516,-25.628799438476562,-0.3817000091075897,simple
218,25_10_09_cell1_3_ch3,ccp,10,123,20,200.0,43.575801849365234,-23.568199157714844,-0.35100001096725464,simple
219,25_10_09_cell1_3_ch3,ccp,10,123,22,210.0,39.8484992980957,-27.295499801635742,-0.4065000116825104,simple
220,25_10_09_cell1_3_ch3,ccp,11,101,0,0.0,106.0,-10.75,-0.09210000187158585,simple
221,25_10_09_cell1_3_ch3,ccp,11,101,1,10.0,119.5,2.75,0.023600000888109207,simple
222,25_10_09_cell1_3_ch3,ccp,11,101,2,20.0,122.5,5.75,0.049300000071525574,simple
223,25_10_09_cell1_3_ch3,ccp,11,101,3,30.0,119.0,2.25,0.019300000742077827,simple
224,25_10_09_cell1_3_ch3,ccp,11,101,4,40.0,141.5,24.75,0.21199999749660492,simple
225,25_10_09_cell1_3_ch3,ccp,11,101,5,50.0,132.0,15.25,0.1306000053882599,simple
226,25_10_09_cell1_3_ch3,ccp,11,101,6,60.0,142.5,25.75,0.22059999406337738,simple
227,25_10_09_cell1_3_ch3,ccp,11,101,7,70.0,153.5,36.75,0.3147999942302704,simple
228,25_10_09_cell1_3_ch3,ccp,11,101,8,80.0,153.5,36.75,0.3147999942302704,simple
229,25_10_09_cell1_3_ch3,ccp,11,101,9,90.0,157.0,40.25,0.3447999954223633,simple
230,25_10_09_cell1_3_ch3,ccp,11,101,10,100.0,160.0,43.25,0.37040001153945923,simple
231,25_10_09_cell1_3_ch3,ccp,11,101,11,110.0,151.0,34.25,0.29339998960494995,simple
232,25_10_09_cell1_3_ch3,ccp,11,101,12,120.0,128.0,11.25,0.09640000015497208,simple
233,25_10_09_cell1_3_ch3,ccp,11,101,13,130.0,126.0,9.25,0.07919999957084656,simple
234,25_10_09_cell1_3_ch3,ccp,11,101,14,140.0,139.5,22.75,0.1949000060558319,simple
235,25_10_09_cell1_3_ch3,ccp,11,101,15,150.0,137.0,20.25,0.17339999973773956,simple
236,25_10_09_cell1_3_ch3,ccp,11,101,16,160.0,126.0,9.25,0.07919999957084656,simple
237,25_10_09_cell1_3_ch3,ccp,11,101,17,170.0,109.0,-7.75,-0.06639999896287918,simple
238,25_10_09_cell1_3_ch3,ccp,11,101,18,180.0,115.0,-1.75,-0.014999999664723873,simple
239,25_10_09_cell1_3_ch3,ccp,11,101,19,190.0,112.5,-4.25,-0.036400001496076584,simple
240,25_10_09_cell1_3_ch3,ccp,11,101,20,200.0,98.5,-18.25,-0.15629999339580536,simple
241,25_10_09_cell1_3_ch3,ccp,11,101,22,210.0,93.5,-23.25,-0.19910000264644623,simple
242,25_10_09_cell1_3_ch3,ccp,12,79,0,0.0,114.1489028930664,-4.085100173950195,-0.03460000082850456,simple
243,25_10_09_cell1_3_ch3,ccp,12,79,1,10.0,117.53189849853516,-0.7020999789237976,-0.005900000222027302,simple
244,25_10_09_cell1_3_ch3,ccp,12,79,2,20.0,123.5105972290039,5.276599884033203,0.044599998742341995,simple
245,25_10_09_cell1_3_ch3,ccp,12,79,3,30.0,117.74469757080078,-0.4893999993801117,-0.004100000020116568,simple
246,25_10_09_cell1_3_ch3,ccp,12,79,4,40.0,109.5105972290039,-8.723400115966797,-0.0737999975681305,simple
247,25_10_09_cell1_3_ch3,ccp,12,79,5,50.0,105.5531997680664,-12.680800437927246,-0.10729999840259552,simple
248,25_10_09_cell1_3_ch3,ccp,12,79,6,60.0,107.9573974609375,-10.276599884033203,-0.0869000032544136,simple
249,25_10_09_cell1_3_ch3,ccp,12,79,7,70.0,109.93620300292969,-8.297900199890137,-0.07020000368356705,simple
250,25_10_09_cell1_3_ch3,ccp,12,79,8,80.0,108.80850219726562,-9.42549991607666,-0.07970000058412552,simple
251,25_10_09_cell1_3_ch3,ccp,12,79,9,90.0,110.08509826660156,-8.148900032043457,-0.06889999657869339,simple
252,25_10_09_cell1_3_ch3,ccp,12,79,10,100.0,104.25530242919922,-13.978699684143066,-0.11819999665021896,simple
253,25_10_09_cell1_3_ch3,ccp,12,79,11,110.0,100.9573974609375,-17.276599884033203,-0.1460999995470047,simple
254,25_10_09_cell1_3_ch3,ccp,12,79,12,120.0,98.74469757080078,-19.48940086364746,-0.1648000031709671,simple
255,25_10_09_cell1_3_ch3,ccp,12,79,13,130.0,102.17019653320312,-16.063800811767578,-0.13590000569820404,simple
256,25_10_09_cell1_3_ch3,ccp,12,79,14,140.0,101.9573974609375,-16.276599884033203,-0.13770000636577606,simple
257,25_10_09_cell1_3_ch3,ccp,12,79,15,150.0,105.19149780273438,-13.042499542236328,-0.11029999703168869,simple
258,25_10_09_cell1_3_ch3,ccp,12,79,16,160.0,106.68080139160156,-11.553199768066406,-0.09769999980926514,simple
259,25_10_09_cell1_3_ch3,ccp,12,79,17,170.0,105.06379699707031,-13.17020034790039,-0.11140000075101852,simple
260,25_10_09_cell1_3_ch3,ccp,12,79,18,180.0,104.91490173339844,-13.319100379943848,-0.11270000040531158,simple
261,25_10_09_cell1_3_ch3,ccp,12,79,19,190.0,105.89360046386719,-12.340399742126465,-0.10440000146627426,simple
262,25_10_09_cell1_3_ch3,ccp,12,79,20,200.0,109.78720092773438,-8.446800231933594,-0.0714000016450882,simple
263,25_10_09_cell1_3_ch3,ccp,12,79,22,210.0,112.68080139160156,-5.553199768066406,-0.04699999839067459,simple
264,25_10_09_cell1_3_ch3,ccp,13,64,0,0.0,96.71739959716797,-7.152200222015381,-0.06889999657869339,simple
265,25_10_09_cell1_3_ch3,ccp,13,64,1,10.0,107.73909759521484,3.8696000576019287,0.037300001829862595,simple
266,25_10_09_cell1_3_ch3,ccp,13,64,2,20.0,102.56520080566406,-1.3042999505996704,-0.012600000016391277,simple
267,25_10_09_cell1_3_ch3,ccp,13,64,3,30.0,108.45649719238281,4.586999893188477,0.044199999421834946,simple
268,25_10_09_cell1_3_ch3,ccp,13,64,4,40.0,105.30439758300781,1.4348000288009644,0.013799999840557575,simple
269,25_10_09_cell1_3_ch3,ccp,13,64,5,50.0,115.08699798583984,11.217399597167969,0.1080000028014183,simple
270,25_10_09_cell1_3_ch3,ccp,13,64,6,60.0,104.45649719238281,0.5870000123977661,0.00570000009611249,simple
271,25_10_09_cell1_3_ch3,ccp,13,64,7,70.0,107.80439758300781,3.934799909591675,0.03790000081062317,simple
272,25_10_09_cell1_3_ch3,ccp,13,64,8,80.0,96.58699798583984,-7.282599925994873,-0.07010000199079514,simple
273,25_10_09_cell1_3_ch3,ccp,13,64,9,90.0,97.8478012084961,-6.021699905395508,-0.057999998331069946,simple
274,25_10_09_cell1_3_ch3,ccp,13,64,10,100.0,95.41300201416016,-8.456500053405762,-0.08139999955892563,simple
275,25_10_09_cell1_3_ch3,ccp,13,64,11,110.0,84.21739959716797,-19.65220069885254,-0.1891999989748001,simple
276,25_10_09_cell1_3_ch3,ccp,13,64,12,120.0,84.36959838867188,-19.5,-0.18770000338554382,simple
277,25_10_09_cell1_3_ch3,ccp,13,64,13,130.0,82.76090240478516,-21.108699798583984,-0.20319999754428864,simple
278,25_10_09_cell1_3_ch3,ccp,13,64,14,140.0,82.97830200195312,-20.891300201416016,-0.20110000669956207,simple
279,25_10_09_cell1_3_ch3,ccp,13,64,15,150.0,87.39129638671875,-16.478300094604492,-0.15860000252723694,simple
280,25_10_09_cell1_3_ch3,ccp,13,64,16,160.0,88.04350280761719,-15.82610034942627,-0.15240000188350677,simple
281,25_10_09_cell1_3_ch3,ccp,13,64,17,170.0,87.86959838867188,-16.0,-0.15399999916553497,simple
282,25_10_09_cell1_3_ch3,ccp,13,64,18,180.0,87.10870361328125,-16.760900497436523,-0.16140000522136688,simple
283,25_10_09_cell1_3_ch3,ccp,13,64,19,190.0,85.54350280761719,-18.326099395751953,-0.17640000581741333,simple
284,25_10_09_cell1_3_ch3,ccp,13,64,20,200.0,87.97830200195312,-15.891300201416016,-0.15299999713897705,simple
285,25_10_09_cell1_3_ch3,ccp,13,64,22,210.0,87.06520080566406,-16.80430030822754,-0.16179999709129333,simple
286,25_10_09_cell1_3_ch3,ccp,14,16,0,0.0,99.8113021850586,-4.9197998046875,-0.04699999839067459,simple
287,25_10_09_cell1_3_ch3,ccp,14,16,1,10.0,100.24530029296875,-4.485799789428711,-0.04280000180006027,simple
288,25_10_09_cell1_3_ch3,ccp,14,16,2,20.0,104.09429931640625,-0.6367999911308289,-0.006099999882280827,simple
289,25_10_09_cell1_3_ch3,ccp,14,16,3,30.0,114.77359771728516,10.042400360107422,0.09589999914169312,simple
290,25_10_09_cell1_3_ch3,ccp,14,16,4,40.0,107.660400390625,2.9291999340057373,0.02800000086426735,simple
291,25_10_09_cell1_3_ch3,ccp,14,16,5,50.0,112.660400390625,7.929200172424316,0.07569999992847443,simple
292,25_10_09_cell1_3_ch3,ccp,14,16,6,60.0,99.73580169677734,-4.995299816131592,-0.04769999906420708,simple
293,25_10_09_cell1_3_ch3,ccp,14,16,7,70.0,101.8678970336914,-2.8631999492645264,-0.027300000190734863,simple
294,25_10_09_cell1_3_ch3,ccp,14,16,8,80.0,96.1886978149414,-8.542400360107422,-0.08160000294446945,simple
295,25_10_09_cell1_3_ch3,ccp,14,16,9,90.0,105.1697998046875,0.43869999051094055,0.00419999985024333,simple
296,25_10_09_cell1_3_ch3,ccp,14,16,10,100.0,102.3584976196289,-2.3726000785827637,-0.022700000554323196,simple
297,25_10_09_cell1_3_ch3,ccp,14,16,11,110.0,101.58489990234375,-3.146199941635132,-0.029999999329447746,simple
298,25_10_09_cell1_3_ch3,ccp,14,16,12,120.0,99.3019027709961,-5.429200172424316,-0.05180000141263008,simple
299,25_10_09_cell1_3_ch3,ccp,14,16,13,130.0,98.0,-6.731100082397461,-0.06430000066757202,simple
300,25_10_09_cell1_3_ch3,ccp,14,16,14,140.0,95.3584976196289,-9.372599601745605,-0.08950000256299973,simple
301,25_10_09_cell1_3_ch3,ccp,14,16,15,150.0,99.4717025756836,-5.259399890899658,-0.050200000405311584,simple
302,25_10_09_cell1_3_ch3,ccp,14,16,16,160.0,105.45279693603516,0.7217000126838684,0.006899999920278788,simple
303,25_10_09_cell1_3_ch3,ccp,14,16,17,170.0,102.4906005859375,-2.240600109100342,-0.021400000900030136,simple
304,25_10_09_cell1_3_ch3,ccp,14,16,18,180.0,99.39620208740234,-5.33489990234375,-0.05090000107884407,simple
305,25_10_09_cell1_3_ch3,ccp,14,16,19,190.0,97.4717025756836,-7.259399890899658,-0.06930000334978104,simple
306,25_10_09_cell1_3_ch3,ccp,14,16,20,200.0,97.8302001953125,-6.900899887084961,-0.06589999794960022,simple
307,25_10_09_cell1_3_ch3,ccp,14,16,22,210.0,95.24530029296875,-9.485799789428711,-0.09059999883174896,simple
308,25_10_09_cell1_3_ch3,ccp,15,9,0,0.0,96.61540222167969,-9.471199989318848,-0.0892999991774559,simple
309,25_10_09_cell1_3_ch3,ccp,15,9,1,10.0,103.92310333251953,-2.1635000705718994,-0.020400000736117363,simple
310,25_10_09_cell1_3_ch3,ccp,15,9,2,20.0,112.57689666748047,6.4903998374938965,0.06120000034570694,simple
311,25_10_09_cell1_3_ch3,ccp,15,9,3,30.0,111.23079681396484,5.144199848175049,0.048500001430511475,simple
312,25_10_09_cell1_3_ch3,ccp,15,9,4,40.0,113.07689666748047,6.9903998374938965,0.06589999794960022,simple
313,25_10_09_cell1_3_ch3,ccp,15,9,5,50.0,114.34619903564453,8.259599685668945,0.0778999999165535,simple
314,25_10_09_cell1_3_ch3,ccp,15,9,6,60.0,107.96150207519531,1.875,0.01769999973475933,simple
315,25_10_09_cell1_3_ch3,ccp,15,9,7,70.0,112.15380096435547,6.067299842834473,0.05719999969005585,simple
316,25_10_09_cell1_3_ch3,ccp,15,9,8,80.0,110.61540222167969,4.528800010681152,0.04270000010728836,simple
317,25_10_09_cell1_3_ch3,ccp,15,9,9,90.0,113.76920318603516,7.682700157165527,0.07240000367164612,simple
318,25_10_09_cell1_3_ch3,ccp,15,9,10,100.0,108.07689666748047,1.990399956703186,0.018799999728798866,simple
319,25_10_09_cell1_3_ch3,ccp,15,9,11,110.0,105.07689666748047,-1.009600043296814,-0.009499999694526196,simple
320,25_10_09_cell1_3_ch3,ccp,15,9,12,120.0,103.11540222167969,-2.9711999893188477,-0.02800000086426735,simple
321,25_10_09_cell1_3_ch3,ccp,15,9,13,130.0,100.5,-5.58650016784668,-0.05270000174641609,simple
322,25_10_09_cell1_3_ch3,ccp,15,9,14,140.0,93.19229888916016,-12.894200325012207,-0.12150000035762787,simple
323,25_10_09_cell1_3_ch3,ccp,15,9,15,150.0,105.42310333251953,-0.6635000109672546,-0.006300000008195639,simple
324,25_10_09_cell1_3_ch3,ccp,15,9,16,160.0,108.57689666748047,2.4904000759124756,0.023499999195337296,simple
325,25_10_09_cell1_3_ch3,ccp,15,9,17,170.0,112.15380096435547,6.067299842834473,0.05719999969005585,simple
326,25_10_09_cell1_3_ch3,ccp,15,9,18,180.0,110.76920318603516,4.682700157165527,0.04410000145435333,simple
327,25_10_09_cell1_3_ch3,ccp,15,9,19,190.0,108.53849792480469,2.451900005340576,0.023099999874830246,simple
328,25_10_09_cell1_3_ch3,ccp,15,9,20,200.0,105.76920318603516,-0.3172999918460846,-0.003000000026077032,simple
329,25_10_09_cell1_3_ch3,ccp,15,9,22,210.0,103.19229888916016,-2.894200086593628,-0.027300000190734863,simple
330,25_10_09_cell1_3_ch3,ccp,16,3,0,0.0,105.0,-3.816699981689453,-0.035100001841783524,simple
331,25_10_09_cell1_3_ch3,ccp,16,3,1,10.0,116.4000015258789,7.5833001136779785,0.06970000267028809,simple
332,25_10_09_cell1_3_ch3,ccp,16,3,2,20.0,106.93329620361328,-1.8832999467849731,-0.01730000041425228,simple
333,25_10_09_cell1_3_ch3,ccp,16,3,3,30.0,106.93329620361328,-1.8832999467849731,-0.01730000041425228,simple
334,25_10_09_cell1_3_ch3,ccp,16,3,4,40.0,115.2332992553711,6.4166998863220215,0.05900000035762787,simple
335,25_10_09_cell1_3_ch3,ccp,16,3,5,50.0,112.43329620361328,3.6166999340057373,0.03319999948143959,simple
336,25_10_09_cell1_3_ch3,ccp,16,3,6,60.0,116.0,7.183300018310547,0.06599999964237213,simple
337,25_10_09_cell1_3_ch3,ccp,16,3,7,70.0,116.30000305175781,7.48330020904541,0.06880000233650208,simple
338,25_10_09_cell1_3_ch3,ccp,16,3,8,80.0,121.0999984741211,12.283300399780273,0.11289999634027481,simple
339,25_10_09_cell1_3_ch3,ccp,16,3,9,90.0,117.5,8.683300018310547,0.07980000227689743,simple
340,25_10_09_cell1_3_ch3,ccp,16,3,10,100.0,119.0333023071289,10.216699600219727,0.09390000253915787,simple
341,25_10_09_cell1_3_ch3,ccp,16,3,11,110.0,107.13330078125,-1.6833000183105469,-0.01549999974668026,simple
342,25_10_09_cell1_3_ch3,ccp,16,3,12,120.0,98.2667007446289,-10.550000190734863,-0.09700000286102295,simple
343,25_10_09_cell1_3_ch3,ccp,16,3,13,130.0,103.86669921875,-4.949999809265137,-0.045499999076128006,simple
344,25_10_09_cell1_3_ch3,ccp,16,3,14,140.0,106.86669921875,-1.9500000476837158,-0.017899999395012856,simple
345,25_10_09_cell1_3_ch3,ccp,16,3,15,150.0,103.66670227050781,-5.150000095367432,-0.04729999974370003,simple
346,25_10_09_cell1_3_ch3,ccp,16,3,16,160.0,105.4666976928711,-3.3499999046325684,-0.030799999833106995,simple
347,25_10_09_cell1_3_ch3,ccp,16,3,17,170.0,108.9666976928711,0.15000000596046448,0.00139999995008111,simple
348,25_10_09_cell1_3_ch3,ccp,16,3,18,180.0,107.5999984741211,-1.2166999578475952,-0.01119999960064888,simple
349,25_10_09_cell1_3_ch3,ccp,16,3,19,190.0,98.66670227050781,-10.149999618530273,-0.093299999833107,simple
350,25_10_09_cell1_3_ch3,ccp,16,3,20,200.0,103.2667007446289,-5.550000190734863,-0.050999999046325684,simple
351,25_10_09_cell1_3_ch3,ccp,16,3,22,210.0,103.4000015258789,-5.4166998863220215,-0.049800001084804535,simple
352,25_10_09_cell1_3_ch3,ccp,17,10,0,0.0,95.41179656982422,4.235300064086914,0.04650000110268593,simple
353,25_10_09_cell1_3_ch3,ccp,17,10,1,10.0,90.64710235595703,-0.5293999910354614,-0.005799999926239252,simple
354,25_10_09_cell1_3_ch3,ccp,17,10,2,20.0,89.88240051269531,-1.294100046157837,-0.0142000000923872,simple
355,25_10_09_cell1_3_ch3,ccp,17,10,3,30.0,88.76470184326172,-2.411799907684326,-0.026499999687075615,simple
356,25_10_09_cell1_3_ch3,ccp,17,10,4,40.0,81.94120025634766,-9.235300064086914,-0.10130000114440918,simple
357,25_10_09_cell1_3_ch3,ccp,17,10,5,50.0,81.76470184326172,-9.411800384521484,-0.10320000350475311,simple
358,25_10_09_cell1_3_ch3,ccp,17,10,6,60.0,81.70590209960938,-9.470600128173828,-0.1039000004529953,simple
359,25_10_09_cell1_3_ch3,ccp,17,10,7,70.0,89.11759948730469,-2.058799982070923,-0.022600000724196434,simple
360,25_10_09_cell1_3_ch3,ccp,17,10,8,80.0,82.82350158691406,-8.352899551391602,-0.09160000085830688,simple
361,25_10_09_cell1_3_ch3,ccp,17,10,9,90.0,89.52940368652344,-1.6470999717712402,-0.01810000091791153,simple
362,25_10_09_cell1_3_ch3,ccp,17,10,10,100.0,85.17649841308594,-6.0,-0.0658000037074089,simple
363,25_10_09_cell1_3_ch3,ccp,17,10,11,110.0,82.76470184326172,-8.411800384521484,-0.09229999780654907,simple
364,25_10_09_cell1_3_ch3,ccp,17,10,12,120.0,81.05879974365234,-10.117600440979004,-0.11100000143051147,simple
365,25_10_09_cell1_3_ch3,ccp,17,10,13,130.0,74.88240051269531,-16.294099807739258,-0.17870000004768372,simple
366,25_10_09_cell1_3_ch3,ccp,17,10,14,140.0,79.23529815673828,-11.941200256347656,-0.13099999725818634,simple
367,25_10_09_cell1_3_ch3,ccp,17,10,15,150.0,73.64710235595703,-17.529399871826172,-0.1923000067472458,simple
368,25_10_09_cell1_3_ch3,ccp,17,10,16,160.0,78.29409790039062,-12.88230037689209,-0.1412999927997589,simple
369,25_10_09_cell1_3_ch3,ccp,17,10,17,170.0,72.35289764404297,-18.82349967956543,-0.20649999380111694,simple
370,25_10_09_cell1_3_ch3,ccp,17,10,18,180.0,80.70590209960938,-10.470600128173828,-0.11479999870061874,simple
371,25_10_09_cell1_3_ch3,ccp,17,10,19,190.0,80.82350158691406,-10.352899551391602,-0.11349999904632568,simple
372,25_10_09_cell1_3_ch3,ccp,17,10,20,200.0,79.23529815673828,-11.941200256347656,-0.13099999725818634,simple
373,25_10_09_cell1_3_ch3,ccp,17,10,22,210.0,79.52940368652344,-11.647100448608398,-0.12770000100135803,simple
374,25_10_09_cell1_3_ch3,ccp,18,17,0,0.0,91.31819915771484,-1.8294999599456787,-0.019600000232458115,simple
375,25_10_09_cell1_3_ch3,ccp,18,17,1,10.0,89.47730255126953,-3.6705000400543213,-0.039400000125169754,simple
376,25_10_09_cell1_3_ch3,ccp,18,17,2,20.0,101.27269744873047,8.125,0.08720000088214874,simple
377,25_10_09_cell1_3_ch3,ccp,18,17,3,30.0,90.52269744873047,-2.625,-0.028200000524520874,simple
378,25_10_09_cell1_3_ch3,ccp,18,17,4,40.0,93.09089660644531,-0.0568000003695488,-0.0006000000284984708,simple
379,25_10_09_cell1_3_ch3,ccp,18,17,5,50.0,95.31819915771484,2.1705000400543213,0.02329999953508377,simple
380,25_10_09_cell1_3_ch3,ccp,18,17,6,60.0,95.59089660644531,2.44320011138916,0.026200000196695328,simple
381,25_10_09_cell1_3_ch3,ccp,18,17,7,70.0,94.84089660644531,1.6931999921798706,0.018200000748038292,simple
382,25_10_09_cell1_3_ch3,ccp,18,17,8,80.0,92.95449829101562,-0.1932000070810318,-0.002099999925121665,simple
383,25_10_09_cell1_3_ch3,ccp,18,17,9,90.0,96.70449829101562,3.55679988861084,0.03819999843835831,simple
384,25_10_09_cell1_3_ch3,ccp,18,17,10,100.0,93.93180084228516,0.7840999960899353,0.00839999970048666,simple
385,25_10_09_cell1_3_ch3,ccp,18,17,11,110.0,91.65910339355469,-1.4886000156402588,-0.01600000075995922,simple
386,25_10_09_cell1_3_ch3,ccp,18,17,12,120.0,90.11360168457031,-3.03410005569458,-0.032600000500679016,simple
387,25_10_09_cell1_3_ch3,ccp,18,17,13,130.0,87.77269744873047,-5.375,-0.05770000070333481,simple
388,25_10_09_cell1_3_ch3,ccp,18,17,14,140.0,88.54550170898438,-4.60230016708374,-0.049400001764297485,simple
389,25_10_09_cell1_3_ch3,ccp,18,17,15,150.0,90.18180084228516,-2.96589994430542,-0.03180000185966492,simple
390,25_10_09_cell1_3_ch3,ccp,18,17,16,160.0,94.29550170898438,1.1476999521255493,0.012299999594688416,simple
391,25_10_09_cell1_3_ch3,ccp,18,17,17,170.0,95.43180084228516,2.28410005569458,0.02449999935925007,simple
392,25_10_09_cell1_3_ch3,ccp,18,17,18,180.0,96.68180084228516,3.53410005569458,0.03790000081062317,simple
393,25_10_09_cell1_3_ch3,ccp,18,17,19,190.0,94.02269744873047,0.875,0.009399999864399433,simple
394,25_10_09_cell1_3_ch3,ccp,18,17,20,200.0,87.93180084228516,-5.21589994430542,-0.0560000017285347,simple
395,25_10_09_cell1_3_ch3,ccp,18,17,22,210.0,86.40910339355469,-6.73859977722168,-0.0723000019788742,simple
396,25_10_09_cell1_3_ch3,ccp,19,117,0,0.0,79.51950073242188,0.0421999990940094,0.0005000000237487257,simple
397,25_10_09_cell1_3_ch3,ccp,19,117,1,10.0,77.79219818115234,-1.6850999593734741,-0.021199999377131462,simple
398,25_10_09_cell1_3_ch3,ccp,19,117,2,20.0,78.06490325927734,-1.4122999906539917,-0.017799999564886093,simple
399,25_10_09_cell1_3_ch3,ccp,19,117,3,30.0,82.53250122070312,3.0552000999450684,0.03840000182390213,simple
400,25_10_09_cell1_3_ch3,ccp,19,117,4,40.0,80.0779037475586,0.600600004196167,0.007600000128149986,simple
401,25_10_09_cell1_3_ch3,ccp,19,117,5,50.0,79.31169891357422,-0.1656000018119812,-0.002099999925121665,simple
402,25_10_09_cell1_3_ch3,ccp,19,117,6,60.0,80.11689758300781,0.6395999789237976,0.00800000037997961,simple
403,25_10_09_cell1_3_ch3,ccp,19,117,7,70.0,80.96099853515625,1.4838000535964966,0.018699999898672104,simple
404,25_10_09_cell1_3_ch3,ccp,19,117,8,80.0,81.42859649658203,1.951300024986267,0.02459999918937683,simple
405,25_10_09_cell1_3_ch3,ccp,19,117,9,90.0,79.68830108642578,0.210999995470047,0.0027000000700354576,simple
406,25_10_09_cell1_3_ch3,ccp,19,117,10,100.0,79.1948013305664,-0.2824999988079071,-0.003599999938160181,simple
407,25_10_09_cell1_3_ch3,ccp,19,117,11,110.0,81.12989807128906,1.6526000499725342,0.020800000056624413,simple
408,25_10_09_cell1_3_ch3,ccp,19,117,12,120.0,81.84420013427734,2.3668999671936035,0.02979999966919422,simple
409,25_10_09_cell1_3_ch3,ccp,19,117,13,130.0,82.58439636230469,3.107100009918213,0.03909999877214432,simple
410,25_10_09_cell1_3_ch3,ccp,19,117,14,140.0,80.14289855957031,0.6656000018119812,0.00839999970048666,simple
411,25_10_09_cell1_3_ch3,ccp,19,117,15,150.0,81.45449829101562,1.9773000478744507,0.024900000542402267,simple
412,25_10_09_cell1_3_ch3,ccp,19,117,16,160.0,82.33769989013672,2.8603999614715576,0.035999998450279236,simple
413,25_10_09_cell1_3_ch3,ccp,19,117,17,170.0,81.36360168457031,1.8863999843597412,0.02370000071823597,simple
414,25_10_09_cell1_3_ch3,ccp,19,117,18,180.0,80.1688003540039,0.6916000247001648,0.008700000122189522,simple
415,25_10_09_cell1_3_ch3,ccp,19,117,19,190.0,82.15579986572266,2.6786000728607178,0.03370000049471855,simple
416,25_10_09_cell1_3_ch3,ccp,19,117,20,200.0,80.31169891357422,0.8343999981880188,0.010499999858438969,simple
417,25_10_09_cell1_3_ch3,ccp,19,117,22,210.0,75.93509674072266,-3.5422000885009766,-0.044599998742341995,simple
418,25_10_09_cell1_3_ch3,ccp,20,150,0,0.0,131.2646942138672,-1.1837999820709229,-0.008899999782443047,simple
419,25_10_09_cell1_3_ch3,ccp,20,150,1,10.0,133.7646942138672,1.3162000179290771,0.00989999994635582,simple
420,25_10_09_cell1_3_ch3,ccp,20,150,2,20.0,130.7646942138672,-1.6837999820709229,-0.01269999984651804,simple
421,25_10_09_cell1_3_ch3,ccp,20,150,3,30.0,134.0,1.5514999628067017,0.011699999682605267,simple
422,25_10_09_cell1_3_ch3,ccp,20,150,4,40.0,136.20590209960938,3.7574000358581543,0.0284000001847744,simple
423,25_10_09_cell1_3_ch3,ccp,20,150,5,50.0,136.55880737304688,4.110300064086914,0.03099999949336052,simple
424,25_10_09_cell1_3_ch3,ccp,20,150,6,60.0,141.47059631347656,9.022000312805176,0.06809999793767929,simple
425,25_10_09_cell1_3_ch3,ccp,20,150,7,70.0,132.20590209960938,-0.2425999939441681,-0.0017999999690800905,simple
426,25_10_09_cell1_3_ch3,ccp,20,150,8,80.0,130.1175994873047,-2.330899953842163,-0.01759999990463257,simple
427,25_10_09_cell1_3_ch3,ccp,20,150,9,90.0,132.8529052734375,0.4043999910354614,0.003100000089034438,simple
428,25_10_09_cell1_3_ch3,ccp,20,150,10,100.0,128.1175994873047,-4.330900192260742,-0.03269999846816063,simple
429,25_10_09_cell1_3_ch3,ccp,20,150,11,110.0,122.73529815673828,-9.713199615478516,-0.07329999655485153,simple
430,25_10_09_cell1_3_ch3,ccp,20,150,12,120.0,119.44120025634766,-13.007399559020996,-0.0982000008225441,simple
431,25_10_09_cell1_3_ch3,ccp,20,150,13,130.0,125.26470184326172,-7.183800220489502,-0.05420000106096268,simple
432,25_10_09_cell1_3_ch3,ccp,20,150,14,140.0,120.23529815673828,-12.213199615478516,-0.09220000356435776,simple
433,25_10_09_cell1_3_ch3,ccp,20,150,15,150.0,109.61759948730469,-22.830900192260742,-0.17239999771118164,simple
434,25_10_09_cell1_3_ch3,ccp,20,150,16,160.0,114.5,-17.94849967956543,-0.1354999989271164,simple
435,25_10_09_cell1_3_ch3,ccp,20,150,17,170.0,110.0,-22.44849967956543,-0.16949999332427979,simple
436,25_10_09_cell1_3_ch3,ccp,20,150,18,180.0,110.11759948730469,-22.330900192260742,-0.16859999299049377,simple
437,25_10_09_cell1_3_ch3,ccp,20,150,19,190.0,107.26470184326172,-25.183799743652344,-0.19009999930858612,simple
438,25_10_09_cell1_3_ch3,ccp,20,150,20,200.0,111.14710235595703,-21.30150032043457,-0.1607999950647354,simple
439,25_10_09_cell1_3_ch3,ccp,20,150,22,210.0,117.05879974365234,-15.389699935913086,-0.11620000004768372,simple
440,25_10_09_cell1_3_ch3,ccp,21,152,0,0.0,108.75,-8.4375,-0.07199999690055847,simple
441,25_10_09_cell1_3_ch3,ccp,21,152,1,10.0,120.5,3.3125,0.028300000354647636,simple
442,25_10_09_cell1_3_ch3,ccp,21,152,2,20.0,114.0,-3.1875,-0.0272000003606081,simple
443,25_10_09_cell1_3_ch3,ccp,21,152,3,30.0,125.5,8.3125,0.07090000063180923,simple
444,25_10_09_cell1_3_ch3,ccp,21,152,4,40.0,132.25,15.0625,0.12849999964237213,simple
445,25_10_09_cell1_3_ch3,ccp,21,152,5,50.0,122.25,5.0625,0.04320000112056732,simple
446,25_10_09_cell1_3_ch3,ccp,21,152,6,60.0,133.5,16.3125,0.13920000195503235,simple
447,25_10_09_cell1_3_ch3,ccp,21,152,7,70.0,132.0,14.8125,0.12639999389648438,simple
448,25_10_09_cell1_3_ch3,ccp,21,152,8,80.0,122.75,5.5625,0.04749999940395355,simple
449,25_10_09_cell1_3_ch3,ccp,21,152,9,90.0,125.0,7.8125,0.06669999659061432,simple
450,25_10_09_cell1_3_ch3,ccp,21,152,10,100.0,128.0,10.8125,0.09229999780654907,simple
451,25_10_09_cell1_3_ch3,ccp,21,152,11,110.0,121.25,4.0625,0.034699998795986176,simple
452,25_10_09_cell1_3_ch3,ccp,21,152,12,120.0,121.5,4.3125,0.03680000081658363,simple
453,25_10_09_cell1_3_ch3,ccp,21,152,13,130.0,130.75,13.5625,0.11569999903440475,simple
454,25_10_09_cell1_3_ch3,ccp,21,152,14,140.0,135.75,18.5625,0.15839999914169312,simple
455,25_10_09_cell1_3_ch3,ccp,21,152,15,150.0,110.0,-7.1875,-0.06129999831318855,simple
456,25_10_09_cell1_3_ch3,ccp,21,152,16,160.0,112.25,-4.9375,-0.042100001126527786,simple
457,25_10_09_cell1_3_ch3,ccp,21,152,17,170.0,107.0,-10.1875,-0.0869000032544136,simple
458,25_10_09_cell1_3_ch3,ccp,21,152,18,180.0,111.75,-5.4375,-0.04639999940991402,simple
459,25_10_09_cell1_3_ch3,ccp,21,152,19,190.0,105.5,-11.6875,-0.09969999641180038,simple
460,25_10_09_cell1_3_ch3,ccp,21,152,20,200.0,108.0,-9.1875,-0.07840000092983246,simple
461,25_10_09_cell1_3_ch3,ccp,21,152,22,210.0,113.25,-3.9375,-0.03359999880194664,simple
462,25_10_09_cell1_3_ch3,ccp,1,235,0,0.0,100.18689727783203,0.04479999840259552,0.00039999998989515007,dietrich
463,25_10_09_cell1_3_ch3,ccp,1,235,1,10.0,100.56310272216797,0.42100000381469727,0.00419999985024333,dietrich
464,25_10_09_cell1_3_ch3,ccp,1,235,2,20.0,101.42489624023438,1.2827999591827393,0.012900000438094139,dietrich
465,25_10_09_cell1_3_ch3,ccp,1,235,3,30.0,96.37550354003906,-3.7665998935699463,-0.03799999877810478,dietrich
466,25_10_09_cell1_3_ch3,ccp,1,235,4,40.0,101.1697006225586,1.0276000499725342,0.010400000028312206,dietrich
467,25_10_09_cell1_3_ch3,ccp,1,235,5,50.0,104.4447021484375,4.302599906921387,0.04360000044107437,dietrich
468,25_10_09_cell1_3_ch3,ccp,1,235,6,60.0,104.05509948730469,3.913100004196167,0.03970000147819519,dietrich
469,25_10_09_cell1_3_ch3,ccp,1,235,7,70.0,104.30449676513672,4.162499904632568,0.04230000078678131,dietrich
470,25_10_09_cell1_3_ch3,ccp,1,235,8,80.0,105.7385025024414,5.596399784088135,0.057100001722574234,dietrich
471,25_10_09_cell1_3_ch3,ccp,1,235,9,90.0,105.72989654541016,5.587800025939941,0.057100001722574234,dietrich
472,25_10_09_cell1_3_ch3,ccp,1,235,10,100.0,105.21019744873047,5.0680999755859375,0.052000001072883606,dietrich
473,25_10_09_cell1_3_ch3,ccp,1,235,11,110.0,104.6083984375,4.466300010681152,0.045899998396635056,dietrich
474,25_10_09_cell1_3_ch3,ccp,1,235,12,120.0,105.5823974609375,5.440400123596191,0.05609999969601631,dietrich
475,25_10_09_cell1_3_ch3,ccp,1,235,13,130.0,104.20829772949219,4.066299915313721,0.041999999433755875,dietrich
476,25_10_09_cell1_3_ch3,ccp,1,235,14,140.0,102.87789916992188,2.73580002784729,0.028300000354647636,dietrich
477,25_10_09_cell1_3_ch3,ccp,1,235,15,150.0,99.75900268554688,-0.3831000030040741,-0.004000000189989805,dietrich
478,25_10_09_cell1_3_ch3,ccp,1,235,16,160.0,99.33910369873047,-0.8029999732971191,-0.00839999970048666,dietrich
479,25_10_09_cell1_3_ch3,ccp,1,235,17,170.0,103.6144027709961,3.4723000526428223,0.03620000183582306,dietrich
480,25_10_09_cell1_3_ch3,ccp,1,235,18,180.0,99.77960205078125,-0.36250001192092896,-0.003800000064074993,dietrich
481,25_10_09_cell1_3_ch3,ccp,1,235,19,190.0,98.875,-1.2669999599456787,-0.013299999758601189,dietrich
482,25_10_09_cell1_3_ch3,ccp,1,235,20,200.0,96.16419982910156,-3.977799892425537,-0.04190000146627426,dietrich
483,25_10_09_cell1_3_ch3,ccp,1,235,22,210.0,100.03099822998047,-0.11110000312328339,-0.0012000000569969416,dietrich
484,25_10_09_cell1_3_ch3,ccp,2,241,0,0.0,106.44129943847656,-0.8436999917030334,-0.00800000037997961,dietrich
485,25_10_09_cell1_3_ch3,ccp,2,241,1,10.0,110.47869873046875,3.193700075149536,0.029400000348687172,dietrich
486,25_10_09_cell1_3_ch3,ccp,2,241,2,20.0,107.98419952392578,0.6991999745368958,0.006399999838322401,dietrich
487,25_10_09_cell1_3_ch3,ccp,2,241,3,30.0,108.00540161132812,0.7203999757766724,0.006599999964237213,dietrich
488,25_10_09_cell1_3_ch3,ccp,2,241,4,40.0,107.63600158691406,0.35100001096725464,0.0031999999191612005,dietrich
489,25_10_09_cell1_3_ch3,ccp,2,241,5,50.0,113.7842025756836,6.499199867248535,0.059700001031160355,dietrich
490,25_10_09_cell1_3_ch3,ccp,2,241,6,60.0,110.70050048828125,3.415600061416626,0.031599998474121094,dietrich
491,25_10_09_cell1_3_ch3,ccp,2,241,7,70.0,113.38610076904297,6.101099967956543,0.0568000003695488,dietrich
492,25_10_09_cell1_3_ch3,ccp,2,241,8,80.0,116.14089965820312,8.855899810791016,0.0828000009059906,dietrich
493,25_10_09_cell1_3_ch3,ccp,2,241,9,90.0,110.43160247802734,3.1466000080108643,0.029500000178813934,dietrich
494,25_10_09_cell1_3_ch3,ccp,2,241,10,100.0,108.73999786376953,1.4550000429153442,0.013700000010430813,dietrich
495,25_10_09_cell1_3_ch3,ccp,2,241,11,110.0,105.09110260009766,-2.1939001083374023,-0.02070000022649765,dietrich
496,25_10_09_cell1_3_ch3,ccp,2,241,12,120.0,105.1812973022461,-2.1036999225616455,-0.019899999722838402,dietrich
497,25_10_09_cell1_3_ch3,ccp,2,241,13,130.0,104.2261962890625,-3.0587000846862793,-0.028999999165534973,dietrich
498,25_10_09_cell1_3_ch3,ccp,2,241,14,140.0,103.10929870605469,-4.175600051879883,-0.03970000147819519,dietrich
499,25_10_09_cell1_3_ch3,ccp,2,241,15,150.0,107.90969848632812,0.6247000098228455,0.006000000052154064,dietrich
500,25_10_09_cell1_3_ch3,ccp,2,241,16,160.0,107.23040008544922,-0.05460000038146973,-0.0005000000237487257,dietrich
501,25_10_09_cell1_3_ch3,ccp,2,241,17,170.0,107.5863037109375,0.30140000581741333,0.002899999963119626,dietrich
502,25_10_09_cell1_3_ch3,ccp,2,241,18,180.0,106.63289642333984,-0.6521000266075134,-0.006300000008195639,dietrich
503,25_10_09_cell1_3_ch3,ccp,2,241,19,190.0,109.35359954833984,2.0685999393463135,0.02019999921321869,dietrich
504,25_10_09_cell1_3_ch3,ccp,2,241,20,200.0,106.78839874267578,-0.4966000020503998,-0.004800000227987766,dietrich
505,25_10_09_cell1_3_ch3,ccp,2,241,22,210.0,107.22200012207031,-0.06300000101327896,-0.0006000000284984708,dietrich
506,25_10_09_cell1_3_ch3,ccp,3,218,0,0.0,130.69189453125,-0.6502000093460083,-0.004999999888241291,dietrich
507,25_10_09_cell1_3_ch3,ccp,3,218,1,10.0,136.9644012451172,5.622300148010254,0.04259999841451645,dietrich
508,25_10_09_cell1_3_ch3,ccp,3,218,2,20.0,135.8511962890625,4.509099960327148,0.0340999998152256,dietrich
509,25_10_09_cell1_3_ch3,ccp,3,218,3,30.0,129.76870727539062,-1.5734000205993652,-0.011900000274181366,dietrich
510,25_10_09_cell1_3_ch3,ccp,3,218,4,40.0,134.6230926513672,3.281100034713745,0.024900000542402267,dietrich
511,25_10_09_cell1_3_ch3,ccp,3,218,5,50.0,130.99209594726562,-0.3499000072479248,-0.0027000000700354576,dietrich
512,25_10_09_cell1_3_ch3,ccp,3,218,6,60.0,128.3997039794922,-2.9423999786376953,-0.02250000089406967,dietrich
513,25_10_09_cell1_3_ch3,ccp,3,218,7,70.0,132.779296875,1.4371999502182007,0.011099999770522118,dietrich
514,25_10_09_cell1_3_ch3,ccp,3,218,8,80.0,137.09230041503906,5.75029993057251,0.04450000077486038,dietrich
515,25_10_09_cell1_3_ch3,ccp,3,218,9,90.0,129.10369873046875,-2.238300085067749,-0.017400000244379044,dietrich
516,25_10_09_cell1_3_ch3,ccp,3,218,10,100.0,129.62559509277344,-1.7164000272750854,-0.013399999588727951,dietrich
517,25_10_09_cell1_3_ch3,ccp,3,218,11,110.0,128.4490966796875,-2.892899990081787,-0.022700000554323196,dietrich
518,25_10_09_cell1_3_ch3,ccp,3,218,12,120.0,124.96269989013672,-6.379300117492676,-0.05009999871253967,dietrich
519,25_10_09_cell1_3_ch3,ccp,3,218,13,130.0,121.64679718017578,-9.695199966430664,-0.07649999856948853,dietrich
520,25_10_09_cell1_3_ch3,ccp,3,218,14,140.0,124.19229888916016,-7.149799823760986,-0.05660000070929527,dietrich
521,25_10_09_cell1_3_ch3,ccp,3,218,15,150.0,129.77589416503906,-1.5662000179290771,-0.012400000356137753,dietrich
522,25_10_09_cell1_3_ch3,ccp,3,218,16,160.0,136.1790008544922,4.836900234222412,0.03849999979138374,dietrich
523,25_10_09_cell1_3_ch3,ccp,3,218,17,170.0,134.59429931640625,3.25219988822937,0.02590000070631504,dietrich
524,25_10_09_cell1_3_ch3,ccp,3,218,18,180.0,133.9945068359375,2.6524999141693115,0.021199999377131462,dietrich
525,25_10_09_cell1_3_ch3,ccp,3,218,19,190.0,129.22030639648438,-2.1217000484466553,-0.016899999231100082,dietrich
526,25_10_09_cell1_3_ch3,ccp,3,218,20,200.0,132.1614990234375,0.8194000124931335,0.006500000134110451,dietrich
527,25_10_09_cell1_3_ch3,ccp,3,218,22,210.0,131.0323944091797,-0.30959999561309814,-0.002400000113993883,dietrich
528,25_10_09_cell1_3_ch3,ccp,4,189,0,0.0,90.00270080566406,-4.421299934387207,-0.04670000076293945,dietrich
529,25_10_09_cell1_3_ch3,ccp,4,189,1,10.0,97.05789947509766,2.6338999271392822,0.02800000086426735,dietrich
530,25_10_09_cell1_3_ch3,ccp,4,189,2,20.0,93.94139862060547,-0.48260000348091125,-0.005100000184029341,dietrich
531,25_10_09_cell1_3_ch3,ccp,4,189,3,30.0,99.23709869384766,4.8130998611450195,0.05090000107884407,dietrich
532,25_10_09_cell1_3_ch3,ccp,4,189,4,40.0,90.04910278320312,-4.374899864196777,-0.04610000178217888,dietrich
533,25_10_09_cell1_3_ch3,ccp,4,189,5,50.0,94.618896484375,0.1949000060558319,0.0020000000949949026,dietrich
534,25_10_09_cell1_3_ch3,ccp,4,189,6,60.0,91.57820129394531,-2.8457999229431152,-0.029899999499320984,dietrich
535,25_10_09_cell1_3_ch3,ccp,4,189,7,70.0,93.11160278320312,-1.312399983406067,-0.013799999840557575,dietrich
536,25_10_09_cell1_3_ch3,ccp,4,189,8,80.0,93.93689727783203,-0.4871000051498413,-0.005100000184029341,dietrich
537,25_10_09_cell1_3_ch3,ccp,4,189,9,90.0,98.31629943847656,3.8922998905181885,0.0414000004529953,dietrich
538,25_10_09_cell1_3_ch3,ccp,4,189,10,100.0,95.94560241699219,1.5216000080108643,0.016300000250339508,dietrich
539,25_10_09_cell1_3_ch3,ccp,4,189,11,110.0,103.45030212402344,9.026300430297852,0.09759999811649323,dietrich
540,25_10_09_cell1_3_ch3,ccp,4,189,12,120.0,96.03260040283203,1.6086000204086304,0.017500000074505806,dietrich
541,25_10_09_cell1_3_ch3,ccp,4,189,13,130.0,92.99729919433594,-1.4266999959945679,-0.015699999406933784,dietrich
542,25_10_09_cell1_3_ch3,ccp,4,189,14,140.0,95.6719970703125,1.2480000257492065,0.013799999840557575,dietrich
543,25_10_09_cell1_3_ch3,ccp,4,189,15,150.0,96.59960174560547,2.175600051879883,0.02419999986886978,dietrich
544,25_10_09_cell1_3_ch3,ccp,4,189,16,160.0,94.45829772949219,0.034299999475479126,0.00039999998989515007,dietrich
545,25_10_09_cell1_3_ch3,ccp,4,189,17,170.0,96.46640014648438,2.0423998832702637,0.023000000044703484,dietrich
546,25_10_09_cell1_3_ch3,ccp,4,189,18,180.0,92.05979919433594,-2.3642001152038574,-0.026799999177455902,dietrich
547,25_10_09_cell1_3_ch3,ccp,4,189,19,190.0,88.78140258789062,-5.642600059509277,-0.06469999998807907,dietrich
548,25_10_09_cell1_3_ch3,ccp,4,189,20,200.0,94.716796875,0.29280000925064087,0.0034000000450760126,dietrich
549,25_10_09_cell1_3_ch3,ccp,4,189,22,210.0,93.80760192871094,-0.6164000034332275,-0.007499999832361937,dietrich
550,25_10_09_cell1_3_ch3,ccp,5,158,0,0.0,83.23719787597656,-0.21559999883174896,-0.0026000000070780516,dietrich
551,25_10_09_cell1_3_ch3,ccp,5,158,1,10.0,78.76280212402344,-4.690000057220459,-0.05570000037550926,dietrich
552,25_10_09_cell1_3_ch3,ccp,5,158,2,20.0,81.99980163574219,-1.4529999494552612,-0.017100000753998756,dietrich
553,25_10_09_cell1_3_ch3,ccp,5,158,3,30.0,87.77529907226562,4.322500228881836,0.050700001418590546,dietrich
554,25_10_09_cell1_3_ch3,ccp,5,158,4,40.0,84.94499969482422,1.4922000169754028,0.01759999990463257,dietrich
555,25_10_09_cell1_3_ch3,ccp,5,158,5,50.0,84.39089965820312,0.9380999803543091,0.011099999770522118,dietrich
556,25_10_09_cell1_3_ch3,ccp,5,158,6,60.0,88.018798828125,4.565999984741211,0.0544000007212162,dietrich
557,25_10_09_cell1_3_ch3,ccp,5,158,7,70.0,85.25579833984375,1.8029999732971191,0.021700000390410423,dietrich
558,25_10_09_cell1_3_ch3,ccp,5,158,8,80.0,83.04810333251953,-0.40470001101493835,-0.004900000058114529,dietrich
559,25_10_09_cell1_3_ch3,ccp,5,158,9,90.0,90.8583984375,7.405600070953369,0.09080000221729279,dietrich
560,25_10_09_cell1_3_ch3,ccp,5,158,10,100.0,83.16339874267578,-0.28940001130104065,-0.003599999938160181,dietrich
561,25_10_09_cell1_3_ch3,ccp,5,158,11,110.0,82.45149993896484,-1.0012999773025513,-0.012500000186264515,dietrich
562,25_10_09_cell1_3_ch3,ccp,5,158,12,120.0,77.72049713134766,-5.7322998046875,-0.0723000019788742,dietrich
563,25_10_09_cell1_3_ch3,ccp,5,158,13,130.0,80.9749984741211,-2.4779000282287598,-0.031599998474121094,dietrich
564,25_10_09_cell1_3_ch3,ccp,5,158,14,140.0,80.72380065917969,-2.729099988937378,-0.035100001841783524,dietrich
565,25_10_09_cell1_3_ch3,ccp,5,158,15,150.0,77.47779846191406,-5.974999904632568,-0.07760000228881836,dietrich
566,25_10_09_cell1_3_ch3,ccp,5,158,16,160.0,84.74759674072266,1.294800043106079,0.017000000923871994,dietrich
567,25_10_09_cell1_3_ch3,ccp,5,158,17,170.0,82.04080200195312,-1.4119999408721924,-0.018699999898672104,dietrich
568,25_10_09_cell1_3_ch3,ccp,5,158,18,180.0,78.8595962524414,-4.593200206756592,-0.06159999966621399,dietrich
569,25_10_09_cell1_3_ch3,ccp,5,158,19,190.0,82.69860076904297,-0.7542999982833862,-0.010200000368058681,dietrich
570,25_10_09_cell1_3_ch3,ccp,5,158,20,200.0,77.54209899902344,-5.910699844360352,-0.08110000193119049,dietrich
571,25_10_09_cell1_3_ch3,ccp,5,158,22,210.0,83.36209869384766,-0.09070000052452087,-0.0013000000035390258,dietrich
572,25_10_09_cell1_3_ch3,ccp,6,143,0,0.0,70.53730010986328,-0.45739999413490295,-0.006500000134110451,dietrich
573,25_10_09_cell1_3_ch3,ccp,6,143,1,10.0,77.46269989013672,6.4679999351501465,0.09040000289678574,dietrich
574,25_10_09_cell1_3_ch3,ccp,6,143,2,20.0,73.0824966430664,2.0878000259399414,0.028999999165534973,dietrich
575,25_10_09_cell1_3_ch3,ccp,6,143,3,30.0,77.16120147705078,6.166600227355957,0.08579999953508377,dietrich
576,25_10_09_cell1_3_ch3,ccp,6,143,4,40.0,68.0155029296875,-2.9791998863220215,-0.04170000180602074,dietrich
577,25_10_09_cell1_3_ch3,ccp,6,143,5,50.0,68.00779724121094,-2.986799955368042,-0.042100001126527786,dietrich
578,25_10_09_cell1_3_ch3,ccp,6,143,6,60.0,68.04149627685547,-2.9530999660491943,-0.04190000146627426,dietrich
579,25_10_09_cell1_3_ch3,ccp,6,143,7,70.0,72.05460357666016,1.0599000453948975,0.015200000256299973,dietrich
580,25_10_09_cell1_3_ch3,ccp,6,143,8,80.0,71.01419830322266,0.019500000402331352,0.0003000000142492354,dietrich
581,25_10_09_cell1_3_ch3,ccp,6,143,9,90.0,65.91089630126953,-5.083799839019775,-0.07360000163316727,dietrich
582,25_10_09_cell1_3_ch3,ccp,6,143,10,100.0,73.7531967163086,2.758500099182129,0.04010000079870224,dietrich
583,25_10_09_cell1_3_ch3,ccp,6,143,11,110.0,70.0614013671875,-0.9333000183105469,-0.01360000018030405,dietrich
584,25_10_09_cell1_3_ch3,ccp,6,143,12,120.0,66.86260223388672,-4.1321001052856445,-0.060600001364946365,dietrich
585,25_10_09_cell1_3_ch3,ccp,6,143,13,130.0,70.68419647216797,-0.31049999594688416,-0.004600000102072954,dietrich
586,25_10_09_cell1_3_ch3,ccp,6,143,14,140.0,62.04890060424805,-8.945799827575684,-0.13259999454021454,dietrich
587,25_10_09_cell1_3_ch3,ccp,6,143,15,150.0,64.96859741210938,-6.026000022888184,-0.08990000188350677,dietrich
588,25_10_09_cell1_3_ch3,ccp,6,143,16,160.0,69.43910217285156,-1.5556000471115112,-0.023399999365210533,dietrich
589,25_10_09_cell1_3_ch3,ccp,6,143,17,170.0,73.93379974365234,2.939199924468994,0.04450000077486038,dietrich
590,25_10_09_cell1_3_ch3,ccp,6,143,18,180.0,70.39869689941406,-0.5958999991416931,-0.009100000374019146,dietrich
591,25_10_09_cell1_3_ch3,ccp,6,143,19,190.0,68.24629974365234,-2.7483999729156494,-0.042100001126527786,dietrich
592,25_10_09_cell1_3_ch3,ccp,6,143,20,200.0,66.34989929199219,-4.644700050354004,-0.07129999995231628,dietrich
593,25_10_09_cell1_3_ch3,ccp,6,143,22,210.0,71.03829956054688,0.04360000044107437,0.000699999975040555,dietrich
594,25_10_09_cell1_3_ch3,ccp,7,121,0,0.0,113.0696029663086,0.694599986076355,0.006099999882280827,dietrich
595,25_10_09_cell1_3_ch3,ccp,7,121,1,10.0,121.56670379638672,9.191699981689453,0.08309999853372574,dietrich
596,25_10_09_cell1_3_ch3,ccp,7,121,2,20.0,119.83789825439453,7.462900161743164,0.06920000165700912,dietrich
597,25_10_09_cell1_3_ch3,ccp,7,121,3,30.0,117.81950378417969,5.444399833679199,0.051500000059604645,dietrich
598,25_10_09_cell1_3_ch3,ccp,7,121,4,40.0,114.59700012207031,2.22189998626709,0.021299999207258224,dietrich
599,25_10_09_cell1_3_ch3,ccp,7,121,5,50.0,107.9271011352539,-4.447999954223633,-0.043299999088048935,dietrich
600,25_10_09_cell1_3_ch3,ccp,7,121,6,60.0,109.75900268554688,-2.615999937057495,-0.025800000876188278,dietrich
601,25_10_09_cell1_3_ch3,ccp,7,121,7,70.0,107.3927001953125,-4.982399940490723,-0.04989999905228615,dietrich
602,25_10_09_cell1_3_ch3,ccp,7,121,8,80.0,104.30290222167969,-8.072199821472168,-0.08209999650716782,dietrich
603,25_10_09_cell1_3_ch3,ccp,7,121,9,90.0,101.14610290527344,-11.228899955749512,-0.1160999983549118,dietrich
604,25_10_09_cell1_3_ch3,ccp,7,121,10,100.0,102.22139739990234,-10.153599739074707,-0.10679999738931656,dietrich
605,25_10_09_cell1_3_ch3,ccp,7,121,11,110.0,100.65859985351562,-11.716400146484375,-0.12549999356269836,dietrich
606,25_10_09_cell1_3_ch3,ccp,7,121,12,120.0,97.45490264892578,-14.920100212097168,-0.16279999911785126,dietrich
607,25_10_09_cell1_3_ch3,ccp,7,121,13,130.0,96.57250213623047,-15.802599906921387,-0.17569999396800995,dietrich
608,25_10_09_cell1_3_ch3,ccp,7,121,14,140.0,98.6416015625,-13.733499526977539,-0.15559999644756317,dietrich
609,25_10_09_cell1_3_ch3,ccp,7,121,15,150.0,104.90660095214844,-7.468400001525879,-0.08619999885559082,dietrich
610,25_10_09_cell1_3_ch3,ccp,7,121,16,160.0,109.62629699707031,-2.748699903488159,-0.03229999914765358,dietrich
611,25_10_09_cell1_3_ch3,ccp,7,121,17,170.0,112.62580108642578,0.2506999969482422,0.003000000026077032,dietrich
612,25_10_09_cell1_3_ch3,ccp,7,121,18,180.0,116.12079620361328,3.745800018310547,0.045499999076128006,dietrich
613,25_10_09_cell1_3_ch3,ccp,7,121,19,190.0,114.72460174560547,2.349600076675415,0.028999999165534973,dietrich
614,25_10_09_cell1_3_ch3,ccp,7,121,20,200.0,109.181396484375,-3.1935999393463135,-0.04019999876618385,dietrich
615,25_10_09_cell1_3_ch3,ccp,7,121,22,210.0,112.46369934082031,0.08869999647140503,0.0010999999940395355,dietrich
616,25_10_09_cell1_3_ch3,ccp,8,108,0,0.0,110.61689758300781,0.9642999768257141,0.00860000029206276,dietrich
617,25_10_09_cell1_3_ch3,ccp,8,108,1,10.0,103.74030303955078,-5.912300109863281,-0.05480000004172325,dietrich
618,25_10_09_cell1_3_ch3,ccp,8,108,2,20.0,112.489501953125,2.8369998931884766,0.026799999177455902,dietrich
619,25_10_09_cell1_3_ch3,ccp,8,108,3,30.0,111.5698013305664,1.9172999858856201,0.018300000578165054,dietrich
620,25_10_09_cell1_3_ch3,ccp,8,108,4,40.0,115.99440002441406,6.341800212860107,0.0608999989926815,dietrich
621,25_10_09_cell1_3_ch3,ccp,8,108,5,50.0,104.45549774169922,-5.1971001625061035,-0.05000000074505806,dietrich
622,25_10_09_cell1_3_ch3,ccp,8,108,6,60.0,112.36109924316406,2.7086000442504883,0.026100000366568565,dietrich
623,25_10_09_cell1_3_ch3,ccp,8,108,7,70.0,113.49120330810547,3.83870005607605,0.03700000047683716,dietrich
624,25_10_09_cell1_3_ch3,ccp,8,108,8,80.0,118.01119995117188,8.358699798583984,0.08079999685287476,dietrich
625,25_10_09_cell1_3_ch3,ccp,8,108,9,90.0,119.84200286865234,10.189499855041504,0.09889999777078629,dietrich
626,25_10_09_cell1_3_ch3,ccp,8,108,10,100.0,110.74520111083984,1.0925999879837036,0.010700000450015068,dietrich
627,25_10_09_cell1_3_ch3,ccp,8,108,11,110.0,107.7406005859375,-1.9119999408721924,-0.018799999728798866,dietrich
628,25_10_09_cell1_3_ch3,ccp,8,108,12,120.0,109.04840087890625,-0.6040999889373779,-0.006000000052154064,dietrich
629,25_10_09_cell1_3_ch3,ccp,8,108,13,130.0,110.2217025756836,0.569100022315979,0.00570000009611249,dietrich
630,25_10_09_cell1_3_ch3,ccp,8,108,14,140.0,107.84970092773438,-1.8028000593185425,-0.017999999225139618,dietrich
631,25_10_09_cell1_3_ch3,ccp,8,108,15,150.0,112.04779815673828,2.3952999114990234,0.024000000208616257,dietrich
632,25_10_09_cell1_3_ch3,ccp,8,108,16,160.0,105.42269897460938,-4.229800224304199,-0.042399998754262924,dietrich
633,25_10_09_cell1_3_ch3,ccp,8,108,17,170.0,108.37190246582031,-1.2806999683380127,-0.012799999676644802,dietrich
634,25_10_09_cell1_3_ch3,ccp,8,108,18,180.0,111.8822021484375,2.2297000885009766,0.02239999920129776,dietrich
635,25_10_09_cell1_3_ch3,ccp,8,108,19,190.0,108.75779724121094,-0.8946999907493591,-0.008999999612569809,dietrich
636,25_10_09_cell1_3_ch3,ccp,8,108,20,200.0,107.44280242919922,-2.209700107574463,-0.02250000089406967,dietrich
637,25_10_09_cell1_3_ch3,ccp,8,108,22,210.0,111.3915023803711,1.7389999628067017,0.01810000091791153,dietrich
638,25_10_09_cell1_3_ch3,ccp,9,102,0,0.0,89.14830017089844,-2.136199951171875,-0.023900000378489494,dietrich
639,25_10_09_cell1_3_ch3,ccp,9,102,1,10.0,93.46279907226562,2.178299903869629,0.023399999365210533,dietrich
640,25_10_09_cell1_3_ch3,ccp,9,102,2,20.0,92.6531982421875,1.3687000274658203,0.0142000000923872,dietrich
641,25_10_09_cell1_3_ch3,ccp,9,102,3,30.0,90.19740295410156,-1.0871000289916992,-0.010999999940395355,dietrich
642,25_10_09_cell1_3_ch3,ccp,9,102,4,40.0,89.04039764404297,-2.2441999912261963,-0.02250000089406967,dietrich
643,25_10_09_cell1_3_ch3,ccp,9,102,5,50.0,88.66470336914062,-2.6198999881744385,-0.026000000536441803,dietrich
644,25_10_09_cell1_3_ch3,ccp,9,102,6,60.0,89.38310241699219,-1.9013999700546265,-0.01889999955892563,dietrich
645,25_10_09_cell1_3_ch3,ccp,9,102,7,70.0,95.74299621582031,4.458499908447266,0.044599998742341995,dietrich
646,25_10_09_cell1_3_ch3,ccp,9,102,8,80.0,97.3740005493164,6.089399814605713,0.061500001698732376,dietrich
647,25_10_09_cell1_3_ch3,ccp,9,102,9,90.0,103.05889892578125,11.774299621582031,0.12049999833106995,dietrich
648,25_10_09_cell1_3_ch3,ccp,9,102,10,100.0,93.4708023071289,2.186300039291382,0.022700000554323196,dietrich
649,25_10_09_cell1_3_ch3,ccp,9,102,11,110.0,96.52179718017578,5.237199783325195,0.0551999993622303,dietrich
650,25_10_09_cell1_3_ch3,ccp,9,102,12,120.0,87.87699890136719,-3.4075000286102295,-0.036400001496076584,dietrich
651,25_10_09_cell1_3_ch3,ccp,9,102,13,130.0,85.74849700927734,-5.535999774932861,-0.05979999899864197,dietrich
652,25_10_09_cell1_3_ch3,ccp,9,102,14,140.0,89.96489715576172,-1.319599986076355,-0.014399999752640724,dietrich
653,25_10_09_cell1_3_ch3,ccp,9,102,15,150.0,98.20929718017578,6.924699783325195,0.07599999755620956,dietrich
654,25_10_09_cell1_3_ch3,ccp,9,102,16,160.0,92.47799682617188,1.19350004196167,0.013199999928474426,dietrich
655,25_10_09_cell1_3_ch3,ccp,9,102,17,170.0,92.76300048828125,1.4785000085830688,0.016499999910593033,dietrich
656,25_10_09_cell1_3_ch3,ccp,9,102,18,180.0,89.17729949951172,-2.107300043106079,-0.024000000208616257,dietrich
657,25_10_09_cell1_3_ch3,ccp,9,102,19,190.0,90.02580261230469,-1.2587000131607056,-0.014800000004470348,dietrich
658,25_10_09_cell1_3_ch3,ccp,9,102,20,200.0,87.65380096435547,-3.6308000087738037,-0.04540000110864639,dietrich
659,25_10_09_cell1_3_ch3,ccp,9,102,22,210.0,88.68379974365234,-2.6006999015808105,-0.03590000048279762,dietrich
660,25_10_09_cell1_3_ch3,ccp,10,123,0,0.0,65.33509826660156,-0.6098999977111816,-0.00930000003427267,dietrich
661,25_10_09_cell1_3_ch3,ccp,10,123,1,10.0,66.18000030517578,0.23499999940395355,0.0035000001080334187,dietrich
662,25_10_09_cell1_3_ch3,ccp,10,123,2,20.0,68.24079895019531,2.295799970626831,0.03440000116825104,dietrich
663,25_10_09_cell1_3_ch3,ccp,10,123,3,30.0,67.38330078125,1.4383000135421753,0.02160000056028366,dietrich
664,25_10_09_cell1_3_ch3,ccp,10,123,4,40.0,69.32330322265625,3.3782999515533447,0.05119999870657921,dietrich
665,25_10_09_cell1_3_ch3,ccp,10,123,5,50.0,67.62830352783203,1.6833000183105469,0.02590000070631504,dietrich
666,25_10_09_cell1_3_ch3,ccp,10,123,6,60.0,66.6895980834961,0.7445999979972839,0.011699999682605267,dietrich
667,25_10_09_cell1_3_ch3,ccp,10,123,7,70.0,73.32969665527344,7.384699821472168,0.11840000003576279,dietrich
668,25_10_09_cell1_3_ch3,ccp,10,123,8,80.0,71.07779693603516,5.132800102233887,0.08420000225305557,dietrich
669,25_10_09_cell1_3_ch3,ccp,10,123,9,90.0,71.59539794921875,5.650400161743164,0.0949999988079071,dietrich
670,25_10_09_cell1_3_ch3,ccp,10,123,10,100.0,68.31500244140625,2.369999885559082,0.040800001472234726,dietrich
671,25_10_09_cell1_3_ch3,ccp,10,123,11,110.0,72.01789855957031,6.07289981842041,0.1071000024676323,dietrich
672,25_10_09_cell1_3_ch3,ccp,10,123,12,120.0,68.65380096435547,2.7088000774383545,0.04879999905824661,dietrich
673,25_10_09_cell1_3_ch3,ccp,10,123,13,130.0,72.3740005493164,6.428999900817871,0.11829999834299088,dietrich
674,25_10_09_cell1_3_ch3,ccp,10,123,14,140.0,65.92649841308594,-0.01850000023841858,-0.0003000000142492354,dietrich
675,25_10_09_cell1_3_ch3,ccp,10,123,15,150.0,63.506900787353516,-2.4381000995635986,-0.04670000076293945,dietrich
676,25_10_09_cell1_3_ch3,ccp,10,123,16,160.0,64.48770141601562,-1.4572999477386475,-0.02850000001490116,dietrich
677,25_10_09_cell1_3_ch3,ccp,10,123,17,170.0,62.54119873046875,-3.4038000106811523,-0.06809999793767929,dietrich
678,25_10_09_cell1_3_ch3,ccp,10,123,18,180.0,62.49039840698242,-3.4546000957489014,-0.07129999995231628,dietrich
679,25_10_09_cell1_3_ch3,ccp,10,123,19,190.0,60.85599899291992,-5.089000225067139,-0.10920000076293945,dietrich
680,25_10_09_cell1_3_ch3,ccp,10,123,20,200.0,65.40399932861328,-0.5410000085830688,-0.012299999594688416,dietrich
681,25_10_09_cell1_3_ch3,ccp,10,123,22,210.0,64.99649810791016,-0.9484999775886536,-0.02329999953508377,dietrich
682,25_10_09_cell1_3_ch3,ccp,11,101,0,0.0,110.35230255126953,-4.455699920654297,-0.040300000458955765,dietrich
683,25_10_09_cell1_3_ch3,ccp,11,101,1,10.0,115.14769744873047,0.33980000019073486,0.002899999963119626,dietrich
684,25_10_09_cell1_3_ch3,ccp,11,101,2,20.0,111.33370208740234,-3.4742000102996826,-0.02759999968111515,dietrich
685,25_10_09_cell1_3_ch3,ccp,11,101,3,30.0,102.67269897460938,-12.135299682617188,-0.0925000011920929,dietrich
686,25_10_09_cell1_3_ch3,ccp,11,101,4,40.0,121.4352035522461,6.627299785614014,0.04910000041127205,dietrich
687,25_10_09_cell1_3_ch3,ccp,11,101,5,50.0,109.40350341796875,-5.404399871826172,-0.03929999843239784,dietrich
688,25_10_09_cell1_3_ch3,ccp,11,101,6,60.0,118.37429809570312,3.5664000511169434,0.025699999183416367,dietrich
689,25_10_09_cell1_3_ch3,ccp,11,101,7,70.0,128.66220092773438,13.85420036315918,0.09920000284910202,dietrich
690,25_10_09_cell1_3_ch3,ccp,11,101,8,80.0,128.6029052734375,13.795000076293945,0.09870000183582306,dietrich
691,25_10_09_cell1_3_ch3,ccp,11,101,9,90.0,132.55650329589844,17.748600006103516,0.1274999976158142,dietrich
692,25_10_09_cell1_3_ch3,ccp,11,101,10,100.0,136.41050720214844,21.60260009765625,0.15610000491142273,dietrich
693,25_10_09_cell1_3_ch3,ccp,11,101,11,110.0,128.5832061767578,13.775199890136719,0.10040000081062317,dietrich
694,25_10_09_cell1_3_ch3,ccp,11,101,12,120.0,107.02670288085938,-7.781199932098389,-0.05730000138282776,dietrich
695,25_10_09_cell1_3_ch3,ccp,11,101,13,130.0,106.73049926757812,-8.077400207519531,-0.06019999831914902,dietrich
696,25_10_09_cell1_3_ch3,ccp,11,101,14,140.0,122.22429656982422,7.416399955749512,0.05609999969601631,dietrich
697,25_10_09_cell1_3_ch3,ccp,11,101,15,150.0,122.08149719238281,7.273499965667725,0.05609999969601631,dietrich
698,25_10_09_cell1_3_ch3,ccp,11,101,16,160.0,113.9220962524414,-0.8858000040054321,-0.007000000216066837,dietrich
699,25_10_09_cell1_3_ch3,ccp,11,101,17,170.0,100.41629791259766,-14.391599655151367,-0.11659999936819077,dietrich
700,25_10_09_cell1_3_ch3,ccp,11,101,18,180.0,110.78759765625,-4.020400047302246,-0.033799998462200165,dietrich
701,25_10_09_cell1_3_ch3,ccp,11,101,19,190.0,113.8156967163086,-0.9922999739646912,-0.008700000122189522,dietrich
702,25_10_09_cell1_3_ch3,ccp,11,101,20,200.0,106.84010314941406,-7.967800140380859,-0.07479999959468842,dietrich
703,25_10_09_cell1_3_ch3,ccp,11,101,22,210.0,110.76319885253906,-4.0447001457214355,-0.04149999842047691,dietrich
704,25_10_09_cell1_3_ch3,ccp,12,79,0,0.0,114.09649658203125,0.1720999926328659,0.001500000013038516,dietrich
705,25_10_09_cell1_3_ch3,ccp,12,79,1,10.0,117.58439636230469,3.6600000858306885,0.032099999487400055,dietrich
706,25_10_09_cell1_3_ch3,ccp,12,79,2,20.0,124.14029693603516,10.215900421142578,0.09019999951124191,dietrich
707,25_10_09_cell1_3_ch3,ccp,12,79,3,30.0,119.22630310058594,5.3018999099731445,0.047200001776218414,dietrich
708,25_10_09_cell1_3_ch3,ccp,12,79,4,40.0,111.96990203857422,-1.9543999433517456,-0.017500000074505806,dietrich
709,25_10_09_cell1_3_ch3,ccp,12,79,5,50.0,109.0094985961914,-4.914899826049805,-0.04450000077486038,dietrich
710,25_10_09_cell1_3_ch3,ccp,12,79,6,60.0,112.3593978881836,-1.565000057220459,-0.014299999922513962,dietrich
711,25_10_09_cell1_3_ch3,ccp,12,79,7,70.0,115.19190216064453,1.2675000429153442,0.011699999682605267,dietrich
712,25_10_09_cell1_3_ch3,ccp,12,79,8,80.0,114.80899810791016,0.8845999836921692,0.008200000040233135,dietrich
713,25_10_09_cell1_3_ch3,ccp,12,79,9,90.0,116.72160339355469,2.7971999645233154,0.026100000366568565,dietrich
714,25_10_09_cell1_3_ch3,ccp,12,79,10,100.0,111.4303970336914,-2.49399995803833,-0.023399999365210533,dietrich
715,25_10_09_cell1_3_ch3,ccp,12,79,11,110.0,108.58979797363281,-5.334499835968018,-0.050200000405311584,dietrich
716,25_10_09_cell1_3_ch3,ccp,12,79,12,120.0,106.76789855957031,-7.156499862670898,-0.06759999692440033,dietrich
717,25_10_09_cell1_3_ch3,ccp,12,79,13,130.0,110.52469635009766,-3.3996999263763428,-0.03220000118017197,dietrich
718,25_10_09_cell1_3_ch3,ccp,12,79,14,140.0,110.57689666748047,-3.3475000858306885,-0.03180000185966492,dietrich
719,25_10_09_cell1_3_ch3,ccp,12,79,15,150.0,113.98259735107422,0.05820000171661377,0.0006000000284984708,dietrich
720,25_10_09_cell1_3_ch3,ccp,12,79,16,160.0,115.49669647216797,1.5722999572753906,0.014999999664723873,dietrich
721,25_10_09_cell1_3_ch3,ccp,12,79,17,170.0,113.67150115966797,-0.25290000438690186,-0.002400000113993883,dietrich
722,25_10_09_cell1_3_ch3,ccp,12,79,18,180.0,112.9563980102539,-0.9679999947547913,-0.009100000374019146,dietrich
723,25_10_09_cell1_3_ch3,ccp,12,79,19,190.0,112.8405990600586,-1.083799958229065,-0.010099999606609344,dietrich
724,25_10_09_cell1_3_ch3,ccp,12,79,20,200.0,114.88980102539062,0.965399980545044,0.008899999782443047,dietrich
725,25_10_09_cell1_3_ch3,ccp,12,79,22,210.0,114.90969848632812,0.9853000044822693,0.008799999952316284,dietrich
726,25_10_09_cell1_3_ch3,ccp,13,64,0,0.0,98.7251968383789,-1.4443999528884888,-0.014700000174343586,dietrich
727,25_10_09_cell1_3_ch3,ccp,13,64,1,10.0,105.73139953613281,5.561800003051758,0.0544000007212162,dietrich
728,25_10_09_cell1_3_ch3,ccp,13,64,2,20.0,99.04329681396484,-1.1262999773025513,-0.010900000110268593,dietrich
729,25_10_09_cell1_3_ch3,ccp,13,64,3,30.0,105.04149627685547,4.8719000816345215,0.04699999839067459,dietrich
730,25_10_09_cell1_3_ch3,ccp,13,64,4,40.0,102.93939971923828,2.7697999477386475,0.027000000700354576,dietrich
731,25_10_09_cell1_3_ch3,ccp,13,64,5,50.0,114.21640014648438,14.046799659729004,0.13899999856948853,dietrich
732,25_10_09_cell1_3_ch3,ccp,13,64,6,60.0,105.18190002441406,5.01230001449585,0.05040000006556511,dietrich
733,25_10_09_cell1_3_ch3,ccp,13,64,7,70.0,110.01709747314453,9.84749984741211,0.10050000250339508,dietrich
734,25_10_09_cell1_3_ch3,ccp,13,64,8,80.0,100.0780029296875,-0.09160000085830688,-0.0008999999845400453,dietrich
735,25_10_09_cell1_3_ch3,ccp,13,64,9,90.0,102.39360046386719,2.2239999771118164,0.02329999953508377,dietrich
736,25_10_09_cell1_3_ch3,ccp,13,64,10,100.0,100.83869934082031,0.6690999865531921,0.0071000000461936,dietrich
737,25_10_09_cell1_3_ch3,ccp,13,64,11,110.0,90.43659973144531,-9.732999801635742,-0.10360000282526016,dietrich
738,25_10_09_cell1_3_ch3,ccp,13,64,12,120.0,91.4011001586914,-8.768500328063965,-0.0940999984741211,dietrich
739,25_10_09_cell1_3_ch3,ccp,13,64,13,130.0,90.7218017578125,-9.447799682617188,-0.10249999910593033,dietrich
740,25_10_09_cell1_3_ch3,ccp,13,64,14,140.0,92.0542984008789,-8.115300178527832,-0.08910000324249268,dietrich
741,25_10_09_cell1_3_ch3,ccp,13,64,15,150.0,97.78350067138672,-2.3861000537872314,-0.026599999517202377,dietrich
742,25_10_09_cell1_3_ch3,ccp,13,64,16,160.0,99.89199829101562,-0.2775000035762787,-0.003100000089034438,dietrich
743,25_10_09_cell1_3_ch3,ccp,13,64,17,170.0,101.1541976928711,0.9846000075340271,0.011300000362098217,dietrich
744,25_10_09_cell1_3_ch3,ccp,13,64,18,180.0,101.52570343017578,1.3561999797821045,0.015799999237060547,dietrich
745,25_10_09_cell1_3_ch3,ccp,13,64,19,190.0,100.36009979248047,0.19050000607967377,0.002199999988079071,dietrich
746,25_10_09_cell1_3_ch3,ccp,13,64,20,200.0,101.86309814453125,1.69350004196167,0.019600000232458115,dietrich
747,25_10_09_cell1_3_ch3,ccp,13,64,22,210.0,97.89579772949219,-2.2737998962402344,-0.025499999523162842,dietrich
748,25_10_09_cell1_3_ch3,ccp,14,16,0,0.0,101.06539916992188,-1.4766000509262085,-0.014600000344216824,dietrich
749,25_10_09_cell1_3_ch3,ccp,14,16,1,10.0,98.99120330810547,-3.5506999492645264,-0.03420000150799751,dietrich
750,25_10_09_cell1_3_ch3,ccp,14,16,2,20.0,101.39579772949219,-1.1461999416351318,-0.010900000110268593,dietrich
751,25_10_09_cell1_3_ch3,ccp,14,16,3,30.0,111.45079803466797,8.908900260925293,0.08420000225305557,dietrich
752,25_10_09_cell1_3_ch3,ccp,14,16,4,40.0,104.31919860839844,1.7771999835968018,0.01679999940097332,dietrich
753,25_10_09_cell1_3_ch3,ccp,14,16,5,50.0,109.72000122070312,7.178100109100342,0.06800000369548798,dietrich
754,25_10_09_cell1_3_ch3,ccp,14,16,6,60.0,97.4563980102539,-5.085599899291992,-0.048500001430511475,dietrich
755,25_10_09_cell1_3_ch3,ccp,14,16,7,70.0,100.37699890136719,-2.1649999618530273,-0.020800000056624413,dietrich
756,25_10_09_cell1_3_ch3,ccp,14,16,8,80.0,95.5072021484375,-7.034800052642822,-0.0681999996304512,dietrich
757,25_10_09_cell1_3_ch3,ccp,14,16,9,90.0,105.23739624023438,2.695499897003174,0.02630000002682209,dietrich
758,25_10_09_cell1_3_ch3,ccp,14,16,10,100.0,103.05819702148438,0.5163000226020813,0.005100000184029341,dietrich
759,25_10_09_cell1_3_ch3,ccp,14,16,11,110.0,102.76689910888672,0.2249000072479248,0.002199999988079071,dietrich
760,25_10_09_cell1_3_ch3,ccp,14,16,12,120.0,100.80660247802734,-1.7352999448776245,-0.01720000058412552,dietrich
761,25_10_09_cell1_3_ch3,ccp,14,16,13,130.0,99.68090057373047,-2.8610000610351562,-0.0284000001847744,dietrich
762,25_10_09_cell1_3_ch3,ccp,14,16,14,140.0,97.10369873046875,-5.438199996948242,-0.05400000140070915,dietrich
763,25_10_09_cell1_3_ch3,ccp,14,16,15,150.0,101.22540283203125,-1.31659996509552,-0.013100000098347664,dietrich
764,25_10_09_cell1_3_ch3,ccp,14,16,16,160.0,107.23529815673828,4.693299770355225,0.04659999907016754,dietrich
765,25_10_09_cell1_3_ch3,ccp,14,16,17,170.0,104.41829681396484,1.8763999938964844,0.01860000006854534,dietrich
766,25_10_09_cell1_3_ch3,ccp,14,16,18,180.0,101.70099639892578,-0.8410000205039978,-0.00839999970048666,dietrich
767,25_10_09_cell1_3_ch3,ccp,14,16,19,190.0,100.518798828125,-2.023099899291992,-0.0203000009059906,dietrich
768,25_10_09_cell1_3_ch3,ccp,14,16,20,200.0,102.13629913330078,-0.4056999981403351,-0.004100000020116568,dietrich
769,25_10_09_cell1_3_ch3,ccp,14,16,22,210.0,101.49530029296875,-1.0467000007629395,-0.010900000110268593,dietrich
770,25_10_09_cell1_3_ch3,ccp,15,9,0,0.0,99.39420318603516,-2.4626998901367188,-0.024900000542402267,dietrich
771,25_10_09_cell1_3_ch3,ccp,15,9,1,10.0,101.14430236816406,-0.7125999927520752,-0.006800000090152025,dietrich
772,25_10_09_cell1_3_ch3,ccp,15,9,2,20.0,106.58879852294922,4.73199987411499,0.04390000179409981,dietrich
773,25_10_09_cell1_3_ch3,ccp,15,9,3,30.0,103.6958999633789,1.8389999866485596,0.01679999940097332,dietrich
774,25_10_09_cell1_3_ch3,ccp,15,9,4,40.0,105.0978012084961,3.2409000396728516,0.029500000178813934,dietrich
775,25_10_09_cell1_3_ch3,ccp,15,9,5,50.0,106.58039855957031,4.723499774932861,0.04309999942779541,dietrich
776,25_10_09_cell1_3_ch3,ccp,15,9,6,60.0,100.72570037841797,-1.1311999559402466,-0.010400000028312206,dietrich
777,25_10_09_cell1_3_ch3,ccp,15,9,7,70.0,105.51640319824219,3.6594998836517334,0.03370000049471855,dietrich
778,25_10_09_cell1_3_ch3,ccp,15,9,8,80.0,104.47869873046875,2.621799945831299,0.024299999698996544,dietrich
779,25_10_09_cell1_3_ch3,ccp,15,9,9,90.0,107.94059753417969,6.083700180053711,0.05649999901652336,dietrich
780,25_10_09_cell1_3_ch3,ccp,15,9,10,100.0,102.32839965820312,0.4715000092983246,0.004399999976158142,dietrich
781,25_10_09_cell1_3_ch3,ccp,15,9,11,110.0,99.1946029663086,-2.6623001098632812,-0.024700000882148743,dietrich
782,25_10_09_cell1_3_ch3,ccp,15,9,12,120.0,96.93720245361328,-4.9197001457214355,-0.045499999076128006,dietrich
783,25_10_09_cell1_3_ch3,ccp,15,9,13,130.0,93.94290161132812,-7.914000034332275,-0.0729999989271164,dietrich
784,25_10_09_cell1_3_ch3,ccp,15,9,14,140.0,86.26830291748047,-15.588600158691406,-0.14329999685287476,dietrich
785,25_10_09_cell1_3_ch3,ccp,15,9,15,150.0,98.24420166015625,-3.612600088119507,-0.03310000151395798,dietrich
786,25_10_09_cell1_3_ch3,ccp,15,9,16,160.0,101.34950256347656,-0.5073000192642212,-0.004699999932199717,dietrich
787,25_10_09_cell1_3_ch3,ccp,15,9,17,170.0,105.1614990234375,3.3046000003814697,0.030400000512599945,dietrich
788,25_10_09_cell1_3_ch3,ccp,15,9,18,180.0,104.34500122070312,2.488100051879883,0.023000000044703484,dietrich
789,25_10_09_cell1_3_ch3,ccp,15,9,19,190.0,103.0259017944336,1.1690000295639038,0.010900000110268593,dietrich
790,25_10_09_cell1_3_ch3,ccp,15,9,20,200.0,101.47260284423828,-0.38429999351501465,-0.003599999938160181,dietrich
791,25_10_09_cell1_3_ch3,ccp,15,9,22,210.0,100.31580352783203,-1.541100025177002,-0.014700000174343586,dietrich
792,25_10_09_cell1_3_ch3,ccp,16,3,0,0.0,106.35919952392578,-1.1088999509811401,-0.010499999858438969,dietrich
793,25_10_09_cell1_3_ch3,ccp,16,3,1,10.0,115.04080200195312,7.572700023651123,0.06960000097751617,dietrich
794,25_10_09_cell1_3_ch3,ccp,16,3,2,20.0,103.86949920654297,-3.5987000465393066,-0.032600000500679016,dietrich
795,25_10_09_cell1_3_ch3,ccp,16,3,3,30.0,102.91100311279297,-4.55709981918335,-0.04089999943971634,dietrich
796,25_10_09_cell1_3_ch3,ccp,16,3,4,40.0,110.78099822998047,3.3129000663757324,0.029600000008940697,dietrich
797,25_10_09_cell1_3_ch3,ccp,16,3,5,50.0,107.90650177001953,0.4383000135421753,0.0038999998942017555,dietrich
798,25_10_09_cell1_3_ch3,ccp,16,3,6,60.0,111.62139892578125,4.153299808502197,0.03709999844431877,dietrich
799,25_10_09_cell1_3_ch3,ccp,16,3,7,70.0,112.19550323486328,4.727399826049805,0.042399998754262924,dietrich
800,25_10_09_cell1_3_ch3,ccp,16,3,8,80.0,117.32939910888672,9.861300468444824,0.08860000222921371,dietrich
801,25_10_09_cell1_3_ch3,ccp,16,3,9,90.0,114.08350372314453,6.6153998374938965,0.059700001031160355,dietrich
802,25_10_09_cell1_3_ch3,ccp,16,3,10,100.0,115.97309875488281,8.504899978637695,0.07689999788999557,dietrich
803,25_10_09_cell1_3_ch3,ccp,16,3,11,110.0,104.43049621582031,-3.037600040435791,-0.02759999968111515,dietrich
804,25_10_09_cell1_3_ch3,ccp,16,3,12,120.0,95.93389892578125,-11.534199714660645,-0.10499999672174454,dietrich
805,25_10_09_cell1_3_ch3,ccp,16,3,13,130.0,101.93579864501953,-5.532299995422363,-0.050599999725818634,dietrich
806,25_10_09_cell1_3_ch3,ccp,16,3,14,140.0,105.39179992675781,-2.0762999057769775,-0.019099999219179153,dietrich
807,25_10_09_cell1_3_ch3,ccp,16,3,15,150.0,102.72260284423828,-4.74560022354126,-0.043800000101327896,dietrich
808,25_10_09_cell1_3_ch3,ccp,16,3,16,160.0,105.14250183105469,-2.3255999088287354,-0.02160000056028366,dietrich
809,25_10_09_cell1_3_ch3,ccp,16,3,17,170.0,109.35540008544922,1.8871999979019165,0.01759999990463257,dietrich
810,25_10_09_cell1_3_ch3,ccp,16,3,18,180.0,108.78240203857422,1.3142999410629272,0.012400000356137753,dietrich
811,25_10_09_cell1_3_ch3,ccp,16,3,19,190.0,100.69170379638672,-6.776400089263916,-0.06430000066757202,dietrich
812,25_10_09_cell1_3_ch3,ccp,16,3,20,200.0,106.12629699707031,-1.3417999744415283,-0.012799999676644802,dietrich
813,25_10_09_cell1_3_ch3,ccp,16,3,22,210.0,106.99980163574219,-0.4683000147342682,-0.0044999998062849045,dietrich
814,25_10_09_cell1_3_ch3,ccp,17,10,0,0.0,92.85269927978516,0.8899999856948853,0.009399999864399433,dietrich
815,25_10_09_cell1_3_ch3,ccp,17,10,1,10.0,93.2061996459961,1.243499994277954,0.013899999670684338,dietrich
816,25_10_09_cell1_3_ch3,ccp,17,10,2,20.0,95.1520004272461,3.189300060272217,0.03680000081658363,dietrich
817,25_10_09_cell1_3_ch3,ccp,17,10,3,30.0,95.23680114746094,3.274199962615967,0.03830000013113022,dietrich
818,25_10_09_cell1_3_ch3,ccp,17,10,4,40.0,88.80030059814453,-3.162400007247925,-0.03720000013709068,dietrich
819,25_10_09_cell1_3_ch3,ccp,17,10,5,50.0,88.7029037475586,-3.259700059890747,-0.03830000013113022,dietrich
820,25_10_09_cell1_3_ch3,ccp,17,10,6,60.0,88.76080322265625,-3.201900005340576,-0.037700001150369644,dietrich
821,25_10_09_cell1_3_ch3,ccp,17,10,7,70.0,96.53240203857422,4.569699764251709,0.05400000140070915,dietrich
822,25_10_09_cell1_3_ch3,ccp,17,10,8,80.0,90.92919921875,-1.033400058746338,-0.012299999594688416,dietrich
823,25_10_09_cell1_3_ch3,ccp,17,10,9,90.0,98.65039825439453,6.687699794769287,0.08070000261068344,dietrich
824,25_10_09_cell1_3_ch3,ccp,17,10,10,100.0,95.55760192871094,3.594899892807007,0.04410000145435333,dietrich
825,25_10_09_cell1_3_ch3,ccp,17,10,11,110.0,94.52140045166016,2.5587000846862793,0.03189999982714653,dietrich
826,25_10_09_cell1_3_ch3,ccp,17,10,12,120.0,94.14920043945312,2.1865999698638916,0.027699999511241913,dietrich
827,25_10_09_cell1_3_ch3,ccp,17,10,13,130.0,89.10240173339844,-2.860300064086914,-0.03680000081658363,dietrich
828,25_10_09_cell1_3_ch3,ccp,17,10,14,140.0,94.23570251464844,2.2730000019073486,0.029500000178813934,dietrich
829,25_10_09_cell1_3_ch3,ccp,17,10,15,150.0,88.97319793701172,-2.9893999099731445,-0.039000000804662704,dietrich
830,25_10_09_cell1_3_ch3,ccp,17,10,16,160.0,93.44819641113281,1.4854999780654907,0.019300000742077827,dietrich
831,25_10_09_cell1_3_ch3,ccp,17,10,17,170.0,86.87830352783203,-5.084400177001953,-0.065700002014637,dietrich
832,25_10_09_cell1_3_ch3,ccp,17,10,18,180.0,94.29429626464844,2.331700086593628,0.02979999966919422,dietrich
833,25_10_09_cell1_3_ch3,ccp,17,10,19,190.0,93.4447021484375,1.4819999933242798,0.018699999898672104,dietrich
834,25_10_09_cell1_3_ch3,ccp,17,10,20,200.0,91.2885971069336,-0.6740999817848206,-0.00839999970048666,dietrich
835,25_10_09_cell1_3_ch3,ccp,17,10,22,210.0,92.01840209960938,0.05570000037550926,0.000699999975040555,dietrich
836,25_10_09_cell1_3_ch3,ccp,18,17,0,0.0,91.82540130615234,-0.5245000123977661,-0.00570000009611249,dietrich
837,25_10_09_cell1_3_ch3,ccp,18,17,1,10.0,88.97000122070312,-3.380000114440918,-0.036400001496076584,dietrich
838,25_10_09_cell1_3_ch3,ccp,18,17,2,20.0,99.9655990600586,7.615600109100342,0.08129999786615372,dietrich
839,25_10_09_cell1_3_ch3,ccp,18,17,3,30.0,88.68389892578125,-3.666100025177002,-0.03889999911189079,dietrich
840,25_10_09_cell1_3_ch3,ccp,18,17,4,40.0,91.00289916992188,-1.347100019454956,-0.014299999922513962,dietrich
841,25_10_09_cell1_3_ch3,ccp,18,17,5,50.0,93.24520111083984,0.8952999711036682,0.009499999694526196,dietrich
842,25_10_09_cell1_3_ch3,ccp,18,17,6,60.0,93.75430297851562,1.4042999744415283,0.01489999983459711,dietrich
843,25_10_09_cell1_3_ch3,ccp,18,17,7,70.0,93.40049743652344,1.0506000518798828,0.01119999960064888,dietrich
844,25_10_09_cell1_3_ch3,ccp,18,17,8,80.0,91.99839782714844,-0.3515999913215637,-0.003800000064074993,dietrich
845,25_10_09_cell1_3_ch3,ccp,18,17,9,90.0,96.24479675292969,3.89490008354187,0.041999999433755875,dietrich
846,25_10_09_cell1_3_ch3,ccp,18,17,10,100.0,93.9083023071289,1.5583000183105469,0.016899999231100082,dietrich
847,25_10_09_cell1_3_ch3,ccp,18,17,11,110.0,91.94960021972656,-0.4004000127315521,-0.00430000014603138,dietrich
848,25_10_09_cell1_3_ch3,ccp,18,17,12,120.0,90.55180358886719,-1.798200011253357,-0.019600000232458115,dietrich
849,25_10_09_cell1_3_ch3,ccp,18,17,13,130.0,88.17250061035156,-4.177499771118164,-0.04540000110864639,dietrich
850,25_10_09_cell1_3_ch3,ccp,18,17,14,140.0,88.7333984375,-3.6166000366210938,-0.03920000046491623,dietrich
851,25_10_09_cell1_3_ch3,ccp,18,17,15,150.0,90.03559875488281,-2.314300060272217,-0.02500000037252903,dietrich
852,25_10_09_cell1_3_ch3,ccp,18,17,16,160.0,93.79049682617188,1.440500020980835,0.01549999974668026,dietrich
853,25_10_09_cell1_3_ch3,ccp,18,17,17,170.0,94.69419860839844,2.3441998958587646,0.025200000032782555,dietrich
854,25_10_09_cell1_3_ch3,ccp,18,17,18,180.0,96.04869842529297,3.698699951171875,0.039799999445676804,dietrich
855,25_10_09_cell1_3_ch3,ccp,18,17,19,190.0,94.11000061035156,1.7599999904632568,0.019099999219179153,dietrich
856,25_10_09_cell1_3_ch3,ccp,18,17,20,200.0,89.70860290527344,-2.641400098800659,-0.029200000688433647,dietrich
857,25_10_09_cell1_3_ch3,ccp,18,17,22,210.0,91.27960205078125,-1.0703999996185303,-0.012199999764561653,dietrich
858,25_10_09_cell1_3_ch3,ccp,19,117,0,0.0,79.34320068359375,-0.23829999566078186,-0.003000000026077032,dietrich
859,25_10_09_cell1_3_ch3,ccp,19,117,1,10.0,77.96849822998047,-1.6130000352859497,-0.0203000009059906,dietrich
860,25_10_09_cell1_3_ch3,ccp,19,117,2,20.0,78.25769805908203,-1.323699951171875,-0.016699999570846558,dietrich
861,25_10_09_cell1_3_ch3,ccp,19,117,3,30.0,82.57499694824219,2.993499994277954,0.03759999945759773,dietrich
862,25_10_09_cell1_3_ch3,ccp,19,117,4,40.0,79.92259979248047,0.3411000072956085,0.00430000014603138,dietrich
863,25_10_09_cell1_3_ch3,ccp,19,117,5,50.0,78.98719787597656,-0.5942999720573425,-0.007400000002235174,dietrich
864,25_10_09_cell1_3_ch3,ccp,19,117,6,60.0,79.69200134277344,0.11050000041723251,0.00139999995008111,dietrich
865,25_10_09_cell1_3_ch3,ccp,19,117,7,70.0,80.51509857177734,0.9336000084877014,0.011699999682605267,dietrich
866,25_10_09_cell1_3_ch3,ccp,19,117,8,80.0,81.0291976928711,1.447700023651123,0.01810000091791153,dietrich
867,25_10_09_cell1_3_ch3,ccp,19,117,9,90.0,79.37590026855469,-0.20550000667572021,-0.0026000000070780516,dietrich
868,25_10_09_cell1_3_ch3,ccp,19,117,10,100.0,78.9738998413086,-0.6075999736785889,-0.007600000128149986,dietrich
869,25_10_09_cell1_3_ch3,ccp,19,117,11,110.0,80.96720123291016,1.385699987411499,0.017400000244379044,dietrich
870,25_10_09_cell1_3_ch3,ccp,19,117,12,120.0,81.67389678955078,2.092400074005127,0.026200000196695328,dietrich
871,25_10_09_cell1_3_ch3,ccp,19,117,13,130.0,82.32019805908203,2.7386999130249023,0.034299999475479126,dietrich
872,25_10_09_cell1_3_ch3,ccp,19,117,14,140.0,79.69670104980469,0.1151999980211258,0.00139999995008111,dietrich
873,25_10_09_cell1_3_ch3,ccp,19,117,15,150.0,80.76260375976562,1.1811000108718872,0.014700000174343586,dietrich
874,25_10_09_cell1_3_ch3,ccp,19,117,16,160.0,81.39299774169922,1.8114999532699585,0.02250000089406967,dietrich
875,25_10_09_cell1_3_ch3,ccp,19,117,17,170.0,80.25550079345703,0.6740000247955322,0.00839999970048666,dietrich
876,25_10_09_cell1_3_ch3,ccp,19,117,18,180.0,79.12950134277344,-0.4519999921321869,-0.00559999980032444,dietrich
877,25_10_09_cell1_3_ch3,ccp,19,117,19,190.0,81.61370086669922,2.0322000980377197,0.02539999969303608,dietrich
878,25_10_09_cell1_3_ch3,ccp,19,117,20,200.0,80.95149993896484,1.3700000047683716,0.017400000244379044,dietrich
879,25_10_09_cell1_3_ch3,ccp,19,117,22,210.0,78.76529693603516,-0.8162000179290771,-0.010599999688565731,dietrich
880,25_10_09_cell1_3_ch3,ccp,20,150,0,0.0,132.44349670410156,-0.19900000095367432,-0.001500000013038516,dietrich
881,25_10_09_cell1_3_ch3,ccp,20,150,1,10.0,132.58590698242188,-0.05649999901652336,-0.00039999998989515007,dietrich
882,25_10_09_cell1_3_ch3,ccp,20,150,2,20.0,128.64959716796875,-3.992799997329712,-0.029600000008940697,dietrich
883,25_10_09_cell1_3_ch3,ccp,20,150,3,30.0,131.95140075683594,-0.691100001335144,-0.005100000184029341,dietrich
884,25_10_09_cell1_3_ch3,ccp,20,150,4,40.0,134.89129638671875,2.2488999366760254,0.01679999940097332,dietrich
885,25_10_09_cell1_3_ch3,ccp,20,150,5,50.0,136.38580322265625,3.743299961090088,0.028200000524520874,dietrich
886,25_10_09_cell1_3_ch3,ccp,20,150,6,60.0,142.65269470214844,10.010299682617188,0.07609999924898148,dietrich
887,25_10_09_cell1_3_ch3,ccp,20,150,7,70.0,134.82119750976562,2.1786999702453613,0.01679999940097332,dietrich
888,25_10_09_cell1_3_ch3,ccp,20,150,8,80.0,134.15769958496094,1.5152000188827515,0.011800000444054604,dietrich
889,25_10_09_cell1_3_ch3,ccp,20,150,9,90.0,138.26400756835938,5.621500015258789,0.044199999421834946,dietrich
890,25_10_09_cell1_3_ch3,ccp,20,150,10,100.0,134.83309936523438,2.1905999183654785,0.017400000244379044,dietrich
891,25_10_09_cell1_3_ch3,ccp,20,150,11,110.0,130.69960021972656,-1.9428999423980713,-0.015599999576807022,dietrich
892,25_10_09_cell1_3_ch3,ccp,20,150,12,120.0,128.62530517578125,-4.017199993133545,-0.032499998807907104,dietrich
893,25_10_09_cell1_3_ch3,ccp,20,150,13,130.0,135.67320251464844,3.0308001041412354,0.024800000712275505,dietrich
894,25_10_09_cell1_3_ch3,ccp,20,150,14,140.0,131.90480041503906,-0.7376999855041504,-0.006099999882280827,dietrich
895,25_10_09_cell1_3_ch3,ccp,20,150,15,150.0,122.60669708251953,-10.035799980163574,-0.08389999717473984,dietrich
896,25_10_09_cell1_3_ch3,ccp,20,150,16,160.0,128.87069702148438,-3.771699905395508,-0.03189999982714653,dietrich
897,25_10_09_cell1_3_ch3,ccp,20,150,17,170.0,125.79100036621094,-6.851399898529053,-0.05860000103712082,dietrich
898,25_10_09_cell1_3_ch3,ccp,20,150,18,180.0,127.30860137939453,-5.333799839019775,-0.04619999974966049,dietrich
899,25_10_09_cell1_3_ch3,ccp,20,150,19,190.0,125.7323989868164,-6.910099983215332,-0.060499999672174454,dietrich
900,25_10_09_cell1_3_ch3,ccp,20,150,20,200.0,130.6125946044922,-2.029900074005127,-0.017899999395012856,dietrich
901,25_10_09_cell1_3_ch3,ccp,20,150,22,210.0,137.02699279785156,4.384500026702881,0.03889999911189079,dietrich
902,25_10_09_cell1_3_ch3,ccp,21,152,0,0.0,112.09300231933594,-2.151400089263916,-0.01940000057220459,dietrich
903,25_10_09_cell1_3_ch3,ccp,21,152,1,10.0,117.15699768066406,2.912600040435791,0.024800000712275505,dietrich
904,25_10_09_cell1_3_ch3,ccp,21,152,2,20.0,106.59400177001953,-7.650400161743164,-0.06289999932050705,dietrich
905,25_10_09_cell1_3_ch3,ccp,21,152,3,30.0,115.8333969116211,1.5888999700546265,0.012799999676644802,dietrich
906,25_10_09_cell1_3_ch3,ccp,21,152,4,40.0,121.4906997680664,7.246300220489502,0.057999998331069946,dietrich
907,25_10_09_cell1_3_ch3,ccp,21,152,5,50.0,111.09609985351562,-3.1482999324798584,-0.025100000202655792,dietrich
908,25_10_09_cell1_3_ch3,ccp,21,152,6,60.0,122.3230972290039,8.078700065612793,0.06440000236034393,dietrich
909,25_10_09_cell1_3_ch3,ccp,21,152,7,70.0,120.96700286865234,6.722599983215332,0.053700000047683716,dietrich
910,25_10_09_cell1_3_ch3,ccp,21,152,8,80.0,111.92359924316406,-2.3208000659942627,-0.01860000006854534,dietrich
911,25_10_09_cell1_3_ch3,ccp,21,152,9,90.0,114.41809844970703,0.1737000048160553,0.00139999995008111,dietrich
912,25_10_09_cell1_3_ch3,ccp,21,152,10,100.0,117.73310089111328,3.4886999130249023,0.02800000086426735,dietrich
913,25_10_09_cell1_3_ch3,ccp,21,152,11,110.0,111.43789672851562,-2.80649995803833,-0.022600000724196434,dietrich
914,25_10_09_cell1_3_ch3,ccp,21,152,12,120.0,112.3667984008789,-1.8775999546051025,-0.015200000256299973,dietrich
915,25_10_09_cell1_3_ch3,ccp,21,152,13,130.0,122.59760284423828,8.35319995880127,0.0681999996304512,dietrich
916,25_10_09_cell1_3_ch3,ccp,21,152,14,140.0,128.93069458007812,14.686300277709961,0.12129999697208405,dietrich
917,25_10_09_cell1_3_ch3,ccp,21,152,15,150.0,104.86710357666016,-9.377300262451172,-0.07859999686479568,dietrich
918,25_10_09_cell1_3_ch3,ccp,21,152,16,160.0,109.08760070800781,-5.156799793243408,-0.04390000179409981,dietrich
919,25_10_09_cell1_3_ch3,ccp,21,152,17,170.0,105.93099975585938,-8.313400268554688,-0.07209999859333038,dietrich
920,25_10_09_cell1_3_ch3,ccp,21,152,18,180.0,112.62300109863281,-1.621399998664856,-0.014299999922513962,dietrich
921,25_10_09_cell1_3_ch3,ccp,21,152,19,190.0,107.75479888916016,-6.48960018157959,-0.05790000036358833,dietrich
922,25_10_09_cell1_3_ch3,ccp,21,152,20,200.0,110.5115966796875,-3.732800006866455,-0.033399999141693115,dietrich
923,25_10_09_cell1_3_ch3,ccp,21,152,22,210.0,114.15119934082031,-0.093299999833107,-0.0007999999797903001,dietrich
