"","frame","power","mean","sd","time"
"1",1,2,0.00482104456220526,0.00820105889174525,-3
"2",1,5,-0.0171672641148298,0.0105746704162548,-3
"3",1,10,0.000856933728065559,0.00414943318419386,-3
"4",1,20,-0.00374972827757439,0.00724408900793902,-3
"5",1,30,-0.00612632891160127,0.00864491306517907,-3
"6",1,50,0.000668706260119068,0.00637521153904549,-3
"7",1,100,0.0114414537987355,0.00911156343863831,-3
"8",2,2,0.0131943045026301,0.00733084059882991,-2
"9",2,5,-0.0073183760762765,0.00497100042004145,-2
"10",2,10,0.0226777336048481,0.0315875388149298,-2
"11",2,20,-0.000388340792385018,0.0108123846094199,-2
"12",2,30,-0.000188288880541997,0.00984343917889526,-2
"13",2,50,-0.00304083519324935,0.00553011013614347,-2
"14",2,100,0.00230562857239618,0.0227601629124645,-2
"15",3,2,0.00365571507710743,0.00351125949082057,-1
"16",3,5,-0.00116906888492648,0.00287762133252661,-1
"17",3,10,-0.00500402436992657,0.0140006928886269,-1
"18",3,20,-0.00623524326912101,0.00605741198070583,-1
"19",3,30,-8.67748515750374e-05,0.00626867808690967,-1
"20",3,50,-0.00672272247139763,0.0118921034024831,-1
"21",3,100,-0.00413851304002323,0.00340502361753367,-1
"22",4,2,0.0994270340061262,0.018186310852417,0
"23",4,5,0.415054341279726,0.0828384423759232,0
"24",4,10,0.884942991602664,0.304575927499601,0
"25",4,20,1.88690623095091,0.556578474814518,0
"26",4,30,2.40287820069868,0.891362560085558,0
"27",4,50,2.9201726297441,1.70336740309686,0
"28",4,100,6.15073937631092,2.28097697117207,0
"29",5,2,0.108952041361079,0.0201971382157078,1
"30",5,5,0.399811394621049,0.0781552799066361,1
"31",5,10,0.81308060986795,0.231846806576964,1
"32",5,20,1.6358547111237,0.433795004662018,1
"33",5,30,2.058476303412,0.814762619419211,1
"34",5,50,2.48593645179859,1.36079726568685,1
"35",5,100,5.62993387165791,2.27212499032271,1
"36",6,2,0.104764646949596,0.0181454241796856,2
"37",6,5,0.40182781973033,0.094847761901561,2
"38",6,10,0.736616038230986,0.185105615441304,2
"39",6,20,1.50045369713766,0.368331157367987,2
"40",6,30,1.84945067900306,0.724242727851865,2
"41",6,50,2.26972829931986,1.18447020986994,2
"42",6,100,5.19175325032487,2.11744487072599,2
"43",7,2,0.101994670048607,0.0264465936274411,3
"44",7,5,0.383722899264887,0.0958541130714181,3
"45",7,10,0.703004419960517,0.17128572160006,3
"46",7,20,1.42528692724715,0.329112884394014,3
"47",7,30,1.70506181162221,0.6589766150276,3
"48",7,50,2.08854963727191,1.04416148223792,3
"49",7,100,4.77695693771481,1.90803565449434,3
"50",8,2,0.101179792917525,0.0209313814094022,4
"51",8,5,0.377222775884766,0.101327255329744,4
"52",8,10,0.663132481219311,0.126518178429974,4
"53",8,20,1.34783124164765,0.304486556860317,4
"54",8,30,1.59514878763914,0.595069027345527,4
"55",8,50,1.95752341699591,0.9378926365345,4
"56",8,100,4.43312880820564,1.84804849795657,4
"57",9,2,0.103672668606959,0.0169695085315763,5
"58",9,5,0.380349506441901,0.100361897447354,5
"59",9,10,0.643901095565404,0.10304629163722,5
"60",9,20,1.29028682271875,0.294661267309355,5
"61",9,30,1.49573784604744,0.555167960619442,5
"62",9,50,1.82424561689043,0.845069002017381,5
"63",9,100,4.18180154484201,1.74478355955279,5
"64",10,2,0.0942053339812271,0.0187950040982338,6
"65",10,5,0.373742319740453,0.0936496253012461,6
"66",10,10,0.614215359962076,0.117047423660138,6
"67",10,20,1.23755751131614,0.280561026639011,6
"68",10,30,1.41548786579982,0.546171304633008,6
"69",10,50,1.7127542850602,0.75789930644436,6
"70",10,100,3.89681974128196,1.62865704922337,6
"71",11,2,0.102878636503086,0.0154870791318843,7
"72",11,5,0.374658851663781,0.0916650859355397,7
"73",11,10,0.578435222695753,0.0705483857704915,7
"74",11,20,1.18999292977706,0.258344970052435,7
"75",11,30,1.34447314751181,0.500833007456757,7
"76",11,50,1.64161886499159,0.697817341595431,7
"77",11,100,3.63980367932702,1.51778584961904,7
"78",12,2,0.109098265586222,0.0128633399843353,8
"79",12,5,0.373468265117863,0.0934455419469419,8
"80",12,10,0.568442859846632,0.0720358325391738,8
"81",12,20,1.11994287018589,0.230222970589953,8
"82",12,30,1.29470050902118,0.490303706213976,8
"83",12,50,1.55042614219125,0.650055980285944,8
"84",12,100,3.41339346805526,1.45956549959691,8
"85",13,2,0.102685386813828,0.0153469303668678,9
"86",13,5,0.370793167396299,0.101192596320764,9
"87",13,10,0.54980945987541,0.0490626907477333,9
"88",13,20,1.08980409037374,0.236182775093218,9
"89",13,30,1.22941894780954,0.462340991864964,9
"90",13,50,1.4798326228856,0.619730078488589,9
"91",13,100,3.23875392585376,1.39771204581615,9
"92",14,2,0.086446242817312,0.0326096307647319,10
"93",14,5,0.367435765391583,0.099781263436429,10
"94",14,10,0.539609333249746,0.0660818758377693,10
"95",14,20,1.04336332139086,0.220252578095051,10
"96",14,30,1.17092689093719,0.453468636055933,10
"97",14,50,1.41108106973572,0.561329020715042,10
"98",14,100,3.00996948555869,1.27354614179143,10
"99",15,2,0.104760344853955,0.0107718414203607,11
"100",15,5,0.356687399157199,0.101200310785109,11
"101",15,10,0.530742139419383,0.0632902847337913,11
"102",15,20,0.99773019047557,0.195600663733184,11
"103",15,30,1.12271398054128,0.438412368867303,11
"104",15,50,1.34164916851218,0.521103343921861,11
"105",15,100,2.79350775222488,1.17173303685756,11
"106",16,2,0.0976185996032179,0.016205771181145,12
"107",16,5,0.349148681079286,0.11003092383007,12
"108",16,10,0.49371936662696,0.0543862291834698,12
"109",16,20,0.965862872339035,0.195991309202014,12
"110",16,30,1.07871501457577,0.432759084691873,12
"111",16,50,1.29365774525453,0.493303777235669,12
"112",16,100,2.68702355269029,1.16023815191435,12
"113",17,2,0.091721211869588,0.0347081548635316,13
"114",17,5,0.343688627133343,0.100551224305458,13
"115",17,10,0.480375655878073,0.0618776711985082,13
"116",17,20,0.924971111013016,0.188401869418054,13
"117",17,30,1.04202922996491,0.409048477836753,13
"118",17,50,1.23404427298977,0.453156014814052,13
"119",17,100,2.50946800970697,1.06088361355654,13
"120",18,2,0.0872313858065585,0.0331563325971891,14
"121",18,5,0.346901701146174,0.110421046201324,14
"122",18,10,0.464224927271593,0.0576114275058481,14
"123",18,20,0.892362492526171,0.166110079614144,14
"124",18,30,0.998117308475224,0.410375735112267,14
"125",18,50,1.17019335980583,0.420442913557493,14
"126",18,100,2.38489967882261,1.00067288905618,14
"127",19,2,0.0820507726868039,0.0192035287044494,15
"128",19,5,0.342788553456932,0.103378970913947,15
"129",19,10,0.459087119118343,0.043280307548123,15
"130",19,20,0.848572154648496,0.168270227500987,15
"131",19,30,0.969358719902462,0.381742541419759,15
"132",19,50,1.14134795775546,0.399009684192874,15
"133",19,100,2.26188306367981,0.959914047669293,15
"134",20,2,0.0765924751451743,0.0356017928313014,16
"135",20,5,0.337738834101544,0.0987134704851351,16
"136",20,10,0.447215956315107,0.0412958260901,16
"137",20,20,0.814013748075901,0.144929616261189,16
"138",20,30,0.940913192156333,0.363146802530181,16
"139",20,50,1.09135153295202,0.36820306799779,16
"140",20,100,2.16223947815315,0.919658768307969,16
"141",21,2,0.0858273157248457,0.0364610742856919,17
"142",21,5,0.342300848526897,0.103370036825806,17
"143",21,10,0.429317134888979,0.0299586306234497,17
"144",21,20,0.796078123793915,0.148265445774272,17
"145",21,30,0.909023420616024,0.3461222043907,17
"146",21,50,1.04217423619938,0.358629717569243,17
"147",21,100,2.05108524960486,0.860756361154904,17
"148",22,2,0.0954650901763999,0.0323601280262314,18
"149",22,5,0.332925580179718,0.109111813476471,18
"150",22,10,0.422302844613585,0.0300486881840735,18
"151",22,20,0.762858927575714,0.14862593564299,18
"152",22,30,0.87277799927379,0.330928139157922,18
"153",22,50,1.01304380457895,0.336397853646992,18
"154",22,100,1.95439938358049,0.799068256735104,18
"155",23,2,0.0938958882795662,0.0355866768897446,19
"156",23,5,0.334349453291243,0.102750223655253,19
"157",23,10,0.407260480439778,0.0172720330018076,19
"158",23,20,0.73716682524985,0.129705624176744,19
"159",23,30,0.846305913397588,0.344355893220928,19
"160",23,50,0.990274805535511,0.314971885260323,19
"161",23,100,1.89034969976485,0.799505111786397,19
"162",24,2,0.0957314843223707,0.0236783934690659,20
"163",24,5,0.336395720616597,0.0999972701739547,20
"164",24,10,0.405611755953817,0.0202563429973246,20
"165",24,20,0.715026111742191,0.118385379729166,20
"166",24,30,0.814165305567509,0.332023892689056,20
"167",24,50,0.937694501839238,0.286847491064405,20
"168",24,100,1.77880537626703,0.707184400331911,20
"169",25,2,0.0917204103247144,0.0370948009997074,21
"170",25,5,0.329651986199148,0.107257233292567,21
"171",25,10,0.382879177212681,0.0144405349631579,21
"172",25,20,0.697452436937174,0.131071919753143,21
"173",25,30,0.786498558079537,0.325105790856225,21
"174",25,50,0.912314997109866,0.262477207935518,21
"175",25,100,1.72957693653494,0.678960704592975,21
"176",26,2,0.0735026679899358,0.0451460663420682,22
"177",26,5,0.333760403372152,0.110189123026233,22
"178",26,10,0.379233242281633,0.0222026002140194,22
"179",26,20,0.68296373344383,0.115618158431311,22
"180",26,30,0.763120106071164,0.331400790091358,22
"181",26,50,0.876319015636217,0.265671322266773,22
"182",26,100,1.61694224527355,0.623155511361355,22
"183",27,2,0.0885109983932155,0.0305854231353666,23
"184",27,5,0.322889223934393,0.115283517662861,23
"185",27,10,0.364475726324513,0.0270932626055859,23
"186",27,20,0.647495852254616,0.115633592019107,23
"187",27,30,0.749768755142065,0.293777700198995,23
"188",27,50,0.855323063455952,0.252763632796126,23
"189",27,100,1.58711732093469,0.65162112061962,23
"190",28,2,0.0819131668739889,0.0333666706140529,24
"191",28,5,0.328177780633504,0.111487078965571,24
"192",28,10,0.36538230417687,0.0163579391494125,24
"193",28,20,0.627980987418277,0.111863948897443,24
"194",28,30,0.715987293010619,0.304522244639716,24
"195",28,50,0.843412055226888,0.235776406599131,24
"196",28,100,1.5224129237993,0.657410586113975,24
"197",29,2,0.0862717952671218,0.0468183121384136,25
"198",29,5,0.319272634482306,0.104166910741234,25
"199",29,10,0.367173373623919,0.0367848000925248,25
"200",29,20,0.617421590730942,0.0982822055259076,25
"201",29,30,0.706254717855765,0.311983621330942,25
"202",29,50,0.805228754550196,0.218329485657089,25
"203",29,100,1.46661146463656,0.636035907595981,25
"204",30,2,0.0736248638909332,0.0472406406517303,26
"205",30,5,0.3223200037427,0.115025337838665,26
"206",30,10,0.339114411447582,0.0297141168383767,26
"207",30,20,0.61135379732137,0.098188133597515,26
"208",30,30,0.672853733976319,0.299680570412592,26
"209",30,50,0.783911758323987,0.216055166538264,26
"210",30,100,1.42008438590493,0.617133084005678,26
"211",31,2,0.0861915756873494,0.0360574974563363,27
"212",31,5,0.309617839372881,0.111790072518415,27
"213",31,10,0.323308529900493,0.0248997012973868,27
"214",31,20,0.579971308084644,0.0793294403506926,27
"215",31,30,0.669557867329142,0.286361016426237,27
"216",31,50,0.765816017734738,0.202602610960769,27
"217",31,100,1.36323194549081,0.582528454507594,27
"218",32,2,0.0810861057201664,0.0377093387647511,28
"219",32,5,0.319137063980235,0.108369347325226,28
"220",32,10,0.347381264657851,0.0177756476809454,28
"221",32,20,0.570345429453804,0.0800445837558958,28
"222",32,30,0.644912444543815,0.295576471487833,28
"223",32,50,0.742220957235139,0.194111652664928,28
"224",32,100,1.31008558987068,0.557849413095592,28
"225",33,2,0.0861557106365259,0.0209255955876121,29
"226",33,5,0.305178307170133,0.103692197302552,29
"227",33,10,0.310738095525957,0.0234889689103325,29
"228",33,20,0.556553688830565,0.0929247183048254,29
"229",33,30,0.625980728867774,0.289597996742495,29
"230",33,50,0.715610117432354,0.187733165963565,29
"231",33,100,1.2825492103065,0.575927773387511,29
"232",34,2,0.0764513136122361,0.0526181406199067,30
"233",34,5,0.312739100553081,0.11042695259351,30
"234",34,10,0.323518676043811,0.0228875934704939,30
"235",34,20,0.54162970585795,0.0916123917772387,30
"236",34,30,0.618095990392404,0.292713720937208,30
"237",34,50,0.703085350019641,0.17594083553223,30
"238",34,100,1.23896712304479,0.559211367165417,30
"239",35,2,0.0735560588191475,0.051364113442758,31
"240",35,5,0.305707528059658,0.115902945589594,31
"241",35,10,0.305179240619256,0.0132005350649624,31
"242",35,20,0.530008239039878,0.0823769297400025,31
"243",35,30,0.589910265198046,0.277771799802444,31
"244",35,50,0.694680193830899,0.158588105533432,31
"245",35,100,1.1835890359039,0.541065606309963,31
"246",36,2,0.0699172615761936,0.0375901147245921,32
"247",36,5,0.304459758843503,0.119905609728568,32
"248",36,10,0.305652731496215,0.0331926960866388,32
"249",36,20,0.523548851806465,0.0831530286296289,32
"250",36,30,0.581487054604644,0.262663870040034,32
"251",36,50,0.663618767613159,0.156095279350443,32
"252",36,100,1.14704196883702,0.539082445865001,32
"253",37,2,0.0795379685995548,0.0348586426722961,33
"254",37,5,0.318703650875178,0.115660970629362,33
"255",37,10,0.299205604045735,0.0321781157813921,33
"256",37,20,0.501284287171312,0.0680534404244181,33
"257",37,30,0.563782356600757,0.260724723184945,33
"258",37,50,0.657100341911198,0.148275070853957,33
"259",37,100,1.09990726362029,0.510123276466515,33
"260",38,2,0.0808527365937569,0.0493270799446085,34
"261",38,5,0.316094404824046,0.117484377556858,34
"262",38,10,0.284945263986604,0.0318753625852804,34
"263",38,20,0.485923200607141,0.0511917222404085,34
"264",38,30,0.545702010261893,0.252916153982096,34
"265",38,50,0.633907550450205,0.12638812836421,34
"266",38,100,1.05364637091864,0.455660799316166,34
"267",39,2,0.0736942801727696,0.0482220222897885,35
"268",39,5,0.313638441882712,0.119378759625521,35
"269",39,10,0.286484866770087,0.0251220083292667,35
"270",39,20,0.480751883684182,0.0519327881074435,35
"271",39,30,0.547955762513707,0.246051050537745,35
"272",39,50,0.623982720862708,0.137270565930425,35
"273",39,100,1.06943632390713,0.509498555315634,35
"274",40,2,0.0742556048985152,0.033220115695743,36
"275",40,5,0.304926291779356,0.131851880033232,36
"276",40,10,0.289162863499953,0.0190585908205851,36
"277",40,20,0.485524557875396,0.0511370542871012,36
"278",40,30,0.5266136163212,0.2381152348799,36
"279",40,50,0.608064186578078,0.119551220209985,36
"280",40,100,1.0098325988442,0.477391762383312,36
"281",41,2,0.0622607133198791,0.0490776524778473,37
"282",41,5,0.307584826354112,0.127962664060913,37
"283",41,10,0.287375756756351,0.0115786854475146,37
"284",41,20,0.467060144128019,0.0470705520615137,37
"285",41,30,0.519086862698163,0.243702726874246,37
"286",41,50,0.594823965696897,0.11377419713978,37
"287",41,100,1.0095671161378,0.508401206965327,37
"288",42,2,0.0631324109823908,0.0712767225993219,38
"289",42,5,0.305802587711916,0.130015065721392,38
"290",42,10,0.281294628813556,0.035972767516966,38
"291",42,20,0.461479616569487,0.0643319324695012,38
"292",42,30,0.515892040807253,0.238453875903188,38
"293",42,50,0.575976201121871,0.11092832031402,38
"294",42,100,0.963109432652073,0.434970768371866,38
"295",43,2,0.0735479999918537,0.0468833965591409,39
"296",43,5,0.300674837866944,0.122888686908916,39
"297",43,10,0.269460933621554,0.0121588387611108,39
"298",43,20,0.434532586984558,0.0454425501850573,39
"299",43,30,0.506218175777967,0.211084549132904,39
"300",43,50,0.572193058369162,0.104295878740676,39
"301",43,100,0.957619945353433,0.477584491318092,39
"302",44,2,0.0731090301435397,0.0326726711630734,40
"303",44,5,0.304119577376645,0.132297482037423,40
"304",44,10,0.277644883021434,0.0144969209148532,40
"305",44,20,0.429372166136934,0.0605352400650216,40
"306",44,30,0.497183736750244,0.226593769747195,40
"307",44,50,0.554915169188125,0.106060049451272,40
"308",44,100,0.918525880649965,0.44278294443316,40
"309",45,2,0.067053377759634,0.0398289747791683,41
"310",45,5,0.304009563073847,0.130025063096428,41
"311",45,10,0.261073292777516,0.0266706361534263,41
"312",45,20,0.405434122738818,0.048406603618268,41
"313",45,30,0.485869731970934,0.216793194937959,41
"314",45,50,0.541746242490161,0.0893402261760966,41
"315",45,100,0.890081405829961,0.42708926411137,41
"316",46,2,0.065686326386487,0.0339855719851637,42
"317",46,5,0.29788931928249,0.13288104114451,42
"318",46,10,0.251634460484634,0.0314250591105261,42
"319",46,20,0.411909419027575,0.0548660507820283,42
"320",46,30,0.470658847869113,0.215273162408189,42
"321",46,50,0.535614682004176,0.0855986482088045,42
"322",46,100,0.884075906465872,0.425249192718619,42
"323",47,2,0.0692579829770265,0.0441007029532493,43
"324",47,5,0.294292206622785,0.12383444647223,43
"325",47,10,0.263388178906263,0.0114347131162834,43
"326",47,20,0.39805101372827,0.0404263437970407,43
"327",47,30,0.46280319196882,0.195129430678642,43
"328",47,50,0.525317912386927,0.0929008501450527,43
"329",47,100,0.855011256899619,0.41416582078182,43
"330",48,2,0.0652965010418343,0.0353604771572197,44
"331",48,5,0.288875648633157,0.122648857077512,44
"332",48,10,0.24846077146007,0.00640019910777295,44
"333",48,20,0.39322174481005,0.0396987624947804,44
"334",48,30,0.465551633849039,0.213645532990658,44
"335",48,50,0.514018868334624,0.0762546755092118,44
"336",48,100,0.800487210108169,0.388643525422525,44
"337",49,2,0.0608624949690258,0.0485382668406541,45
"338",49,5,0.288195436197425,0.126100174135584,45
"339",49,10,0.237927905908515,0.023552461447852,45
"340",49,20,0.378764284457861,0.0509741716581729,45
"341",49,30,0.451187079248649,0.212846382383425,45
"342",49,50,0.506660747168961,0.0759491982070525,45
"343",49,100,0.812353925611534,0.395275061799103,45
"344",50,2,0.0610178297016385,0.0437871008451375,46
"345",50,5,0.292181521880942,0.13205128121077,46
"346",50,10,0.251181026830008,0.00416281185265968,46
"347",50,20,0.37668884940487,0.0493038902919193,46
"348",50,30,0.454431781910965,0.192222756018684,46
"349",50,50,0.494787443960149,0.0777311545320891,46
"350",50,100,0.767970554734556,0.351655093597835,46
"351",51,2,0.0572581251242188,0.0476439429701653,47
"352",51,5,0.288821159069291,0.146405847719681,47
"353",51,10,0.237705104543019,0.0198187230093009,47
"354",51,20,0.36369268765813,0.0378729921018638,47
"355",51,30,0.445854370641607,0.186399180282081,47
"356",51,50,0.485563636103152,0.0644610322888559,47
"357",51,100,0.750514157583988,0.356193945906185,47
"358",52,2,0.0696361991481134,0.029416814545802,48
"359",52,5,0.294146691744981,0.161870501890141,48
"360",52,10,0.234724859113645,0.0276228838667846,48
"361",52,20,0.365330682257407,0.0379031454460712,48
"362",52,30,0.432745801140763,0.188170328558897,48
"363",52,50,0.486957208351485,0.0703627107683355,48
"364",52,100,0.75016808872185,0.368492916198461,48
"365",53,2,0.0563834458480315,0.0374061841825185,49
"366",53,5,0.304588896081364,0.156881862149968,49
"367",53,10,0.233963456516405,0.0427076341633373,49
"368",53,20,0.361645005646896,0.0369519814494759,49
"369",53,30,0.423147314499317,0.187768384780842,49
"370",53,50,0.477687397458763,0.0630778620324782,49
"371",53,100,0.712775518427565,0.335686480422726,49
"372",54,2,0.0574695883246853,0.0462653377588418,50
"373",54,5,0.296745650079528,0.154123374257322,50
"374",54,10,0.225808169096515,0.0107677375460116,50
"375",54,20,0.337256071086633,0.0273889538341691,50
"376",54,30,0.410326563766263,0.186465111871643,50
"377",54,50,0.465357262827753,0.0671563565687786,50
"378",54,100,0.70731538654039,0.358334849914385,50
"379",55,2,0.0596703001868095,0.0284823228917152,51
"380",55,5,0.295412071696817,0.154556829702912,51
"381",55,10,0.228747512012654,0.0392361737167238,51
"382",55,20,0.339675763665368,0.0316543703303379,51
"383",55,30,0.419564288068922,0.180767645873682,51
"384",55,50,0.455966412764587,0.037996678199087,51
"385",55,100,0.689827478248607,0.332801417948198,51
"386",56,2,0.0546502466849718,0.0424823461768973,52
"387",56,5,0.290365714760398,0.163789861447319,52
"388",56,10,0.223078538829637,0.0207730838687827,52
"389",56,20,0.329662508310368,0.039280010369872,52
"390",56,30,0.405329259730793,0.178956783412495,52
"391",56,50,0.443841072617655,0.0567324329327479,52
"392",56,100,0.687279118599926,0.354318635986606,52
"393",57,2,0.0616502544668109,0.0412684685716943,53
"394",57,5,0.293675597153483,0.162732331536496,53
"395",57,10,0.213830176265969,0.0269182648511836,53
"396",57,20,0.327533222903067,0.0289756485035115,53
"397",57,30,0.403201149488125,0.178224858109561,53
"398",57,50,0.455334950737103,0.058709391752345,53
"399",57,100,0.6547937317009,0.316959558000563,53
"400",58,2,0.057278602730729,0.0455247886068337,54
"401",58,5,0.288701726423901,0.159539778072468,54
"402",58,10,0.219140381366962,0.0386337225811274,54
"403",58,20,0.308954006154839,0.0377106900802042,54
"404",58,30,0.400772297263369,0.169396936133271,54
"405",58,50,0.444347510459445,0.0567903833786626,54
"406",58,100,0.626944030736899,0.302793070931239,54
"407",59,2,0.0487422134010634,0.045564501338553,55
"408",59,5,0.280729473921385,0.169645011592012,55
"409",59,10,0.211501390420301,0.00945907920213462,55
"410",59,20,0.312621278753145,0.0259430036741907,55
"411",59,30,0.385690856852233,0.172696820960043,55
"412",59,50,0.437495000813781,0.0386309117816002,55
"413",59,100,0.651020269423294,0.326297923787701,55
"414",60,2,0.0469273332655835,0.0432419771087149,56
"415",60,5,0.285799742991477,0.17282520361452,56
"416",60,10,0.21143348829499,0.0411180121823248,56
"417",60,20,0.313436289096039,0.0332568811953202,56
"418",60,30,0.382562151670794,0.172378906049248,56
"419",60,50,0.439225603326879,0.0597092284465899,56
"420",60,100,0.626727926761409,0.311616021582565,56
"421",61,2,0.0469365946887106,0.03203961139096,57
"422",61,5,0.276516991899537,0.156409870197989,57
"423",61,10,0.213003619544374,0.0334959393230905,57
"424",61,20,0.299438436772396,0.0223508079579649,57
"425",61,30,0.371872283264499,0.177000367021849,57
"426",61,50,0.43132526460162,0.0557211812037895,57
"427",61,100,0.618494470878834,0.323681431001969,57
"428",62,2,0.0489311279214659,0.0335732141969028,58
"429",62,5,0.290472368791312,0.162865059681047,58
"430",62,10,0.210498189787455,0.0228864666168506,58
"431",62,20,0.296994116546832,0.0405451985177634,58
"432",62,30,0.36645307045443,0.168901503682844,58
"433",62,50,0.420327280217253,0.0294113628152788,58
"434",62,100,0.613859882367238,0.312093015133992,58
"435",63,2,0.0521051005651712,0.019257014720199,59
"436",63,5,0.28371625504067,0.167080154835254,59
"437",63,10,0.212152553794838,0.0298575951392669,59
"438",63,20,0.286324798950672,0.0326028307385249,59
"439",63,30,0.369573162913809,0.162463502220685,59
"440",63,50,0.417753408685207,0.0307659945865425,59
"441",63,100,0.603128061931162,0.282294702171144,59
"442",64,2,0.0465566678470871,0.0400681404742675,60
"443",64,5,0.281551577514922,0.175774608205385,60
"444",64,10,0.202781334506589,0.0351900973073083,60
"445",64,20,0.289328133486681,0.0372166582114511,60
"446",64,30,0.361744783725839,0.165053796154733,60
"447",64,50,0.420409714271311,0.0371477729887734,60
"448",64,100,0.595564507275769,0.283365513101969,60
"449",65,2,0.0416539086603563,0.0335384728909318,61
"450",65,5,0.276354359274063,0.170129784088215,61
"451",65,10,0.191439657826812,0.0499929780609929,61
"452",65,20,0.284963596258775,0.0239463107969394,61
"453",65,30,0.360720678040735,0.162359245316098,61
"454",65,50,0.408433975533319,0.041155508630567,61
"455",65,100,0.585886529584185,0.305578191419727,61
"456",66,2,0.0278395983792968,0.0554997461492562,62
"457",66,5,0.284042806569063,0.172987354037211,62
"458",66,10,0.193179262459946,0.0371802365986721,62
"459",66,20,0.26925443004738,0.0196260555520781,62
"460",66,30,0.346414650433594,0.147256767588059,62
"461",66,50,0.413480766247966,0.046129513179899,62
"462",66,100,0.536168630035021,0.229277815206098,62
"463",67,2,0.0501470128356372,0.0434990634788141,63
"464",67,5,0.278459077655718,0.188323833286302,63
"465",67,10,0.183357117779868,0.0387872740777856,63
"466",67,20,0.27760468854329,0.0289908465890963,63
"467",67,30,0.335888021944958,0.156619594739775,63
"468",67,50,0.404072406064283,0.0331572911321383,63
"469",67,100,0.564660176941213,0.275328298498003,63
"470",68,2,0.0398095423174671,0.0391852941152067,64
"471",68,5,0.274786032388703,0.18522823868905,64
"472",68,10,0.202303643396732,0.0143980899212818,64
"473",68,20,0.271128873913732,0.0229178298517382,64
"474",68,30,0.342713118882088,0.151843849812153,64
"475",68,50,0.409485696881486,0.0385744998080482,64
"476",68,100,0.555720806915262,0.256492963878116,64
"477",69,2,0.0351748180707933,0.0445519496778744,65
"478",69,5,0.275690733496595,0.181992577025588,65
"479",69,10,0.175106273235751,0.0626345672564455,65
"480",69,20,0.272617222563896,0.039026316310398,65
"481",69,30,0.337745491685915,0.14698213527723,65
"482",69,50,0.411201995701739,0.0321107173139316,65
"483",69,100,0.537599222591122,0.224963892385089,65
"484",70,2,0.0368115386027611,0.0358420035493059,66
"485",70,5,0.277288426164531,0.182497563292728,66
"486",70,10,0.188305932745739,0.0393084533408619,66
"487",70,20,0.264346582734548,0.0233395987331215,66
"488",70,30,0.321269393108679,0.156420364651754,66
"489",70,50,0.396226523754194,0.0334293760283683,66
"490",70,100,0.542252759542873,0.25145127323824,66
"491",71,2,0.0531940966224013,0.0338544257309832,67
"492",71,5,0.274311892151795,0.173352725711648,67
"493",71,10,0.187867525282181,0.0372585715537262,67
"494",71,20,0.24343625929294,0.0360164175168179,67
"495",71,30,0.328177396823853,0.141203713055786,67
"496",71,50,0.397851206574041,0.0370503271525209,67
"497",71,100,0.521131758755916,0.21477746704613,67
"498",72,2,0.0323570417454921,0.0414591008781658,68
"499",72,5,0.273806017576329,0.178881117708434,68
"500",72,10,0.18928137725952,0.0295445254705538,68
"501",72,20,0.264865067982125,0.023067297649249,68
"502",72,30,0.324125897832074,0.154976494653207,68
"503",72,50,0.398269269188207,0.0393739762643046,68
"504",72,100,0.556685173093893,0.266117823550955,68
"505",73,2,0.028230244678038,0.0402076430345686,69
"506",73,5,0.264337897410905,0.192378659830522,69
"507",73,10,0.177734058135354,0.0304679623293149,69
"508",73,20,0.249591295429125,0.0286216310672933,69
"509",73,30,0.307046121643551,0.148969571525937,69
"510",73,50,0.389823617139815,0.0307600025130478,69
"511",73,100,0.522728324854078,0.23404444386409,69
"512",74,2,0.0387092563556967,0.0301197320373717,70
"513",74,5,0.276128532813322,0.196468274314268,70
"514",74,10,0.193398543937663,0.031295293378225,70
"515",74,20,0.258272320450621,0.0338399469486977,70
"516",74,30,0.316223565132167,0.136005380901858,70
"517",74,50,0.390789806898052,0.0315750535538348,70
"518",74,100,0.514866678249508,0.209324509292534,70
"519",75,2,0.0423259311676659,0.0341959315887823,71
"520",75,5,0.279330168812795,0.184876823206562,71
"521",75,10,0.156388323839625,0.0390095253479472,71
"522",75,20,0.247956552627408,0.0356523005453018,71
"523",75,30,0.311838070933833,0.126890633856602,71
"524",75,50,0.382853885156791,0.0422767602430519,71
"525",75,100,0.536597671298961,0.262499174723448,71
"526",76,2,0.0303282672333422,0.0363841690971051,72
"527",76,5,0.283372639608738,0.19498515781879,72
"528",76,10,0.174570784041247,0.0281949950098299,72
"529",76,20,0.248610490146399,0.0128347231618598,72
"530",76,30,0.305997188238733,0.131032795231945,72
"531",76,50,0.375913232077438,0.0276708383480867,72
"532",76,100,0.536455979089928,0.257708134122905,72
"533",77,2,0.0307855273013147,0.0432976446147025,73
"534",77,5,0.2718462590845,0.20769392805344,73
"535",77,10,0.167235783692808,0.0393634710756391,73
"536",77,20,0.251470591180278,0.0282890083363576,73
"537",77,30,0.297046771958765,0.13323775819304,73
"538",77,50,0.378658549020644,0.0373343576283205,73
"539",77,100,0.532641922594846,0.275047200006041,73
"540",78,2,0.0383735276388275,0.03649760135305,74
"541",78,5,0.28709575879877,0.177919208055321,74
"542",78,10,0.170219171009954,0.0501220672712004,74
"543",78,20,0.224267764250752,0.0212840998913175,74
"544",78,30,0.300437108904825,0.127673676334043,74
"545",78,50,0.376478679761936,0.0415954137534197,74
"546",78,100,0.507051689654603,0.211787310233018,74
"547",79,2,0.0398145254996099,0.0377410329245885,75
"548",79,5,0.283439449019464,0.187090874845922,75
"549",79,10,0.162647502714967,0.0284897693626924,75
"550",79,20,0.230899319885405,0.024632273112752,75
"551",79,30,0.292427610677218,0.127191282187276,75
"552",79,50,0.370368969397604,0.0320202901858358,75
"553",79,100,0.498380676819788,0.212256822754165,75
"554",80,2,0.0262359072686426,0.042247110197957,76
"555",80,5,0.279012015836564,0.187915713052746,76
"556",80,10,0.16454695219895,0.0396350717333512,76
"557",80,20,0.229842348795471,0.0226337578276303,76
"558",80,30,0.287334531620227,0.145538979517322,76
"559",80,50,0.366241642024075,0.0267401118822442,76
"560",80,100,0.510674511337942,0.205442854140341,76
"561",81,2,0.0285363226078404,0.0392957121728162,77
"562",81,5,0.285651081855284,0.191540241590733,77
"563",81,10,0.158609655268914,0.0479273753445766,77
"564",81,20,0.21701224639076,0.0174686719264673,77
"565",81,30,0.290661732814955,0.129076560545559,77
"566",81,50,0.367022216553719,0.0312094113223257,77
"567",81,100,0.492317760251588,0.202672613568115,77
"568",82,2,0.0351873325963114,0.0367805152518174,78
"569",82,5,0.286344387652618,0.184162062285168,78
"570",82,10,0.155418877304789,0.0226718146254433,78
"571",82,20,0.222213231475375,0.0219752001776462,78
"572",82,30,0.286663048915078,0.116261591062812,78
"573",82,50,0.362121095548095,0.0168751484514578,78
"574",82,100,0.510377382937681,0.245047819232213,78
"575",83,2,0.032002294013149,0.0296886894493343,79
"576",83,5,0.284621200366844,0.188185094586915,79
"577",83,10,0.154026026792714,0.042241634500888,79
"578",83,20,0.213213325526856,0.0222758064042299,79
"579",83,30,0.275124639550975,0.117102824075319,79
"580",83,50,0.369222748142291,0.0279223313320957,79
"581",83,100,0.486810604240264,0.190048578902284,79
"582",84,2,0.0262060593147532,0.0470603467402458,80
"583",84,5,0.283575966667798,0.193235701848366,80
"584",84,10,0.168591050728338,0.0339744996724217,80
"585",84,20,0.224045416483519,0.0238803774436615,80
"586",84,30,0.26867686591638,0.133696056871213,80
"587",84,50,0.364576861290099,0.0262893597511198,80
"588",84,100,0.501133296751147,0.219005768634527,80
"589",85,2,0.0311660264198731,0.0406890308080237,81
"590",85,5,0.283429595418886,0.190308474929884,81
"591",85,10,0.149207484758335,0.0453677086698257,81
"592",85,20,0.213178181977262,0.0340026693628853,81
"593",85,30,0.277376250311129,0.121596999323817,81
"594",85,50,0.356518206314426,0.0445933241575444,81
"595",85,100,0.496984204464271,0.204837639616921,81
"596",86,2,0.0150597867334023,0.0614683754450916,82
"597",86,5,0.282075824088042,0.202529933234828,82
"598",86,10,0.172782474668941,0.0303367518720467,82
"599",86,20,0.214162133584087,0.0349170496456522,82
"600",86,30,0.26694447199512,0.11845010761566,82
"601",86,50,0.349243792801331,0.0245743304758901,82
"602",86,100,0.514041299287301,0.232352851081761,82
"603",87,2,0.0362761557837355,0.0209046420778406,83
"604",87,5,0.29453284886433,0.195125954508717,83
"605",87,10,0.147286953620589,0.0401248936416378,83
"606",87,20,0.206502990606343,0.0298686560503976,83
"607",87,30,0.267024153305938,0.11559870360693,83
"608",87,50,0.353323679144489,0.0408099666939217,83
"609",87,100,0.506619055512328,0.223071245916543,83
"610",88,2,0.0123916233871521,0.0662031521508405,84
"611",88,5,0.288240551914429,0.186336532822542,84
"612",88,10,0.157949545977469,0.0435672296325766,84
"613",88,20,0.211752620625722,0.0257927296963791,84
"614",88,30,0.263081675895197,0.118927041194164,84
"615",88,50,0.352959981707014,0.0279821753325644,84
"616",88,100,0.535597034393797,0.246747745122905,84
"617",89,2,0.0235866899594364,0.0474702588766333,85
"618",89,5,0.288845384603677,0.200917386269429,85
"619",89,10,0.147239582975309,0.0410382604628419,85
"620",89,20,0.199445850921791,0.0246839894670329,85
"621",89,30,0.266303138671734,0.119674934483946,85
"622",89,50,0.348322628590374,0.0441741625239127,85
"623",89,100,0.513389974789873,0.234787388897518,85
"624",90,2,0.0262442959269825,0.0502744570531009,86
"625",90,5,0.291148272805242,0.196863492089653,86
"626",90,10,0.147399072054548,0.0384761656731477,86
"627",90,20,0.196773915697985,0.0279734851735881,86
"628",90,30,0.260125574923392,0.120487470113198,86
"629",90,50,0.338033357688431,0.0258359381549377,86
"630",90,100,0.496493234727438,0.215533855250864,86
"631",91,2,0.0240219318895526,0.0326007219380943,87
"632",91,5,0.291489586353323,0.184275197133471,87
"633",91,10,0.142845873484229,0.047182203586484,87
"634",91,20,0.194651432420769,0.0258969612445044,87
"635",91,30,0.259885789780184,0.127022426740514,87
"636",91,50,0.34074270684134,0.0202518237068814,87
"637",91,100,0.497662202448293,0.234718656981041,87
"638",92,2,0.0164909875116765,0.0578824481961242,88
"639",92,5,0.293593886263108,0.190412694713179,88
"640",92,10,0.150359007775168,0.0431870358095464,88
"641",92,20,0.191467412303744,0.0360926745248952,88
"642",92,30,0.25747879599841,0.124485061668307,88
"643",92,50,0.337342355051796,0.0244374285852191,88
"644",92,100,0.474408596289964,0.217840892235523,88
"645",93,2,0.0112565128209817,0.0568619897821809,89
"646",93,5,0.291386740020654,0.200517996413311,89
"647",93,10,0.150797418509937,0.0474829235498339,89
"648",93,20,0.195936245131025,0.0288410884214385,89
"649",93,30,0.256240608966493,0.118258689789637,89
"650",93,50,0.326002875385408,0.0215959868951073,89
"651",93,100,0.476721342759595,0.222012975881467,89
"652",94,2,0.0162535127847169,0.064239492557141,90
"653",94,5,0.309878248082844,0.183962619750501,90
"654",94,10,0.142907047026493,0.0579232059585531,90
"655",94,20,0.188480670876033,0.0203142639347105,90
"656",94,30,0.246027219234726,0.118149272375926,90
"657",94,50,0.334615330364235,0.0310307579045365,90
"658",94,100,0.475597591174041,0.240206021484638,90
"659",95,2,0.0268502120680329,0.0525249630730251,91
"660",95,5,0.295891101024689,0.188176837115842,91
"661",95,10,0.149659968100811,0.0455471574219112,91
"662",95,20,0.174804385473005,0.0344149234069688,91
"663",95,30,0.25027225664232,0.116601844761451,91
"664",95,50,0.331563224607175,0.0233089328940744,91
"665",95,100,0.462881726462618,0.222299013529605,91
"666",96,2,0.00914131324150087,0.0550068384168583,92
"667",96,5,0.297822518503818,0.197369364565834,92
"668",96,10,0.14402496851087,0.0542511538204579,92
"669",96,20,0.185347020620348,0.0159178573544684,92
"670",96,30,0.250649652767905,0.10858428186103,92
"671",96,50,0.336309538933007,0.0444940326071661,92
"672",96,100,0.463022071314065,0.248577774275608,92
"673",97,2,0.0182520077910428,0.0540794653175873,93
"674",97,5,0.291803516879342,0.207060530879087,93
"675",97,10,0.136455759128163,0.0580416511214767,93
"676",97,20,0.179667863342176,0.0295024449814395,93
"677",97,30,0.240287730729386,0.112831565434379,93
"678",97,50,0.33083036745043,0.0360932177972798,93
"679",97,100,0.455382484796918,0.245215942410136,93
"680",98,2,0.0116220125976078,0.0595181220910824,94
"681",98,5,0.292365134289819,0.208640224608432,94
"682",98,10,0.142641707905349,0.0726165185858349,94
"683",98,20,0.182064752746316,0.0316633010234705,94
"684",98,30,0.239795872628777,0.0996706014670224,94
"685",98,50,0.321893637496243,0.0465327104472108,94
"686",98,100,0.431020233392361,0.185566790021566,94
"687",99,2,0.00489184923095343,0.0561338983424549,95
"688",99,5,0.294168194091404,0.21315060319613,95
"689",99,10,0.126220461439955,0.0512585235471695,95
"690",99,20,0.175914513387661,0.0215898990870938,95
"691",99,30,0.238323047477515,0.10900897809984,95
"692",99,50,0.318295546385808,0.0344294058326974,95
"693",99,100,0.461955852092176,0.261657717543949,95
"694",100,2,0.0107564379689892,0.0569359095341762,96
"695",100,5,0.286086052875311,0.208585923852565,96
"696",100,10,0.122192668437151,0.0686634340026952,96
"697",100,20,0.174858529182169,0.0304817870348921,96
"698",100,30,0.226447363287843,0.0971041303274593,96
"699",100,50,0.325775430994521,0.0340938783754803,96
"700",100,100,0.418645473365943,0.204288594478124,96
"701",101,2,0.0064353171355923,0.0601363749945372,97
"702",101,5,0.297652882744673,0.202685664301802,97
"703",101,10,0.126211352826327,0.0534961993546429,97
"704",101,20,0.167970435156748,0.0173462133536277,97
"705",101,30,0.232150724839038,0.100486212873362,97
"706",101,50,0.320225071692309,0.0457220078691279,97
"707",101,100,0.447157630782423,0.247035048391752,97
"708",102,2,0.0167946344509573,0.044770762307087,98
"709",102,5,0.293944265380827,0.195151766317651,98
"710",102,10,0.128338760879027,0.072880780148086,98
"711",102,20,0.172893831684499,0.0308724592169,98
"712",102,30,0.236694025716934,0.0996779093421009,98
"713",102,50,0.323982560194656,0.0387703048263453,98
"714",102,100,0.458383088046945,0.287331153983581,98
"715",103,2,0.00144755948613682,0.0677643588089086,99
"716",103,5,0.295958158300407,0.204397529443561,99
"717",103,10,0.117542408219512,0.0513205006742667,99
"718",103,20,0.178743255488042,0.0245642030319675,99
"719",103,30,0.234750046893098,0.105128492537774,99
"720",103,50,0.320264412762071,0.0416791196195663,99
"721",103,100,0.450472482128923,0.273087172049513,99
"722",104,2,0.00856125905474877,0.0586425231431577,100
"723",104,5,0.292046387324789,0.20996679453201,100
"724",104,10,0.119882362242783,0.0570289005242246,100
"725",104,20,0.162892104305894,0.0198726151717217,100
"726",104,30,0.229922552380639,0.101531849217717,100
"727",104,50,0.314502935009289,0.0309512895493596,100
"728",104,100,0.411452718065302,0.228000139994323,100
"729",105,2,0.00184775467628225,0.0832472859698788,101
"730",105,5,0.290668369604245,0.203844912584391,101
"731",105,10,0.127989873975493,0.0469331565693908,101
"732",105,20,0.161923313087218,0.0368998723375627,101
"733",105,30,0.22801302554871,0.106130688676405,101
"734",105,50,0.304066964459467,0.0466259529307128,101
"735",105,100,0.415833442415142,0.255196226105552,101
"736",106,2,0.0102088841194916,0.0696050174140926,102
"737",106,5,0.286046864956052,0.206046212946993,102
"738",106,10,0.126065676775422,0.0545307580726569,102
"739",106,20,0.162003874123083,0.0109521688981733,102
"740",106,30,0.23240139664172,0.0977031519645668,102
"741",106,50,0.311346106788977,0.0421505274307592,102
"742",106,100,0.418477145779441,0.282548927914272,102
"743",107,2,0.0196088764095485,0.0656204981229081,103
"744",107,5,0.295657560819633,0.205358859759981,103
"745",107,10,0.111250394895554,0.0701809529084225,103
"746",107,20,0.159871696203915,0.0212384222516358,103
"747",107,30,0.222901320103975,0.0943722249790264,103
"748",107,50,0.306819990763785,0.0421722687852051,103
"749",107,100,0.403169490418626,0.24881143619888,103
"750",108,2,0.00985283890242685,0.0651603254721556,104
"751",108,5,0.290530806716195,0.19642029674929,104
"752",108,10,0.107358421473669,0.0725232370195502,104
"753",108,20,0.156080520483845,0.0239178369144388,104
"754",108,30,0.215181005008946,0.0936090310230858,104
"755",108,50,0.310503832060468,0.048220258713889,104
"756",108,100,0.386383575986774,0.234770595012999,104
"757",109,2,0.00968320263667242,0.0606685779422417,105
"758",109,5,0.286971394576187,0.204334927296161,105
"759",109,10,0.109173806939063,0.0902913043301451,105
"760",109,20,0.161551459345554,0.0333286269132345,105
"761",109,30,0.217516059805155,0.0900560535132128,105
"762",109,50,0.315293553979613,0.0470722702068185,105
"763",109,100,0.407974425476873,0.267306033966785,105
"764",110,2,0.0059967442368534,0.0722051023364636,106
"765",110,5,0.278835987483149,0.207654623339556,106
"766",110,10,0.107639508838606,0.0824157994887704,106
"767",110,20,0.147142825348668,0.0312735608103248,106
"768",110,30,0.220532745556626,0.103286530223942,106
"769",110,50,0.31184212755634,0.0460187581323757,106
"770",110,100,0.385897137772419,0.238796231951882,106
"771",111,2,0.0134171539983643,0.0675025708745267,107
"772",111,5,0.282474553347161,0.218702632970951,107
"773",111,10,0.116558784341205,0.067459166035769,107
"774",111,20,0.161976950229104,0.0328719760513922,107
"775",111,30,0.218974041569967,0.098319970516794,107
"776",111,50,0.30770227058256,0.0569145623283464,107
"777",111,100,0.397585436555845,0.267487089700368,107
"778",112,2,0.00995393561052423,0.0714946596481382,108
"779",112,5,0.276376515314099,0.229361013567894,108
"780",112,10,0.115258614546084,0.060598016846292,108
"781",112,20,0.156563231319531,0.029919712677006,108
"782",112,30,0.216337176643873,0.0776142262285211,108
"783",112,50,0.302995119862766,0.0462173531940842,108
"784",112,100,0.375895473298675,0.241240064452539,108
"785",113,2,-0.00487913703617926,0.0812923680000787,109
"786",113,5,0.276381542208068,0.222183638514001,109
"787",113,10,0.100952897040613,0.0803658671816608,109
"788",113,20,0.158135910180095,0.0329841093323698,109
"789",113,30,0.219252996110625,0.0863492416165004,109
"790",113,50,0.293549500025163,0.0564579472988228,109
"791",113,100,0.393366429747597,0.271663087980833,109
"792",114,2,0.0158063234888443,0.0650983241342951,110
"793",114,5,0.290127789281004,0.231503155026945,110
"794",114,10,0.100031477554155,0.0735483453034073,110
"795",114,20,0.155121234129951,0.0476343974121175,110
"796",114,30,0.209716235423989,0.0824993524342462,110
"797",114,50,0.297579336867123,0.0368703461311849,110
"798",114,100,0.383078161130688,0.281571054282439,110
"799",115,2,-0.00127449850426838,0.080673627846112,111
"800",115,5,0.280345105940991,0.229638025071968,111
"801",115,10,0.106951915961861,0.0798647015100874,111
"802",115,20,0.148871042947681,0.0299836172555181,111
"803",115,30,0.209242960549391,0.0862737724926523,111
"804",115,50,0.294363150080344,0.0533612914579683,111
"805",115,100,0.387477283805617,0.283065011430234,111
"806",116,2,0.000213518846042912,0.0717178776435549,112
"807",116,5,0.287876351210701,0.233641453777049,112
"808",116,10,0.0940384479628091,0.0646847013182071,112
"809",116,20,0.158044475064887,0.019918064023975,112
"810",116,30,0.215320351320085,0.0830893207723336,112
"811",116,50,0.290758502344497,0.0515063994808056,112
"812",116,100,0.373377572337326,0.250793860393371,112
"813",117,2,0.010606618047512,0.0850356430504172,113
"814",117,5,0.290717051305308,0.23210243866636,113
"815",117,10,0.0973184904391966,0.0620232976383567,113
"816",117,20,0.141606442851402,0.0399310278356623,113
"817",117,30,0.214374955270911,0.0653648504213076,113
"818",117,50,0.30204727342586,0.059185389665331,113
"819",117,100,0.363658386448105,0.250605891636443,113
"820",118,2,-0.00636972658806202,0.086068085225734,114
"821",118,5,0.278766528938542,0.224126058231493,114
"822",118,10,0.101658522173782,0.0777882135629401,114
"823",118,20,0.151864628274892,0.0387110633209828,114
"824",118,30,0.207371628039757,0.0723900941059061,114
"825",118,50,0.304922199670476,0.0646928221281657,114
"826",118,100,0.344737462957858,0.245315339729186,114
