cell,power,stimul,frame,time,mask,int,delta,rel
cell8_02_22_01,50,20,1,-19.0,cell,498.688,0.006011806549784532,498.688
cell8_02_22_01,50,20,1,-19.0,up,484.763,0.021686357970752433,0.9720767293377823
cell8_02_22_01,50,20,1,-19.0,down,492.574,0.0055715606249162825,0.987739829312115
cell8_02_22_01,50,20,2,-18.0,cell,495.67,-7.6456316310545e-05,495.67
cell8_02_22_01,50,20,2,-18.0,up,477.306,0.005969986937097029,0.9629511570197913
cell8_02_22_01,50,20,2,-18.0,down,490.548,0.0014355567314381639,0.9896665119938669
cell8_02_22_01,50,20,3,-17.0,cell,492.722,-0.006023506988692477,492.722
cell8_02_22_01,50,20,3,-17.0,up,469.094,-0.01133762187722215,0.952045981303859
cell8_02_22_01,50,20,3,-17.0,down,487.021,-0.005764683017968152,0.988429580980756
cell8_02_22_01,50,20,4,-16.0,cell,496.518,0.0016342285446730226,496.518
cell8_02_22_01,50,20,4,-16.0,up,476.184,0.0036052600630510716,0.9590468019286311
cell8_02_22_01,50,20,4,-16.0,down,492.023,0.0044467145512211296,0.9909469545917773
cell8_02_22_01,50,20,5,-15.0,cell,495.748,8.08944138270512e-05,495.748
cell8_02_22_01,50,20,5,-15.0,up,468.861,-0.01182869260953297,0.9457647837207613
cell8_02_22_01,50,20,5,-15.0,down,492.09,0.004583492567441676,0.9926212511195204
cell8_02_22_01,50,20,6,-14.0,cell,498.301,0.005231104850255434,498.301
cell8_02_22_01,50,20,6,-14.0,up,479.302,0.010176755957236067,0.9618724425598183
cell8_02_22_01,50,20,6,-14.0,down,492.719,0.005867572749572871,0.9887979353844363
cell8_02_22_01,50,20,7,-13.0,cell,495.501,-0.0004173828982755279,495.501
cell8_02_22_01,50,20,7,-13.0,up,468.58,-0.012420928127899238,0.9456691308392919
cell8_02_22_01,50,20,7,-13.0,down,488.567,-0.002608581330249935,0.9860060827324264
cell8_02_22_01,50,20,8,-12.0,cell,493.671,-0.004109073105351074,493.671
cell8_02_22_01,50,20,8,-12.0,up,473.265,-0.002546823488945815,0.9586647787696664
cell8_02_22_01,50,20,8,-12.0,down,486.995,-0.005817761054113499,0.9864768236335535
cell8_02_22_01,50,20,9,-11.0,cell,497.124,0.0028567226788194654,497.124
cell8_02_22_01,50,20,9,-11.0,up,474.469,-9.273438721697644e-06,0.9544278691030809
cell8_02_22_01,50,20,9,-11.0,down,491.96,0.004318102386715055,0.9896122496600445
cell8_02_22_01,50,20,10,-10.0,cell,493.136,-0.005188337728731028,493.136
cell8_02_22_01,50,20,10,-10.0,up,472.91,-0.003295021385814136,0.9589849453294832
cell8_02_22_01,50,20,10,-10.0,down,483.951,-0.012031974208973941,0.9813743064793485
cell8_02_22_01,50,20,11,-9.0,cell,492.185,-0.007106806246178545,492.185
cell8_02_22_01,50,20,11,-9.0,up,476.98,0.005282909431803867,0.9691071446712111
cell8_02_22_01,50,20,11,-9.0,down,484.244,-0.011433825570874677,0.9838658228105286
cell8_02_22_01,50,20,12,-8.0,cell,498.328,0.00528557241068767,498.328
cell8_02_22_01,50,20,12,-8.0,up,483.376,0.018763117173691946,0.9699956655054502
cell8_02_22_01,50,20,12,-8.0,down,490.588,0.0015172152485848612,0.9844680611966417
cell8_02_22_01,50,20,13,-7.0,cell,498.607,0.0058484038684878245,498.607
cell8_02_22_01,50,20,13,-7.0,up,489.11,0.03084809390789883,0.9809529348765661
cell8_02_22_01,50,20,13,-7.0,down,491.462,0.0033014538482392143,0.9856700768340596
cell8_02_22_01,50,20,14,-6.0,cell,495.107,-0.0012122058171758492,495.107
cell8_02_22_01,50,20,14,-6.0,up,478.212,0.007879472273893583,0.9658760631540252
cell8_02_22_01,50,20,14,-6.0,down,487.76,-0.004256041913683742,0.9851607834266127
cell8_02_22_01,50,20,15,-5.0,cell,497.853,0.0043273468104905255,497.853
cell8_02_22_01,50,20,15,-5.0,up,482.78,0.017506987746836816,0.9697239948338163
cell8_02_22_01,50,20,15,-5.0,down,490.538,0.0014151421021515187,0.985306907862361
cell8_02_22_01,50,20,16,-4.0,cell,494.288,-0.002864388483621183,494.288
cell8_02_22_01,50,20,16,-4.0,up,445.853,-0.06032034672544333,0.9020105687372544
cell8_02_22_01,50,20,16,-4.0,down,495.742,0.012038915182931405,1.0029416048943127
cell8_02_22_01,50,20,17,-3.0,cell,494.22,-0.0030015660432283296,494.22
cell8_02_22_01,50,20,17,-3.0,up,460.996,-0.028404964324659696,0.9327748775848811
cell8_02_22_01,50,20,17,-3.0,down,494.906,0.010332252174566282,1.0013880458095585
cell8_02_22_01,50,20,18,-2.0,cell,495.618,-0.00018135680306901892,495.618
cell8_02_22_01,50,20,18,-2.0,up,446.024,-0.05995994717512082,0.8999350306082508
cell8_02_22_01,50,20,18,-2.0,down,496.393,0.013367907549493128,1.001563704304525
cell8_02_22_01,50,20,19,-1.0,cell,493.707,-0.004036449691441388,493.707
cell8_02_22_01,50,20,19,-1.0,up,446.024,-0.05995994717512082,0.9034184242880899
cell8_02_22_01,50,20,19,-1.0,down,491.551,0.00348314404889052,0.9956330374088275
cell8_02_22_01,50,20,20,0.0,cell,469.032,-0.05381374797537031,469.032
cell8_02_22_01,50,20,20,0.0,up,481.959,0.01577664838534686,1.0275610192907947
cell8_02_22_01,50,20,20,0.0,down,442.459,-0.09673635404519966,0.9433450169711235
cell8_02_22_01,50,20,21,1.0,cell,459.18,-0.07368835558198697,459.18
cell8_02_22_01,50,20,21,1.0,up,512.6,0.08035561108378268,1.1163378195914457
cell8_02_22_01,50,20,21,1.0,down,425.551,-0.13125340924309092,0.9267629252145128
cell8_02_22_01,50,20,22,2.0,cell,456.117,-0.07986739771546919,456.117
cell8_02_22_01,50,20,22,2.0,up,494.629,0.04247993670456563,1.0844344762418414
cell8_02_22_01,50,20,22,2.0,down,425.214,-0.13194138225005148,0.9322476469853129
cell8_02_22_01,50,20,23,3.0,cell,453.956,-0.08422681986710324,453.956
cell8_02_22_01,50,20,23,3.0,up,495.878,0.04511232874171665,1.0923481570901143
cell8_02_22_01,50,20,23,3.0,down,420.945,-0.1406563874925283,0.9272814986474459
cell8_02_22_01,50,20,24,4.0,cell,456.078,-0.0799460730805381,456.078
cell8_02_22_01,50,20,24,4.0,up,501.645,0.05726685626633656,1.0999105416178812
cell8_02_22_01,50,20,24,4.0,down,423.078,-0.13630194706568294,0.927643955639167
cell8_02_22_01,50,20,25,5.0,cell,457.299,-0.077482928958768,457.299
cell8_02_22_01,50,20,25,5.0,up,505.053,0.06444955607627326,1.1044262069236976
cell8_02_22_01,50,20,25,5.0,down,426.653,-0.12900371709570052,0.9329847648912419
cell8_02_22_01,50,20,26,6.0,cell,456.315,-0.07946796893896597,456.315
cell8_02_22_01,50,20,26,6.0,up,476.004,0.0032258921153431354,1.043147825515269
cell8_02_22_01,50,20,26,6.0,down,429.485,-0.12322229408171732,0.9412028971215061
cell8_02_22_01,50,20,27,7.0,cell,456.459,-0.07917747528332722,456.459
cell8_02_22_01,50,20,27,7.0,up,482.686,0.017308873374144915,1.0574575153518717
cell8_02_22_01,50,20,27,7.0,down,426.497,-0.12932218531257247,0.9343599315601182
cell8_02_22_01,50,20,28,8.0,cell,458.301,-0.07546157727161512,458.301
cell8_02_22_01,50,20,28,8.0,up,477.808,0.007028001991260254,1.0425637299504038
cell8_02_22_01,50,20,28,8.0,down,431.596,-0.1189127658393026,0.9417304348015824
cell8_02_22_01,50,20,29,9.0,cell,458.75,-0.0745558019147971,458.75
cell8_02_22_01,50,20,29,9.0,up,482.167,0.016215029124920392,1.0510452316076293
cell8_02_22_01,50,20,29,9.0,down,430.49,-0.12117062383840761,0.9383978201634877
cell8_02_22_01,50,20,30,10.0,cell,458.178,-0.07570970726913985,458.178
cell8_02_22_01,50,20,30,10.0,up,470.935,-0.007457530812053885,1.0278428907542483
cell8_02_22_01,50,20,30,10.0,down,433.191,-0.11565663246807978,0.9454644264892683
cell8_02_22_01,50,20,31,11.0,cell,459.29,-0.0734664507061518,459.29
cell8_02_22_01,50,20,31,11.0,up,483.976,0.020027676999385065,1.053748176533345
cell8_02_22_01,50,20,31,11.0,down,430.907,-0.12031933379715379,0.9382024429009993
cell8_02_22_01,50,20,32,12.0,cell,459.07,-0.07391026045782215,459.07
cell8_02_22_01,50,20,32,12.0,up,469.657,-0.010151043240780174,1.0230618424205458
cell8_02_22_01,50,20,32,12.0,down,432.901,-0.11624865671739296,0.9429956215827652
cell8_02_22_01,50,20,33,13.0,cell,458.91,-0.07423303118630957,458.91
cell8_02_22_01,50,20,33,13.0,up,479.041,0.00962667243305953,1.0438669891699897
cell8_02_22_01,50,20,33,13.0,down,432.71,-0.1166385761367683,0.9429081955067441
cell8_02_22_01,50,20,34,14.0,cell,459.113,-0.07382351582454112,459.113
cell8_02_22_01,50,20,34,14.0,up,490.224,0.03319595998426892,1.067763273965233
cell8_02_22_01,50,20,34,14.0,down,431.379,-0.11935576329482317,0.9395922136815992
cell8_02_22_01,50,20,35,15.0,cell,459.993,-0.07204827681785998,459.993
cell8_02_22_01,50,20,35,15.0,up,475.143,0.0014112487654734758,1.032935283797797
cell8_02_22_01,50,20,35,15.0,down,432.358,-0.11735717108765881,0.939922998828243
cell8_02_22_01,50,20,36,16.0,cell,460.196,-0.07163876145609142,460.196
cell8_02_22_01,50,20,36,16.0,up,480.008,0.011664721352134835,1.0430512216533823
cell8_02_22_01,50,20,36,16.0,down,433.509,-0.11500744725676378,0.9420094916079236
cell8_02_22_01,50,20,37,17.0,cell,460.491,-0.07104365292544271,460.491
cell8_02_22_01,50,20,37,17.0,up,485.31,0.022839215011842672,1.0538968188303355
cell8_02_22_01,50,20,37,17.0,down,432.397,-0.11727755403344085,0.938991207211433
cell8_02_22_01,50,20,38,18.0,cell,460.297,-0.07143501243373371,460.297
cell8_02_22_01,50,20,38,18.0,up,479.355,0.01028845874183895,1.0414037023921512
cell8_02_22_01,50,20,38,18.0,down,432.88,-0.11629152743889498,0.9404362835299817
cell8_02_22_01,50,20,39,19.0,cell,458.647,-0.07476358557126093,458.647
cell8_02_22_01,50,20,39,19.0,up,476.873,0.005057396262888543,1.0397386225136107
cell8_02_22_01,50,20,39,19.0,down,431.514,-0.11908016579945323,0.9408412133950511
cell8_02_22_01,50,20,40,20.0,cell,454.847,-0.08242939037283865,454.847
cell8_02_22_01,50,20,40,20.0,up,455.649,-0.03967429997129443,1.0017632302730368
cell8_02_22_01,50,20,40,20.0,down,429.043,-0.12412462069618788,0.9432688354545595
cell8_02_22_01,50,20,41,21.0,cell,462.761,-0.06646434321502648,462.761
cell8_02_22_01,50,20,41,21.0,up,487.943,0.02838852504692574,1.0544168588104874
cell8_02_22_01,50,20,41,21.0,down,434.175,-0.11364783294627198,0.9382272922739816
cell8_02_22_01,50,20,42,22.0,cell,461.275,-0.06946207635585407,461.275
cell8_02_22_01,50,20,42,22.0,up,483.061,0.018099223265203086,1.0472299604357487
cell8_02_22_01,50,20,42,22.0,down,434.03,-0.11394384507092868,0.9409354506530812
cell8_02_22_01,50,20,43,23.0,cell,461.492,-0.06902431855534283,461.492
cell8_02_22_01,50,20,43,23.0,up,486.445,0.025231340682112052,1.054070276407825
cell8_02_22_01,50,20,43,23.0,down,433.441,-0.11514626673591317,0.9392167144825911
cell8_02_22_01,50,20,44,24.0,cell,461.039,-0.06993816318037308,461.039
cell8_02_22_01,50,20,44,24.0,up,474.939,0.0009812984247379343,1.0301492932268204
cell8_02_22_01,50,20,44,24.0,down,436.425,-0.1090545413567726,0.9466118918356148
cell8_02_22_01,50,20,45,25.0,cell,459.11,-0.07382956777570024,459.11
cell8_02_22_01,50,20,45,25.0,up,482.2,0.016284579915333545,1.050292958114613
cell8_02_22_01,50,20,45,25.0,down,432.212,-0.11765522467524414,0.9414127333318812
cell8_02_22_01,50,20,46,26.0,cell,458.645,-0.07476762020536705,458.645
cell8_02_22_01,50,20,46,26.0,up,470.327,-0.008738951435422875,1.0254706799376425
cell8_02_22_01,50,20,46,26.0,down,435.748,-0.11043661175947979,0.9500768568282659
cell8_02_22_01,50,20,47,27.0,cell,461.727,-0.06855024904787693,461.727
cell8_02_22_01,50,20,47,27.0,up,484.184,0.02046605773895872,1.0486369651330767
cell8_02_22_01,50,20,47,27.0,down,435.792,-0.11034678739061851,0.94383044526311
cell8_02_22_01,50,20,48,28.0,cell,459.847,-0.07234280510760484,459.847
cell8_02_22_01,50,20,48,28.0,up,482.731,0.01740371536107193,1.0497643781518635
cell8_02_22_01,50,20,48,28.0,down,432.553,-0.11695908581656889,0.9406454755603495
cell8_02_22_01,50,20,49,29.0,cell,462.151,-0.06769490661738503,462.151
cell8_02_22_01,50,20,49,29.0,up,479.837,0.011304321801812324,1.0382688774880937
cell8_02_22_01,50,20,49,29.0,down,437.089,-0.10769900997213816,0.945770970959708
cell8_02_22_01,50,20,50,30.0,cell,458.909,-0.07423504850336268,458.909
cell8_02_22_01,50,20,50,30.0,up,488.906,0.03041814356716317,1.0653659004290612
cell8_02_22_01,50,20,50,30.0,down,432.158,-0.11776546367339207,0.9417073973271389
cell8_02_22_01,50,20,51,31.0,cell,459.674,-0.07269180095778194,459.674
cell8_02_22_01,50,20,51,31.0,up,470.412,-0.008559805460116398,1.0233600334149855
cell8_02_22_01,50,20,51,31.0,down,435.336,-0.1112776944860903,0.9470537815930421
cell8_02_22_01,50,20,52,32.0,cell,460.764,-0.0704929253699609,460.764
cell8_02_22_01,50,20,52,32.0,up,475.551,0.0022711494469447985,1.0320923509649191
cell8_02_22_01,50,20,52,32.0,down,434.414,-0.11315992330632076,0.9428123724943789
cell8_02_22_01,50,20,53,33.0,cell,457.346,-0.07738811505727475,457.346
cell8_02_22_01,50,20,53,33.0,up,478.347,0.008163998234674506,1.0459192821190084
cell8_02_22_01,50,20,53,33.0,down,430.771,-0.12059697275545235,0.9418930087942171
cell8_02_22_01,50,20,54,34.0,cell,458.543,-0.07497338654477777,458.543
cell8_02_22_01,50,20,54,34.0,up,479.127,0.009807926008075564,1.0448900103152812
cell8_02_22_01,50,20,54,34.0,down,432.232,-0.11761439541667074,0.9426204303631285
cell8_02_22_01,50,20,55,35.0,cell,459.768,-0.07250217315479555,459.768
cell8_02_22_01,50,20,55,35.0,up,479.404,0.010391731127603838,1.0427084964590838
cell8_02_22_01,50,20,55,35.0,down,435.938,-0.11004873380303319,0.9481695115797533
cell8_02_22_01,50,20,56,36.0,cell,462.591,-0.06680728711404446,462.591
cell8_02_22_01,50,20,56,36.0,up,476.845,0.004998383471022944,1.0308133967154571
cell8_02_22_01,50,20,56,36.0,down,436.161,-0.10959348756994056,0.9428652956931717
cell8_02_22_01,50,20,57,37.0,cell,459.965,-0.07210476169534533,459.965
cell8_02_22_01,50,20,57,37.0,up,482.633,0.01719717058954203,1.049282010587762
cell8_02_22_01,50,20,57,37.0,down,433.263,-0.11550964713721579,0.9419477568945464
cell8_02_22_01,50,20,58,38.0,cell,461.512,-0.06898397221428193,461.512
cell8_02_22_01,50,20,58,38.0,up,478.604,0.008705651360013049,1.0370347899946264
cell8_02_22_01,50,20,58,38.0,down,435.897,-0.1101324337831085,0.9444976511986687
cell8_02_22_01,50,20,59,39.0,cell,456.851,-0.0783866869985329,456.851
cell8_02_22_01,50,20,59,39.0,up,472.098,-0.005006392349918787,1.0333741197896031
cell8_02_22_01,50,20,59,39.0,down,432.053,-0.11797981728090208,0.9457197204340145
cell8_02_22_01,50,20,60,40.0,cell,458.771,-0.07451343825668308,458.771
cell8_02_22_01,50,20,60,40.0,up,468.42,-0.012758144081417323,1.0210322797212552
cell8_02_22_01,50,20,60,40.0,down,432.481,-0.11710607114743286,0.9426947213315575
cell8_02_22_01,50,20,61,41.0,cell,460.618,-0.07078745365970575,460.618
cell8_02_22_01,50,20,61,41.0,up,482.976,0.01792007728989661,1.0485391365513288
cell8_02_22_01,50,20,61,41.0,down,433.095,-0.11585261290923164,0.9402476672644144
cell8_02_22_01,50,20,62,42.0,cell,459.381,-0.07328287485432465,459.381
cell8_02_22_01,50,20,62,42.0,up,491.008,0.03484831815650785,1.0688469919304455
cell8_02_22_01,50,20,62,42.0,down,430.752,-0.12063576055109702,0.9376791813331419
cell8_02_22_01,50,20,63,43.0,cell,459.571,-0.07289958461424566,459.571
cell8_02_22_01,50,20,63,43.0,up,467.09,-0.015561251695037056,1.0163609105013152
cell8_02_22_01,50,20,63,43.0,down,433.662,-0.1146951034286779,0.9436235097514856
cell8_02_22_01,50,20,64,44.0,cell,459.669,-0.07270188754304716,459.669
cell8_02_22_01,50,20,64,44.0,up,477.163,0.005668600178640239,1.0380578198660342
cell8_02_22_01,50,20,64,44.0,down,433.435,-0.11515851551348512,0.9429284985500437
cell8_02_22_01,50,20,65,45.0,cell,457.862,-0.07634717945790258,457.862
cell8_02_22_01,50,20,65,45.0,up,472.682,-0.003775554119577522,1.032367831355299
cell8_02_22_01,50,20,65,45.0,down,433.118,-0.11580565926187238,0.945957515583298
cell8_02_22_01,50,20,66,46.0,cell,459.71,-0.07261917754387225,459.71
cell8_02_22_01,50,20,66,46.0,up,477.98,0.007390509141292322,1.039742446324857
cell8_02_22_01,50,20,66,46.0,down,434.093,-0.1138152329064226,0.9442757390528812
cell8_02_22_01,50,20,67,47.0,cell,458.36,-0.0753425555654853,458.36
cell8_02_22_01,50,20,67,47.0,up,468.902,-0.01174228102144395,1.0229993891264508
cell8_02_22_01,50,20,67,47.0,down,431.824,-0.11844731229156664,0.942106641068156
cell8_02_22_01,50,20,68,48.0,cell,457.349,-0.07738206310611563,457.349
cell8_02_22_01,50,20,68,48.0,up,487.302,0.027037553633143717,1.0654926544061538
cell8_02_22_01,50,20,68,48.0,down,429.692,-0.12279971125548339,0.9395275817810906
cell8_02_22_01,50,20,69,49.0,cell,462.707,-0.06657327833589106,462.707
cell8_02_22_01,50,20,69,49.0,up,477.739,0.006882577611305516,1.0324870814575962
cell8_02_22_01,50,20,69,49.0,down,437.144,-0.10758672951106149,0.9447533752461061
cell8_02_22_01,50,20,70,50.0,cell,457.488,-0.07710165603574211,457.488
cell8_02_22_01,50,20,70,50.0,up,473.392,-0.002279158325840761,1.0347637533662084
cell8_02_22_01,50,20,70,50.0,down,431.671,-0.11875965611965264,0.9435679187213654
cell8_02_22_01,50,20,71,51.0,cell,459.55,-0.07294194827235967,459.55
cell8_02_22_01,50,20,71,51.0,up,484.135,0.02036278535319371,1.0534979871613535
cell8_02_22_01,50,20,71,51.0,down,430.071,-0.12202599680551879,0.9358524643673158
cell8_02_22_01,50,20,72,52.0,cell,458.9,-0.07425320435684013,458.9
cell8_02_22_01,50,20,72,52.0,up,490.318,0.033394074356960825,1.0684637175855307
cell8_02_22_01,50,20,72,52.0,down,432.095,-0.11789407583789803,0.9415885813902812
cell8_02_22_01,50,20,73,53.0,cell,458.755,-0.07454571532953187,458.755
cell8_02_22_01,50,20,73,53.0,up,473.016,-0.003071615816608371,1.0310863096859981
cell8_02_22_01,50,20,73,53.0,down,433.881,-0.11424802304729997,0.945779337554904
cell8_02_22_01,50,20,74,54.0,cell,459.476,-0.07309122973428515,459.476
cell8_02_22_01,50,20,74,54.0,up,469.845,-0.009754814495396249,1.0225670111170115
cell8_02_22_01,50,20,74,54.0,down,433.722,-0.11457261565295791,0.9439491942995935
cell8_02_22_01,50,20,75,55.0,cell,458.884,-0.0742854814296888,458.884
cell8_02_22_01,50,20,75,55.0,up,484.498,0.02112784404773802,1.0558180280855292
cell8_02_22_01,50,20,75,55.0,down,432.711,-0.11663653467383957,0.9429637991300633
cell8_02_22_01,50,20,76,56.0,cell,455.578,-0.08095473160706149,455.578
cell8_02_22_01,50,20,76,56.0,up,469.714,-0.010030910057339297,1.0310287151706186
cell8_02_22_01,50,20,76,56.0,down,430.831,-0.12047448497973236,0.9456799933271581
cell8_02_22_01,50,20,77,57.0,cell,457.452,-0.0771742794496518,457.452
cell8_02_22_01,50,20,77,57.0,up,479.731,0.01108091623260656,1.048702377517204
cell8_02_22_01,50,20,77,57.0,down,432.347,-0.1173796271798742,0.9451199251506168
cell8_02_22_01,50,20,78,58.0,cell,459.644,-0.07275232046937329,459.644
cell8_02_22_01,50,20,78,58.0,up,475.482,0.002125725066990179,1.0344571015829642
cell8_02_22_01,50,20,78,58.0,down,432.983,-0.11608125675724232,0.9419964146165293
cell8_02_22_01,50,20,79,59.0,cell,458.569,-0.07492093630139852,458.569
cell8_02_22_01,50,20,79,59.0,up,475.873,0.0029497965534000872,1.0377347792807625
cell8_02_22_01,50,20,79,59.0,down,435.417,-0.1111123359888684,0.9495125052064137
cell8_02_22_01,50,20,80,60.0,cell,461.577,-0.0688528466058339,461.577
cell8_02_22_01,50,20,80,60.0,up,485.012,0.022211150298415108,1.0507715939052422
cell8_02_22_01,50,20,80,60.0,down,435.547,-0.11084694580814167,0.9436063755343096
cell8_02_22_01,50,20,81,61.0,cell,460.885,-0.07024883000654228,460.885
cell8_02_22_01,50,20,81,61.0,up,491.571,0.036034896792949946,1.066580600366686
cell8_02_22_01,50,20,81,61.0,down,435.303,-0.11134506276273633,0.944493745728327
cell8_02_22_01,50,20,82,62.0,cell,458.626,-0.07480594922937495,458.626
cell8_02_22_01,50,20,82,62.0,up,491.122,0.03508858452338961,1.0708551194219256
cell8_02_22_01,50,20,82,62.0,down,433.199,-0.11564030076465037,0.9445583111293299
cell8_02_22_01,50,20,83,63.0,cell,460.699,-0.07062405097840893,460.699
cell8_02_22_01,50,20,83,63.0,up,481.416,0.014632221743094613,1.0449686237651916
cell8_02_22_01,50,20,83,63.0,down,434.557,-0.11286799410752141,0.9432557917425477
cell8_02_22_01,50,20,84,64.0,cell,456.89,-0.07830801163346411,456.89
cell8_02_22_01,50,20,84,64.0,up,470.102,-0.009213161370057826,1.0289172448510582
cell8_02_22_01,50,20,84,64.0,down,431.874,-0.1183452391451333,0.9452472148657227
cell8_02_22_01,50,20,85,65.0,cell,459.139,-0.07377106558116188,459.139
cell8_02_22_01,50,20,85,65.0,up,482.486,0.016887353432247246,1.050849524871553
cell8_02_22_01,50,20,85,65.0,down,431.618,-0.11886785365487196,0.9400595462376317
cell8_02_22_01,50,20,86,66.0,cell,459.855,-0.07232666657118039,459.855
cell8_02_22_01,50,20,86,66.0,up,480.102,0.011862835724826737,1.0440290961281273
cell8_02_22_01,50,20,86,66.0,down,434.276,-0.11344164519047667,0.9443759445912299
cell8_02_22_01,50,20,87,67.0,cell,459.29,-0.0734664507061518,459.29
cell8_02_22_01,50,20,87,67.0,up,474.886,0.0008695956401350519,1.033956759345947
cell8_02_22_01,50,20,87,67.0,down,435.485,-0.11097351650971901,0.9481700015240915
cell8_02_22_01,50,20,88,68.0,cell,460.188,-0.07165489999251587,460.188
cell8_02_22_01,50,20,88,68.0,up,481.273,0.014330834984637822,1.0458182308100168
cell8_02_22_01,50,20,88,68.0,down,433.222,-0.1155933471172911,0.9414022095317566
cell8_02_22_01,50,20,89,69.0,cell,455.491,-0.08113023819067652,455.491
cell8_02_22_01,50,20,89,69.0,up,475.861,0.0029245053568862246,1.0447209714352204
cell8_02_22_01,50,20,89,69.0,down,429.194,-0.12381635979395923,0.9422666968172808
cell8_02_22_01,50,20,90,70.0,cell,460.085,-0.07186268364897971,460.085
cell8_02_22_01,50,20,90,70.0,up,492.922,0.03888226400046885,1.0713715943792996
cell8_02_22_01,50,20,90,70.0,down,431.319,-0.11947825107054316,0.9374767705967376
cell8_02_22_01,50,20,91,71.0,cell,458.225,-0.0756148933676466,458.225
cell8_02_22_01,50,20,91,71.0,up,470.004,-0.009419706141587601,1.0257057122592612
cell8_02_22_01,50,20,91,71.0,down,432.804,-0.11644667862147366,0.9445228872278901
cell8_02_22_01,50,20,92,72.0,cell,460.478,-0.07106987804713227,460.478
cell8_02_22_01,50,20,92,72.0,up,495.763,0.044869954775125453,1.0766268963989594
cell8_02_22_01,50,20,92,72.0,down,432.599,-0.11686517852185024,0.9394563909676467
cell8_02_22_01,50,20,93,73.0,cell,458.965,-0.07412207874839209,458.965
cell8_02_22_01,50,20,93,73.0,up,473.335,-0.0023992915092816377,1.0313095769829943
cell8_02_22_01,50,20,93,73.0,down,432.359,-0.1173551296247302,0.9420304380508318
cell8_02_22_01,50,20,94,74.0,cell,458.053,-0.0759618719007707,458.053
cell8_02_22_01,50,20,94,74.0,up,484.049,0.020181531778177678,1.0567532578107772
cell8_02_22_01,50,20,94,74.0,down,430.675,-0.12079295319660432,0.9402296240828026
cell8_02_22_01,50,20,95,75.0,cell,458.797,-0.07446098801330385,458.797
cell8_02_22_01,50,20,95,75.0,up,483.71,0.019467055476661096,1.0543007037971042
cell8_02_22_01,50,20,95,75.0,down,431.767,-0.11856367567850067,0.9410850550461315
cell8_02_22_01,50,20,96,76.0,cell,464.823,-0.06230463545164414,464.823
cell8_02_22_01,50,20,96,76.0,up,492.886,0.03880639041092726,1.0603735185221042
cell8_02_22_01,50,20,96,76.0,down,437.339,-0.10718864423997156,0.9408721169133197
cell8_02_22_01,50,20,97,77.0,cell,461.922,-0.06815687222253271,461.922
cell8_02_22_01,50,20,97,77.0,up,480.947,0.01364375747934454,1.041186607262698
cell8_02_22_01,50,20,97,77.0,down,436.795,-0.10829920007316604,0.9456033702659756
cell8_02_22_01,50,20,98,78.0,cell,461.321,-0.06936927977141381,461.321
cell8_02_22_01,50,20,98,78.0,up,481.845,0.015536382018465225,1.044489628696721
cell8_02_22_01,50,20,98,78.0,down,433.945,-0.11411736941986528,0.9406573730656094
cell8_02_22_01,50,20,99,79.0,cell,460.538,-0.07094883902394947,460.538
cell8_02_22_01,50,20,99,79.0,up,476.335,0.003923507619183731,1.0343011868727445
cell8_02_22_01,50,20,99,79.0,down,434.94,-0.11208611380584221,0.9444171816440771
cell8_02_22_01,50,20,100,80.0,cell,457.358,-0.07736390725263818,457.358
cell8_02_22_01,50,20,100,80.0,up,479.441,0.010469712316854864,1.048283838918309
cell8_02_22_01,50,20,100,80.0,down,432.098,-0.11788795144911206,0.9447697427398231
cell8_02_22_01,50,20,101,81.0,cell,456.25,-0.07959909454741401,456.25
cell8_02_22_01,50,20,101,81.0,up,470.955,-0.007415378817864153,1.0322301369863014
cell8_02_22_01,50,20,101,81.0,down,430.646,-0.12085215562153565,0.9438816438356165
cell8_02_22_01,50,20,102,82.0,cell,460.94,-0.07013787756862469,460.94
cell8_02_22_01,50,20,102,82.0,up,482.694,0.017325734171820904,1.0471948626719314
cell8_02_22_01,50,20,102,82.0,down,433.247,-0.11554231054407438,0.9399205970408296
cell8_02_22_01,50,20,103,83.0,cell,461.817,-0.06836869051310265,461.817
cell8_02_22_01,50,20,103,83.0,up,489.465,0.031596291804767154,1.0598678697406114
cell8_02_22_01,50,20,103,83.0,down,433.32,-0.11539328375028177,0.9382937397280741
cell8_02_22_01,50,20,104,84.0,cell,460.804,-0.0704122326878391,460.804
cell8_02_22_01,50,20,104,84.0,up,499.469,0.052680719298489706,1.0839076917735089
cell8_02_22_01,50,20,104,84.0,down,430.842,-0.12045202888751709,0.9349788630307029
cell8_02_22_01,50,20,105,85.0,cell,458.783,-0.07448923045204653,458.783
cell8_02_22_01,50,20,105,85.0,up,495.42,0.044147048074770996,1.0798569258233195
cell8_02_22_01,50,20,105,85.0,down,431.503,-0.1191026218916686,0.9405383372967175
cell8_02_22_01,50,20,106,86.0,cell,453.879,-0.08438215328018785,453.879
cell8_02_22_01,50,20,106,86.0,up,480.955,0.013660618277020408,1.0596546656708064
cell8_02_22_01,50,20,106,86.0,down,426.98,-0.12833615871802662,0.9407353061058124
cell8_02_22_01,50,20,107,87.0,cell,457.424,-0.07723076432713714,457.424
cell8_02_22_01,50,20,107,87.0,up,478.731,0.008973316523118103,1.0465804155444403
cell8_02_22_01,50,20,107,87.0,down,430.807,-0.12052348009002035,0.9418110986743153
cell8_02_22_01,50,20,108,88.0,cell,461.779,-0.06844534856111846,461.779
cell8_02_22_01,50,20,108,88.0,up,496.71,0.04686585170001103,1.0756444099883278
cell8_02_22_01,50,20,108,88.0,down,433.305,-0.11542390569421174,0.9383384692677667
cell8_02_22_01,50,20,109,89.0,cell,453.463,-0.08522135717425529,453.463
cell8_02_22_01,50,20,109,89.0,up,494.767,0.04277078546447499,1.0910857115133978
cell8_02_22_01,50,20,109,89.0,down,425.935,-0.13046948747848303,0.9392938343370903
cell8_02_22_01,50,20,110,90.0,cell,456.822,-0.07844518919307125,456.822
cell8_02_22_01,50,20,110,90.0,up,490.776,0.03435935502390659,1.0743265429423277
cell8_02_22_01,50,20,110,90.0,down,429.516,-0.12315900873092865,0.9402261712439419
cell8_02_22_01,50,20,111,91.0,cell,460.187,-0.07165691730956887,460.187
cell8_02_22_01,50,20,111,91.0,up,485.094,0.02238397347459315,1.0541236497336952
cell8_02_22_01,50,20,111,91.0,down,432.01,-0.11806760018683474,0.9387705432791452
cell8_02_22_01,50,20,112,92.0,cell,459.483,-0.07307710851491381,459.483
cell8_02_22_01,50,20,112,92.0,up,483.445,0.01890854155364668,1.0521499163189934
cell8_02_22_01,50,20,112,92.0,down,431.685,-0.11873107563865129,0.9395015702430776
cell8_02_22_01,50,20,113,93.0,cell,457.409,-0.07726102408293282,457.409
cell8_02_22_01,50,20,113,93.0,up,496.359,0.04612608420198058,1.0851535496678029
cell8_02_22_01,50,20,113,93.0,down,428.939,-0.12433693284076915,0.9377581114494906
cell8_02_22_01,50,20,114,94.0,cell,462.835,-0.0663150617531011,462.835
cell8_02_22_01,50,20,114,94.0,up,506.465,0.0674254868660709,1.094266855358821
cell8_02_22_01,50,20,114,94.0,down,434.439,-0.11310888673310403,0.9386476822193656
cell8_02_22_01,50,20,115,95.0,cell,459.555,-0.07293186168709444,459.555
cell8_02_22_01,50,20,115,95.0,up,488.751,0.030091465612192395,1.0635310245781244
cell8_02_22_01,50,20,115,95.0,down,431.077,-0.11997228509928047,0.9380313564208854
cell8_02_22_01,50,20,116,96.0,cell,459.553,-0.07293589632120055,459.553
cell8_02_22_01,50,20,116,96.0,up,482.951,0.017867387297159445,1.050914693190992
cell8_02_22_01,50,20,116,96.0,down,431.219,-0.11968239736340985,0.9383444347006765
cell8_02_22_01,50,20,117,97.0,cell,456.846,-0.07839677358379812,456.846
cell8_02_22_01,50,20,117,97.0,up,477.502,0.006383076480156823,1.0452143610757236
cell8_02_22_01,50,20,117,97.0,down,428.221,-0.12580270322355167,0.9373421240417996
cell8_02_22_01,50,20,118,98.0,cell,459.974,-0.07208660584186788,459.974
cell8_02_22_01,50,20,118,98.0,up,485.098,0.02239240387343114,1.0546204785487876
cell8_02_22_01,50,20,118,98.0,down,430.779,-0.12058064105202305,0.9365290212055464
cell8_02_22_01,50,20,119,99.0,cell,457.942,-0.07618579409365887,457.942
cell8_02_22_01,50,20,119,99.0,up,490.151,0.033042105205476305,1.0703342344663735
cell8_02_22_01,50,20,119,99.0,down,428.436,-0.12536378869388842,0.935568259735949
cell8_02_22_01,50,20,120,100.0,cell,456.842,-0.07840484285201035,456.842
cell8_02_22_01,50,20,120,100.0,up,479.061,0.00966882442724926,1.0486360711143021
cell8_02_22_01,50,20,120,100.0,down,430.329,-0.1214992993699229,0.9419646179641977
cell11_01_22_01,10,20,1,-19.0,cell,359.972,0.001356108538754832,359.972
cell11_01_22_01,10,20,1,-19.0,up,161.823,0.04365643173115935,0.4495432978120521
cell11_01_22_01,10,20,1,-19.0,down,408.103,-0.0021633897148031905,1.1337076217039104
cell11_01_22_01,10,20,2,-18.0,cell,358.624,-0.0023937054309711406,358.624
cell11_01_22_01,10,20,2,-18.0,up,155.794,0.004773178875217021,0.4344215668778442
cell11_01_22_01,10,20,2,-18.0,down,408.025,-0.0023541044500594286,1.1377515169090746
cell11_01_22_01,10,20,3,-17.0,cell,359.501,4.5899058234799363e-05,359.501
cell11_01_22_01,10,20,3,-17.0,up,168.032,0.08370057122071752,0.46740342864136686
cell11_01_22_01,10,20,3,-17.0,down,406.856,-0.005212380418193399,1.1317242511147396
cell11_01_22_01,10,20,4,-16.0,cell,359.664,0.0004993261183723323,359.664
cell11_01_22_01,10,20,4,-16.0,up,154.752,-0.0019470648593810874,0.4302682503670093
cell11_01_22_01,10,20,4,-16.0,down,408.9,-0.00021467633019864074,1.1368944348058188
cell11_01_22_01,10,20,5,-15.0,cell,359.803,0.0008859909119865492,359.803
cell11_01_22_01,10,20,5,-15.0,up,148.436,-0.042681286958921975,0.4125479776433215
cell11_01_22_01,10,20,5,-15.0,down,412.074,0.007545946358302177,1.1452767208722552
cell11_01_22_01,10,20,6,-14.0,cell,358.047,-0.003998781588635792,358.047
cell11_01_22_01,10,20,6,-14.0,up,149.638,-0.03492914399444318,0.41792837253209775
cell11_01_22_01,10,20,6,-14.0,down,407.279,-0.00417811973853498,1.137501501199563
cell11_01_22_01,10,20,7,-13.0,cell,361.609,0.005909851467865825,361.609
cell11_01_22_01,10,20,7,-13.0,up,158.691,0.0234570043062445,0.4388469313540316
cell11_01_22_01,10,20,7,-13.0,down,410.761,0.004335581648156819,1.1359258204303544
cell11_01_22_01,10,20,8,-12.0,cell,358.646,-0.0023325066866581277,358.646
cell11_01_22_01,10,20,8,-12.0,up,143.383,-0.075269954512592,0.39978976483775086
cell11_01_22_01,10,20,8,-12.0,down,408.676,-0.0007623699288829769,1.1394968855082728
cell11_01_22_01,10,20,9,-11.0,cell,359.654,0.000471508507320977,359.654
cell11_01_22_01,10,20,9,-11.0,up,147.394,-0.04940153069352008,0.40982166193063335
cell11_01_22_01,10,20,9,-11.0,down,410.288,0.0031790679330777546,1.1407853103260357
cell11_01_22_01,10,20,10,-10.0,cell,359.325,-0.00044369089626946365,359.325
cell11_01_22_01,10,20,10,-10.0,up,162.596,0.048641794885520485,0.45250400055659923
cell11_01_22_01,10,20,10,-10.0,down,408.916,-0.00017555535886399568,1.1380115494329646
cell11_01_22_01,10,20,11,-9.0,cell,356.284,-0.00890302641699427,356.284
cell11_01_22_01,10,20,11,-9.0,up,150.259,-0.030924085108468814,0.4217393989064903
cell11_01_22_01,10,20,11,-9.0,down,405.661,-0.008134227964746115,1.1385888785351013
cell11_01_22_01,10,20,12,-8.0,cell,355.592,-0.010828005101749824,355.592
cell11_01_22_01,10,20,12,-8.0,up,141.422,-0.08791716944881749,0.39770860986748857
cell11_01_22_01,10,20,12,-8.0,down,406.511,-0.006055926362595581,1.1431950100114738
cell11_01_22_01,10,20,13,-7.0,cell,359.218,-0.0007413393345191543,359.218
cell11_01_22_01,10,20,13,-7.0,up,150.284,-0.030762850853799917,0.41836433586290217
cell11_01_22_01,10,20,13,-7.0,down,408.309,-0.0016597072088702083,1.1366607463991225
cell11_01_22_01,10,20,14,-6.0,cell,358.13,-0.003767895416909417,358.13
cell11_01_22_01,10,20,14,-6.0,up,151.539,-0.022668891269423157,0.4231396420294306
cell11_01_22_01,10,20,14,-6.0,down,408.618,-0.0009041834499708743,1.140976740289839
cell11_01_22_01,10,20,15,-5.0,cell,358.809,-0.0018790796265205948,358.809
cell11_01_22_01,10,20,15,-5.0,up,152.546,-0.016174375491361432,0.4251454116256838
cell11_01_22_01,10,20,15,-5.0,down,408.222,-0.0018724274905021932,1.137713936941381
cell11_01_22_01,10,20,16,-4.0,cell,355.233,-0.01182665733849433,355.233
cell11_01_22_01,10,20,16,-4.0,up,147.092,-0.051349240489919866,0.4140718908434746
cell11_01_22_01,10,20,16,-4.0,down,408.502,-0.0011878104921466688,1.1499550998921835
cell11_01_22_01,10,20,17,-3.0,cell,357.377,-0.005862561529078331,357.377
cell11_01_22_01,10,20,17,-3.0,up,135.514,-0.12602004851216247,0.37919060264090865
cell11_01_22_01,10,20,17,-3.0,down,413.041,0.009910320063336862,1.1557570856546449
cell11_01_22_01,10,20,18,-2.0,cell,357.853,-0.004538443243032621,357.853
cell11_01_22_01,10,20,18,-2.0,up,136.833,-0.11751332923583348,0.3823720913335923
cell11_01_22_01,10,20,18,-2.0,down,411.651,0.006511685678643758,1.150335472945595
cell11_01_22_01,10,20,19,-1.0,cell,357.595,-0.005256137608158186,357.595
cell11_01_22_01,10,20,19,-1.0,up,150.943,-0.02651271590072863,0.4221060137865462
cell11_01_22_01,10,20,19,-1.0,down,410.859,0.00457519759758112,1.1489506285043134
cell11_01_22_01,10,20,20,0.0,cell,333.384,-0.0726053557246556,333.384
cell11_01_22_01,10,20,20,0.0,up,168.199,0.08477761604190552,0.5045203129124374
cell11_01_22_01,10,20,20,0.0,down,371.743,-0.09106579707267551,1.1150595109543349
cell11_01_22_01,10,20,21,1.0,cell,327.505,-0.08895932926176227,327.505
cell11_01_22_01,10,20,21,1.0,up,176.365,0.13744317298694203,0.5385108624295812
cell11_01_22_01,10,20,21,1.0,down,360.184,-0.11932825380121355,1.0997816827224012
cell11_01_22_01,10,20,22,2.0,cell,314.057,-0.12636845260365873,314.057
cell11_01_22_01,10,20,22,2.0,up,187.004,0.2060580224038221,0.5954460496024606
cell11_01_22_01,10,20,22,2.0,down,341.746,-0.1644102831429202,1.0881655240927601
cell11_01_22_01,10,20,23,3.0,cell,310.201,-0.13709492342507104,310.201
cell11_01_22_01,10,20,23,3.0,up,193.45,0.24763066262764102,0.6236279057772218
cell11_01_22_01,10,20,23,3.0,down,336.574,-0.1770561371268287,1.0850190682815335
cell11_01_22_01,10,20,24,4.0,cell,311.857,-0.1324883270349624,311.857
cell11_01_22_01,10,20,24,4.0,up,188.096,0.213100734647758,0.6031482378141263
cell11_01_22_01,10,20,24,4.0,down,340.471,-0.16752773554614586,1.0917535921912926
cell11_01_22_01,10,20,25,5.0,cell,307.576,-0.14439704632605843,307.576
cell11_01_22_01,10,20,25,5.0,up,190.415,0.2280568241108414,0.6190827632845215
cell11_01_22_01,10,20,25,5.0,down,336.956,-0.17612212393621515,1.0955211069784379
cell11_01_22_01,10,20,26,6.0,cell,312.115,-0.13177063266983685,312.115
cell11_01_22_01,10,20,26,6.0,up,160.617,0.035878491285933414,0.5146083975457764
cell11_01_22_01,10,20,26,6.0,down,347.385,-0.15062258580818305,1.1130032199669992
cell11_01_22_01,10,20,27,7.0,cell,312.526,-0.1306273288556251,312.526
cell11_01_22_01,10,20,27,7.0,up,177.642,0.14567901871542732,0.5684071085285703
cell11_01_22_01,10,20,27,7.0,down,346.382,-0.15307498169872058,1.1083301869284474
cell11_01_22_01,10,20,28,8.0,cell,310.899,-0.13515325417368473,310.899
cell11_01_22_01,10,20,28,8.0,up,156.312,0.008113952631955811,0.5027742128472591
cell11_01_22_01,10,20,28,8.0,down,347.871,-0.14943428630389466,1.1189196491465072
cell11_01_22_01,10,20,29,9.0,cell,315.561,-0.1221846839015312,315.561
cell11_01_22_01,10,20,29,9.0,up,166.911,0.07647082724136577,0.5289341838820387
cell11_01_22_01,10,20,29,9.0,down,352.296,-0.1386148926691701,1.1164117238822289
cell11_01_22_01,10,20,30,10.0,cell,317.39,-0.11709684284023368,317.39
cell11_01_22_01,10,20,30,10.0,up,166.33,0.07272374316286152,0.5240555783105959
cell11_01_22_01,10,20,30,10.0,down,354.134,-0.13412087108710818,1.1157692428872996
cell11_01_22_01,10,20,31,11.0,cell,321.135,-0.10667914750149167,321.135
cell11_01_22_01,10,20,31,11.0,up,167.557,0.08063712038200903,0.5217649898017968
cell11_01_22_01,10,20,31,11.0,down,360.27,-0.1191179785802902,1.1218646363678826
cell11_01_22_01,10,20,32,12.0,cell,322.567,-0.10269566559893394,322.567
cell11_01_22_01,10,20,32,12.0,up,173.532,0.11917210724786678,0.5379719562137478
cell11_01_22_01,10,20,32,12.0,down,361.691,-0.1156435473136363,1.121289530547142
cell11_01_22_01,10,20,33,13.0,cell,322.773,-0.10212262281127545,322.773
cell11_01_22_01,10,20,33,13.0,up,160.245,0.03347932557646087,0.496463458839494
cell11_01_22_01,10,20,33,13.0,down,362.758,-0.11303466753776033,1.1238796305762873
cell11_01_22_01,10,20,34,14.0,cell,321.603,-0.10537728330428701,321.603
cell11_01_22_01,10,20,34,14.0,up,160.018,0.03201531854406759,0.4975637665071532
cell11_01_22_01,10,20,34,14.0,down,362.103,-0.11463618230177033,1.125931661085251
cell11_01_22_01,10,20,35,15.0,cell,319.187,-0.11209801813430054,319.187
cell11_01_22_01,10,20,35,15.0,up,158.181,0.020167825510999805,0.49557469445810765
cell11_01_22_01,10,20,35,15.0,down,359.59,-0.1207806198620106,1.1265809697763378
cell11_01_22_01,10,20,36,16.0,cell,323.642,-0.09970527241091055,323.642
cell11_01_22_01,10,20,36,16.0,up,155.996,0.0060759516529414,0.4820017179476088
cell11_01_22_01,10,20,36,16.0,down,365.451,-0.10645011905000583,1.1291828625456524
cell11_01_22_01,10,20,37,17.0,cell,323.584,-0.09986661455500855,323.584
cell11_01_22_01,10,20,37,17.0,up,141.291,-0.08876203694328232,0.4366439626186709
cell11_01_22_01,10,20,37,17.0,down,366.508,-0.10386568988121408,1.132651799841772
cell11_01_22_01,10,20,38,18.0,cell,324.416,-0.09755218931553371,324.416
cell11_01_22_01,10,20,38,18.0,up,149.589,-0.03524516313359419,0.46110241171828764
cell11_01_22_01,10,20,38,18.0,down,366.122,-0.10480948331466117,1.1285571611757743
cell11_01_22_01,10,20,39,19.0,cell,323.157,-0.10105442654690255,323.157
cell11_01_22_01,10,20,39,19.0,up,146.44,-0.05555422985168384,0.45315434912441943
cell11_01_22_01,10,20,39,19.0,down,366.133,-0.10478258764686871,1.132987990357628
cell11_01_22_01,10,20,40,20.0,cell,326.119,-0.09281485015348351,326.119
cell11_01_22_01,10,20,40,20.0,up,136.082,-0.12235680624608607,0.41727712890079993
cell11_01_22_01,10,20,40,20.0,down,371.491,-0.09168195237119545,1.139127128440845
cell11_01_22_01,10,20,41,21.0,cell,326.826,-0.09084814505215093,326.826
cell11_01_22_01,10,20,41,21.0,up,157.064,0.012963879012395008,0.4805737609614902
cell11_01_22_01,10,20,41,21.0,down,369.38,-0.09684347552665384,1.1302038393518263
cell11_01_22_01,10,20,42,22.0,cell,325.779,-0.09376064892923054,325.779
cell11_01_22_01,10,20,42,22.0,up,154.376,-0.0043720280496007775,0.4738672535676026
cell11_01_22_01,10,20,42,22.0,down,367.741,-0.10085093002774168,1.1288051102127517
cell11_01_22_01,10,20,43,23.0,cell,327.146,-0.08995798149850677,327.146
cell11_01_22_01,10,20,43,23.0,up,134.798,-0.13063779756587868,0.41204232972434324
cell11_01_22_01,10,20,43,23.0,down,373.481,-0.08681628156145489,1.1416340105029559
cell11_01_22_01,10,20,44,24.0,cell,325.284,-0.09513762067627389,325.284
cell11_01_22_01,10,20,44,24.0,up,140.752,-0.09223824747394287,0.4327049593585913
cell11_01_22_01,10,20,44,24.0,down,369.773,-0.09588256666824772,1.1367697150797458
cell11_01_22_01,10,20,45,25.0,cell,328.146,-0.08717622039336871,328.146
cell11_01_22_01,10,20,45,25.0,up,146.415,-0.05571546410635274,0.4461885867875884
cell11_01_22_01,10,20,45,25.0,down,373.544,-0.08666224273682493,1.138346955318669
cell11_01_22_01,10,20,46,26.0,cell,324.74,-0.09665089871746894,324.74
cell11_01_22_01,10,20,46,26.0,up,137.628,-0.1123860799373638,0.4238098170844367
cell11_01_22_01,10,20,46,26.0,down,369.514,-0.09651583739172656,1.1378764550101619
cell11_01_22_01,10,20,47,27.0,cell,326.519,-0.09170214571142836,326.519
cell11_01_22_01,10,20,47,27.0,up,139.574,-0.09983560555393954,0.4274605765667542
cell11_01_22_01,10,20,47,27.0,down,371.596,-0.0914252209968121,1.138053222017708
cell11_01_22_01,10,20,48,28.0,cell,324.939,-0.09609732825754644,324.939
cell11_01_22_01,10,20,48,28.0,up,145.39,-0.062326068547776045,0.44743782679210553
cell11_01_22_01,10,20,48,28.0,down,369.699,-0.09606350116067028,1.137748931337882
cell11_01_22_01,10,20,49,29.0,cell,324.521,-0.09726010439949416,324.521
cell11_01_22_01,10,20,49,29.0,up,132.5,-0.14545845025504034,0.4082940703375128
cell11_01_22_01,10,20,49,29.0,down,369.649,-0.09618575419609092,1.1390603381599342
cell11_01_22_01,10,20,50,30.0,cell,326.057,-0.0929873193420021,326.057
cell11_01_22_01,10,20,50,30.0,up,133.617,-0.13825450375643572,0.409796446633564
cell11_01_22_01,10,20,50,30.0,down,372.742,-0.08862318142497154,1.1431804868473918
cell11_01_22_01,10,20,51,31.0,cell,327.546,-0.08884527705645161,327.546
cell11_01_22_01,10,20,51,31.0,up,150.961,-0.026396627237367045,0.4608848833446295
cell11_01_22_01,10,20,51,31.0,down,372.313,-0.0896721124688805,1.1366739328216495
cell11_01_22_01,10,20,52,32.0,cell,329.427,-0.08361278441768685,329.427
cell11_01_22_01,10,20,52,32.0,up,137.365,-0.11408226429648007,0.41698160745779794
cell11_01_22_01,10,20,52,32.0,down,374.993,-0.08311934977033544,1.138318959890962
cell11_01_22_01,10,20,53,33.0,cell,328.65,-0.08577421279637924,328.65
cell11_01_22_01,10,20,53,33.0,up,128.95,-0.16835371441801858,0.39236269587707284
cell11_01_22_01,10,20,53,33.0,down,376.292,-0.07994321591010788,1.1449627263045794
cell11_01_22_01,10,20,54,34.0,cell,325.759,-0.09381628415133325,325.759
cell11_01_22_01,10,20,54,34.0,up,137.152,-0.1154559801462589,0.42102290343474774
cell11_01_22_01,10,20,54,34.0,down,370.729,-0.09354508863100564,1.1380468383068463
cell11_01_22_01,10,20,55,35.0,cell,327.351,-0.08938772047195351,327.351
cell11_01_22_01,10,20,55,35.0,up,127.986,-0.17457090727804972,0.39097482518764265
cell11_01_22_01,10,20,55,35.0,down,374.623,-0.08402402223244802,1.1444076847176272
cell11_01_22_01,10,20,56,36.0,cell,327.338,-0.08942388336632025,327.338
cell11_01_22_01,10,20,56,36.0,up,139.961,-0.09733969929166558,0.4275733339850552
cell11_01_22_01,10,20,56,36.0,down,372.231,-0.0898726074469703,1.137145702607091
cell11_01_22_01,10,20,57,37.0,cell,327.485,-0.08901496448386498,327.485
cell11_01_22_01,10,20,57,37.0,up,146.525,-0.055006033385809665,0.4474250729041025
cell11_01_22_01,10,20,57,37.0,down,371.889,-0.09070881820924728,1.1355909430966304
cell11_01_22_01,10,20,58,38.0,cell,327.711,-0.08838628647410378,327.711
cell11_01_22_01,10,20,58,38.0,up,141.975,-0.08435066773554231,0.4332323297051365
cell11_01_22_01,10,20,58,38.0,down,373.129,-0.08767694293081596,1.1385916249378263
cell11_01_22_01,10,20,59,39.0,cell,326.881,-0.09069514819136847,326.881
cell11_01_22_01,10,20,59,39.0,up,129.589,-0.16423256686868243,0.3964409066296298
cell11_01_22_01,10,20,59,39.0,down,374.068,-0.08538103092561687,1.1443552852567143
cell11_01_22_01,10,20,60,40.0,cell,328.59,-0.08594111846268754,328.59
cell11_01_22_01,10,20,60,40.0,up,125.443,-0.19097165566296623,0.381761465656289
cell11_01_22_01,10,20,60,40.0,down,376.877,-0.07851285539568657,1.1469521287927205
cell11_01_22_01,10,20,61,41.0,cell,329.82,-0.08251955230336767,329.82
cell11_01_22_01,10,20,61,41.0,up,137.879,-0.11076728802048841,0.41804317506518707
cell11_01_22_01,10,20,61,41.0,down,375.905,-0.08088945440426346,1.1397277302771207
cell11_01_22_01,10,20,62,42.0,cell,330.167,-0.08155428119988482,330.167
cell11_01_22_01,10,20,62,42.0,up,137.011,-0.11636534134259122,0.4149748460627501
cell11_01_22_01,10,20,62,42.0,down,378.245,-0.07516801234657852,1.1456172179533388
cell11_01_22_01,10,20,63,43.0,cell,328.249,-0.08688969899953947,328.249
cell11_01_22_01,10,20,63,43.0,up,146.486,-0.05525755882309319,0.446264878186986
cell11_01_22_01,10,20,63,43.0,down,372.043,-0.09033227886015179,1.1334170096481633
cell11_01_22_01,10,20,64,44.0,cell,327.839,-0.08803022105264614,327.839
cell11_01_22_01,10,20,64,44.0,up,134.213,-0.13441067912513008,0.40938692467949206
cell11_01_22_01,10,20,64,44.0,down,374.918,-0.08330272932346634,1.1436040251464896
cell11_01_22_01,10,20,65,45.0,cell,328.159,-0.08714005749900199,328.159
cell11_01_22_01,10,20,65,45.0,up,128.16,-0.17344871686555452,0.390542389512401
cell11_01_22_01,10,20,65,45.0,down,375.514,-0.08184547314125258,1.1443050472484375
cell11_01_22_01,10,20,66,46.0,cell,328.883,-0.08512606245888206,328.883
cell11_01_22_01,10,20,66,46.0,up,139.45,-0.10063532745709725,0.4240109704667009
cell11_01_22_01,10,20,66,46.0,down,374.834,-0.08350811442297298,1.1397183800926165
cell11_01_22_01,10,20,67,47.0,cell,329.762,-0.08268089444746567,329.762
cell11_01_22_01,10,20,67,47.0,up,137.585,-0.1126634028553941,0.41722515025988444
cell11_01_22_01,10,20,67,47.0,down,376.211,-0.08014126582748918,1.140856132604727
cell11_01_22_01,10,20,68,48.0,cell,326.899,-0.0906450764914759,326.899
cell11_01_22_01,10,20,68,48.0,up,125.918,-0.18790820482425785,0.3851893092361861
cell11_01_22_01,10,20,68,48.0,down,374.129,-0.08523188222240363,1.144478875738378
cell11_01_22_01,10,20,69,49.0,cell,330.064,-0.08184080259371392,330.064
cell11_01_22_01,10,20,69,49.0,up,138.901,-0.10417603168962528,0.42083050559891416
cell11_01_22_01,10,20,69,49.0,down,376.684,-0.07898475211241011,1.1412453342382083
cell11_01_22_01,10,20,70,50.0,cell,325.814,-0.09366328729055064,325.814
cell11_01_22_01,10,20,70,50.0,up,142.22,-0.08277057203978745,0.43650671855721357
cell11_01_22_01,10,20,70,50.0,down,370.571,-0.09393140822293469,1.1373697876702658
cell11_01_22_01,10,20,71,51.0,cell,329.375,-0.08375743599515409,329.375
cell11_01_22_01,10,20,71,51.0,up,131.709,-0.15055990207276307,0.3998755218216319
cell11_01_22_01,10,20,71,51.0,down,375.506,-0.08186503362691998,1.1400561669829221
cell11_01_22_01,10,20,72,52.0,cell,328.559,-0.08602735305694667,328.559
cell11_01_22_01,10,20,72,52.0,up,134.408,-0.133153051938713,0.40908330010743876
cell11_01_22_01,10,20,72,52.0,down,373.133,-0.08766716268798241,1.1356651316810678
cell11_01_22_01,10,20,73,53.0,cell,327.371,-0.0893320852498508,327.371
cell11_01_22_01,10,20,73,53.0,up,136.195,-0.12162802741498283,0.41602646538636595
cell11_01_22_01,10,20,73,53.0,down,373.853,-0.08590671897792547,1.1419856981834067
cell11_01_22_01,10,20,74,54.0,cell,324.08,-0.09848686104686012,324.08
cell11_01_22_01,10,20,74,54.0,up,126.379,-0.18493504516816406,0.3899623549740805
cell11_01_22_01,10,20,74,54.0,down,370.683,-0.09365756142359259,1.1438009133547273
cell11_01_22_01,10,20,75,55.0,cell,324.637,-0.09693742011129818,324.637
cell11_01_22_01,10,20,75,55.0,up,117.014,-0.2453333969671192,0.3604456670065334
cell11_01_22_01,10,20,75,55.0,down,372.871,-0.08830776859358644,1.1485782581775952
cell11_01_22_01,10,20,76,56.0,cell,327.676,-0.08848364811278368,327.676
cell11_01_22_01,10,20,76,56.0,up,130.16,-0.1605499764920457,0.3972216457720431
cell11_01_22_01,10,20,76,56.0,down,374.793,-0.08360836191201788,1.143791428118019
cell11_01_22_01,10,20,77,57.0,cell,328.547,-0.08606073419020834,328.547
cell11_01_22_01,10,20,77,57.0,up,130.989,-0.15520344860722624,0.3986918157828256
cell11_01_22_01,10,20,77,57.0,down,374.549,-0.08420495672487056,1.1400164968786808
cell11_01_22_01,10,20,78,58.0,cell,327.404,-0.0892402871333812,327.404
cell11_01_22_01,10,20,78,58.0,up,134.55,-0.13223724137219373,0.41096015931387525
cell11_01_22_01,10,20,78,58.0,down,372.574,-0.08903395162398482,1.1379641055087903
cell11_01_22_01,10,20,79,59.0,cell,327.728,-0.08833899653531643,327.728
cell11_01_22_01,10,20,79,59.0,up,130.383,-0.15911176694039936,0.39783906166088956
cell11_01_22_01,10,20,79,59.0,down,372.723,-0.08866963757843138,1.137293731387004
cell11_01_22_01,10,20,80,60.0,cell,326.436,-0.09193303188315488,326.436
cell11_01_22_01,10,20,80,60.0,up,125.493,-0.19064918715362852,0.3844337021652024
cell11_01_22_01,10,20,80,60.0,down,373.931,-0.08571600424266937,1.1454955948486074
cell11_01_22_01,10,20,81,61.0,cell,329.406,-0.08367120140089479,329.406
cell11_01_22_01,10,20,81,61.0,up,139.291,-0.10166077731679114,0.4228550785353029
cell11_01_22_01,10,20,81,61.0,down,374.778,-0.08364503782264403,1.1377388390011112
cell11_01_22_01,10,20,82,62.0,cell,327.551,-0.08883136825092593,327.551
cell11_01_22_01,10,20,82,62.0,up,132.408,-0.14605179231222182,0.40423628686830443
cell11_01_22_01,10,20,82,62.0,down,374.564,-0.08416828081424427,1.143528793989333
cell11_01_22_01,10,20,83,63.0,cell,323.688,-0.09957731140007423,323.688
cell11_01_22_01,10,20,83,63.0,up,128.294,-0.17258450126052932,0.39635080694990243
cell11_01_22_01,10,20,83,63.0,down,368.6,-0.09875062287921539,1.1387508959244705
cell11_01_22_01,10,20,84,64.0,cell,326.221,-0.0925311105207595,326.221
cell11_01_22_01,10,20,84,64.0,up,139.06,-0.10315058182993138,0.4262754390428575
cell11_01_22_01,10,20,84,64.0,down,371.13,-0.09256461928693227,1.137664344110281
cell11_01_22_01,10,20,85,65.0,cell,325.942,-0.093307221869093,325.942
cell11_01_22_01,10,20,85,65.0,up,123.504,-0.203476984455083,0.378914039921213
cell11_01_22_01,10,20,85,65.0,down,373.614,-0.08649108848723609,1.1462591504009916
cell11_01_22_01,10,20,86,66.0,cell,327.544,-0.08885084057866191,327.544
cell11_01_22_01,10,20,86,66.0,up,136.085,-0.12233745813552571,0.41547089856629954
cell11_01_22_01,10,20,86,66.0,down,372.877,-0.0882930982293359,1.138402779473903
cell11_01_22_01,10,20,87,67.0,cell,326.829,-0.09083979976883555,326.829
cell11_01_22_01,10,20,87,67.0,up,129.599,-0.16416807316681495,0.39653457924480384
cell11_01_22_01,10,20,87,67.0,down,373.535,-0.08668424828320055,1.1429065352217826
cell11_01_22_01,10,20,88,68.0,cell,325.672,-0.09405829736748023,325.672
cell11_01_22_01,10,20,88,68.0,up,141.117,-0.08988422735577763,0.43331020167530515
cell11_01_22_01,10,20,88,68.0,down,369.365,-0.09688015143728,1.1341625930383945
cell11_01_22_01,10,20,89,69.0,cell,327.555,-0.08882024120650533,327.555
cell11_01_22_01,10,20,89,69.0,up,126.174,-0.1862571660564487,0.38519943215643176
cell11_01_22_01,10,20,89,69.0,down,374.757,-0.08369638409752073,1.144104043595732
cell11_01_22_01,10,20,90,70.0,cell,325.929,-0.0933433847634599,325.929
cell11_01_22_01,10,20,90,70.0,up,137.943,-0.110354528328536,0.42323021271503924
cell11_01_22_01,10,20,90,70.0,down,371.537,-0.09156947957860849,1.1399323165474688
cell11_01_22_01,10,20,91,71.0,cell,324.967,-0.09601943894660267,324.967
cell11_01_22_01,10,20,91,71.0,up,128.429,-0.17171383628531753,0.39520628248406764
cell11_01_22_01,10,20,91,71.0,down,371.699,-0.09117337974384561,1.1438053710069023
cell11_01_22_01,10,20,92,72.0,cell,326.525,-0.0916854551447976,326.525
cell11_01_22_01,10,20,92,72.0,up,127.035,-0.18070425832565323,0.38905137432049613
cell11_01_22_01,10,20,92,72.0,down,373.133,-0.08766716268798241,1.1427394533343542
cell11_01_22_01,10,20,93,73.0,cell,329.366,-0.08378247184510038,329.366
cell11_01_22_01,10,20,93,73.0,up,136.592,-0.11906762745084119,0.41471190104625255
cell11_01_22_01,10,20,93,73.0,down,375.981,-0.08070362979042406,1.1415294839175871
cell11_01_22_01,10,20,94,74.0,cell,328.342,-0.08663099521676175,328.342
cell11_01_22_01,10,20,94,74.0,up,144.383,-0.06882058432583758,0.43973357048443396
cell11_01_22_01,10,20,94,74.0,down,373.225,-0.08744221710280838,1.1366958841695551
cell11_01_22_01,10,20,95,75.0,cell,328.853,-0.08520951529203613,328.853
cell11_01_22_01,10,20,95,75.0,up,136.181,-0.12171831859759727,0.4141090396012808
cell11_01_22_01,10,20,95,75.0,down,374.959,-0.08320248183442144,1.1402024612820927
cell11_01_22_01,10,20,96,76.0,cell,327.806,-0.08812201916911575,327.806
cell11_01_22_01,10,20,96,76.0,up,136.947,-0.11677810103454345,0.4177684362092213
cell11_01_22_01,10,20,96,76.0,down,374.055,-0.08541281671482617,1.1410864962813372
cell11_01_22_01,10,20,97,77.0,cell,327.949,-0.08772422733108091,327.949
cell11_01_22_01,10,20,97,77.0,up,119.106,-0.23184131453642898,0.3631845195441974
cell11_01_22_01,10,20,97,77.0,down,376.598,-0.07919502733333361,1.1483431875078136
cell11_01_22_01,10,20,98,78.0,cell,324.672,-0.09684005847261828,324.672
cell11_01_22_01,10,20,98,78.0,up,131.309,-0.15313965014746486,0.4044358614232209
cell11_01_22_01,10,20,98,78.0,down,371.266,-0.09223209103058813,1.143510989552533
cell11_01_22_01,10,20,99,79.0,cell,324.191,-0.09817808556418983,324.191
cell11_01_22_01,10,20,99,79.0,up,128.227,-0.17301660906304192,0.39552917878657956
cell11_01_22_01,10,20,99,79.0,down,369.085,-0.09756476843563552,1.1384800935251134
cell11_01_22_01,10,20,100,80.0,cell,326.362,-0.09213888220493498,326.362
cell11_01_22_01,10,20,100,80.0,up,138.184,-0.10880023011352827,0.4234071368602962
cell11_01_22_01,10,20,100,80.0,down,372.438,-0.08936647988032896,1.1411806521592587
cell11_01_22_01,10,20,101,81.0,cell,323.223,-0.10087083031396335,323.223
cell11_01_22_01,10,20,101,81.0,up,126.23,-0.1858960013259905,0.39053532700333826
cell11_01_22_01,10,20,101,81.0,down,370.527,-0.09403899089410493,1.1463509713108286
cell11_01_22_01,10,20,102,82.0,cell,324.926,-0.09613349115191332,324.926
cell11_01_22_01,10,20,102,82.0,up,130.45,-0.15867965913788695,0.40147602838800217
cell11_01_22_01,10,20,102,82.0,down,371.784,-0.09096554958363062,1.1442112973415486
cell11_01_22_01,10,20,103,83.0,cell,326.547,-0.09162425640048444,326.547
cell11_01_22_01,10,20,103,83.0,up,140.28,-0.095282350202091,0.4295859401556284
cell11_01_22_01,10,20,103,83.0,down,372.072,-0.09026137209960784,1.1394133156942186
cell11_01_22_01,10,20,104,84.0,cell,325.438,-0.09470922946608264,325.438
cell11_01_22_01,10,20,104,84.0,up,119.681,-0.22813292667904517,0.367753612055138
cell11_01_22_01,10,20,104,84.0,down,373.782,-0.08608031828822281,1.148550568771932
cell11_01_22_01,10,20,105,85.0,cell,323.083,-0.10126027686868264,323.083
cell11_01_22_01,10,20,105,85.0,up,133.968,-0.13599077482088492,0.41465505767867694
cell11_01_22_01,10,20,105,85.0,down,369.136,-0.09744007033950638,1.1425423188468598
cell11_01_22_01,10,20,106,86.0,cell,328.956,-0.08492299389820689,328.956
cell11_01_22_01,10,20,106,86.0,up,127.667,-0.17662825636762441,0.3880974963216965
cell11_01_22_01,10,20,106,86.0,down,377.085,-0.07800428276833689,1.1463083208696603
cell11_01_22_01,10,20,107,87.0,cell,327.703,-0.08840854056294499,327.703
cell11_01_22_01,10,20,107,87.0,up,121.894,-0.2138604704557576,0.37196485842363364
cell11_01_22_01,10,20,107,87.0,down,375.959,-0.08075742112600912,1.1472552890879852
cell11_01_22_01,10,20,108,88.0,cell,328.15,-0.08716509334894827,328.15
cell11_01_22_01,10,20,108,88.0,up,131.897,-0.14934742047765331,0.4019411854334908
cell11_01_22_01,10,20,108,88.0,down,376.018,-0.08061316254421286,1.1458723144903245
cell11_01_22_01,10,20,109,89.0,cell,325.201,-0.09536850684800026,325.201
cell11_01_22_01,10,20,109,89.0,up,125.22,-0.19240986521461248,0.385054166500103
cell11_01_22_01,10,20,109,89.0,down,371.954,-0.09054988926320048,1.1437664705828088
cell11_01_22_01,10,20,110,90.0,cell,324.777,-0.09654797355657889,324.777
cell11_01_22_01,10,20,110,90.0,up,129.167,-0.1669542010874928,0.3977098131948999
cell11_01_22_01,10,20,110,90.0,down,371.184,-0.09243258600867793,1.14288881293934
cell11_01_22_01,10,20,111,91.0,cell,326.679,-0.09125706393460635,326.679
cell11_01_22_01,10,20,111,91.0,up,129.507,-0.16476141522399626,0.3964350325548934
cell11_01_22_01,10,20,111,91.0,down,373.383,-0.08705589751087933,1.1429660308743446
cell11_01_22_01,10,20,112,92.0,cell,329.017,-0.08475330647079353,329.017
cell11_01_22_01,10,20,112,92.0,up,130.475,-0.15851842488321805,0.3965600561673105
cell11_01_22_01,10,20,112,92.0,down,376.939,-0.07836126163176499,1.1456520483744002
cell11_01_22_01,10,20,113,93.0,cell,324.952,-0.0960611653631797,324.952
cell11_01_22_01,10,20,113,93.0,up,134.277,-0.13399791943317782,0.4132210295674438
cell11_01_22_01,10,20,113,93.0,down,370.482,-0.09414901862598338,1.1401130013048082
cell11_01_22_01,10,20,114,94.0,cell,326.121,-0.09280928663127337,326.121
cell11_01_22_01,10,20,114,94.0,up,119.05,-0.2322024792668872,0.3650485555974623
cell11_01_22_01,10,20,114,94.0,down,374.36,-0.0846670731987604,1.1479174907472993
cell11_01_22_01,10,20,115,95.0,cell,324.075,-0.0985007698523858,324.075
cell11_01_22_01,10,20,115,95.0,up,137.383,-0.11396617563311848,0.4239234745043586
cell11_01_22_01,10,20,115,95.0,down,369.879,-0.09562339023315604,1.1413376533209907
cell11_01_22_01,10,20,116,96.0,cell,324.588,-0.09707372640544988,324.588
cell11_01_22_01,10,20,116,96.0,up,122.77,-0.2082108221721608,0.37823332963633893
cell11_01_22_01,10,20,116,96.0,down,372.862,-0.08832977413996204,1.1487239207857345
cell11_01_22_01,10,20,117,97.0,cell,322.47,-0.10296549642613227,322.47
cell11_01_22_01,10,20,117,97.0,up,120.557,-0.22248327839544826,0.3738549322417589
cell11_01_22_01,10,20,117,97.0,down,369.716,-0.09602193512862728,1.1465128539088907
cell11_01_22_01,10,20,118,98.0,cell,325.249,-0.09523498231495363,325.249
cell11_01_22_01,10,20,118,98.0,up,125.113,-0.1930999478245952,0.38466836177820685
cell11_01_22_01,10,20,118,98.0,down,372.413,-0.08942760639803922,1.1450089008728697
cell11_01_22_01,10,20,119,99.0,cell,323.737,-0.09944100510592237,323.737
cell11_01_22_01,10,20,119,99.0,up,126.316,-0.1853413554899296,0.3901809184615907
cell11_01_22_01,10,20,119,99.0,down,369.368,-0.0968728162551548,1.140950833546984
cell11_01_22_01,10,20,120,100.0,cell,324.377,-0.09766067799863405,324.377
cell11_01_22_01,10,20,120,100.0,up,134.521,-0.13242427310760976,0.41470572821130963
cell11_01_22_01,10,20,120,100.0,down,370.641,-0.09376025397334584,1.1426241687912522
