TimRef,Ref,TimPeak,Peak,TimEnd,End,IEI,Amp,Area,Sample,Group
0.0416,-31.15,0.0434,-46.75,0.0488,-31.06,0.7676,15.6,49,110213_s23,-70ctrl
0.809,-35.4,0.811,-69.5,0.8176,-34.5,0,34.1,122.28,110213_s23,-70ctrl
1.0178,-34.27,0.811,-69.5,1.0224,-30.13,0.5148,35.23,3.96,110213_s23,-70ctrl
1.3242,-34.75,1.3258,-51.31,1.333,-34.5,0.2834,16.56,46.29,110213_s23,-70ctrl
1.6068,-38.73,1.6092,-54.13,1.6204,-34.63,0.1484,15.4,35.7,110213_s23,-70ctrl
1.7524,-37.38,1.7576,-43.44,1.7664,-33.19,1.0402,6.06,0,110213_s23,-70ctrl
2.7956,-35.65,2.7978,-69.88,2.804,-36.56,1.2718,34.23,116.32,110213_s23,-70ctrl
4.0674,-34.25,4.0696,-48.31,4.0792,-32.75,0,14.06,45.53,110213_s23,-70ctrl
4.2856,-31.96,4.0696,-48.31,4.3014,-32.19,0.2946,16.35,81.3,110213_s23,-70ctrl
4.3614,-36.08,4.3642,-56.37,4.3686,-34.63,0.5702,20.29,52.81,110213_s23,-70ctrl
4.932,-34.79,4.9344,-49.56,4.94,-32.38,0.4002,14.77,30.61,110213_s23,-70ctrl
5.3326,-34.25,5.3346,-51,5.3408,-33.75,0.717,16.75,38.99,110213_s23,-70ctrl
6.05,-35.46,6.0516,-43.69,6.0602,-32.88,0.6246,8.23,21.11,110213_s23,-70ctrl
6.6734,-34.42,6.6762,-49.06,6.6804,-32.06,0.0844,14.65,40.91,110213_s23,-70ctrl
6.7596,-37.31,6.7606,-67.69,6.7662,-34.31,0.0536,30.38,65.19,110213_s23,-70ctrl
6.811,-33.29,6.8142,-65.81,6.8208,-37.06,0.2164,32.52,163.51,110213_s23,-70ctrl
7.0274,-32.46,7.0306,-44.25,7.0424,-31.94,1.631,11.79,53.57,110213_s23,-70ctrl
8.6596,-37.83,8.6616,-58.06,8.67,-37.31,0.0902,20.23,73.65,110213_s23,-70ctrl
8.7498,-36.69,8.7518,-49.13,8.754,-35.25,0.6378,12.44,15.16,110213_s23,-70ctrl
9.3856,-35.21,9.3896,-44.13,9.3958,-35.44,0,8.92,41.06,110213_s23,-70ctrl
9.5618,-35.54,9.3896,-44.13,9.5678,-31.56,1.511,8.58,12.58,110213_s23,-70ctrl
10.8988,-35.52,10.9006,-69.75,10.9074,-35.5,0.3596,34.23,111.69,110213_s23,-70ctrl
11.2564,-36.85,11.2602,-47.75,11.2644,-34.44,1.5132,10.9,32.22,110213_s23,-70ctrl
12.7716,-34.79,12.7734,-54.38,12.7822,-33.13,0.3308,19.58,60.68,110213_s23,-70ctrl
13.1004,-37.58,13.1042,-48.06,13.116,-33,0.05,10.48,17.18,110213_s23,-70ctrl
13.151,-34.75,13.1542,-52.19,13.1656,-37,1.6064,17.44,148.34,110213_s23,-70ctrl
14.7576,-34.48,14.7606,-76.5,14.768,-35.75,0,42.02,178.97,110213_s23,-70ctrl
15.447,-32.21,14.7606,-76.5,15.4598,-31.75,0.7254,44.29,55.7,110213_s23,-70ctrl
15.484,-32.42,15.486,-58.19,15.493,-33.81,0.278,25.77,100.82,110213_s23,-70ctrl
15.7584,-32.73,15.764,-46.25,15.7668,-31.63,0.5342,13.52,27.25,110213_s23,-70ctrl
16.2962,-34.71,16.2982,-41,16.304,-32.31,0.6568,6.29,12.98,110213_s23,-70ctrl
16.9522,-32.96,16.955,-72.56,16.9628,-36.25,0.6834,39.6,188.43,110213_s23,-70ctrl
17.6332,-38.65,17.6384,-45.94,17.6414,-34.19,0.1528,7.29,0.61,110213_s23,-70ctrl
17.7886,-34.67,17.7912,-51.44,17.799,-33.5,2.4946,16.77,63.96,110213_s23,-70ctrl
20.2834,-33.19,20.2858,-53.19,20.2928,-30.19,0.9762,20,65.81,110213_s23,-70ctrl
21.2602,-36.73,21.262,-52.5,21.268,-33.06,0.3566,15.77,46.98,110213_s23,-70ctrl
21.6172,-37.23,21.6186,-47.19,21.6266,-32.06,0.0522,9.96,10.52,110213_s23,-70ctrl
21.6682,-32.75,21.6708,-77.69,21.6776,-35.06,0.7618,44.94,180.44,110213_s23,-70ctrl
22.4298,-33.9,22.4326,-43.56,22.4392,-32,1.1094,9.67,28.36,110213_s23,-70ctrl
23.5398,-33.65,23.542,-70.38,23.5474,-34.94,1.3642,36.73,118.9,110213_s23,-70ctrl
24.9052,-32.33,24.9062,-48.94,24.9112,-30,0.1946,16.6,31.7,110213_s23,-70ctrl
25.098,-34.04,25.1008,-41.44,25.1058,-30.94,0.4174,7.4,7.68,110213_s23,-70ctrl
25.5152,-30.42,25.5182,-50.5,25.5276,-33.44,0.0306,20.08,135.35,110213_s23,-70ctrl
25.5468,-31.88,25.5488,-88.5,25.5578,-36.94,0.4186,56.63,235.57,110213_s23,-70ctrl
25.9648,-33.04,25.9674,-78.19,25.976,-32.94,0.3424,45.15,167.26,110213_s23,-70ctrl
26.3084,-34.44,26.3098,-46.56,26.3128,-29.69,0.6872,12.13,16.6,110213_s23,-70ctrl
26.9954,-33.98,26.997,-50.44,27.0078,-33.38,0.5654,16.46,58.19,110213_s23,-70ctrl
27.5596,-35.6,27.5624,-59.12,27.5692,-32.69,0,23.52,54.54,110213_s23,-70ctrl
27.7224,-33.29,27.5624,-59.12,27.7328,-31.5,0.9192,25.83,35.68,110213_s23,-70ctrl
28.4796,-36.88,28.4816,-65.19,28.4884,-33.31,0.2028,28.31,99.01,110213_s23,-70ctrl
28.6824,-30.38,28.6844,-57.31,28.6938,-33.31,0.23,26.94,149.63,110213_s23,-70ctrl
28.9126,-34.44,28.9144,-42,28.9188,-33.19,0.0946,7.56,22.91,110213_s23,-70ctrl
29.0072,-33.25,29.009,-73.81,29.0154,-36.5,0.153,40.56,156.26,110213_s23,-70ctrl
29.1586,-40.31,29.162,-47.06,29.1692,-36.25,0.1048,6.75,18.39,110213_s23,-70ctrl
29.2616,-42.96,29.2668,-46.81,29.2688,-37.81,0.1432,3.85,0,110213_s23,-70ctrl
29.4052,-33.63,29.41,-46,29.4118,-32.75,0.072,12.38,21.38,110213_s23,-70ctrl
29.4776,-34.77,29.482,-42.94,29.493,-32.69,0.2118,8.17,40.42,110213_s23,-70ctrl
29.6884,-34.33,29.6938,-41.81,29.7026,-31.87,0.1116,7.48,28.69,110213_s23,-70ctrl
29.8,-38.42,29.8054,-49.94,29.813,-37.38,0.344,11.52,91.58,110213_s23,-70ctrl
30.1474,-35.33,30.1494,-70.63,30.1546,-34.75,0.8256,35.29,106.35,110213_s23,-70ctrl
30.9734,-34.04,30.975,-54.31,30.9808,-32.5,1.0926,20.27,48.93,110213_s23,-70ctrl
32.0662,-28.83,32.0676,-53.56,32.0748,-27.69,0.1708,24.73,54.19,110213_s23,-70ctrl
32.2368,-29.52,32.2384,-40.63,32.2444,-26.88,0.0868,11.1,22.9,110213_s23,-70ctrl
32.32,-30.9,32.3252,-36.63,32.3314,-27,0.1156,5.73,14.75,110213_s23,-70ctrl
32.4388,-27.52,32.4408,-51.56,32.4466,-28,1.2398,24.04,85.02,110213_s23,-70ctrl
33.6756,-29.44,33.6806,-36.06,33.6868,-25.25,0.5212,6.63,18.76,110213_s23,-70ctrl
34.2,-28.71,34.2018,-54.19,34.2086,-27.31,1.6084,25.48,76.7,110213_s23,-70ctrl
35.806,-33.63,35.8102,-66.31,35.8156,-34.19,0.2006,32.69,128.77,110213_s23,-70ctrl
36.0052,-36.73,36.0108,-43.06,36.0156,-32.5,0.0262,6.33,0,110213_s23,-70ctrl
36.0338,-34.13,36.037,-62.87,36.0454,-33.44,0.285,28.75,101.79,110213_s23,-70ctrl
36.3166,-26.6,36.322,-38.63,36.3308,-26.19,0.7068,12.02,62.49,110213_s23,-70ctrl
37.0264,-34.77,37.0288,-75.94,37.0354,-34.06,0,41.17,160.13,110213_s23,-70ctrl
37.1162,-28.33,37.0288,-75.94,37.1252,-28.88,0.1478,47.6,41.11,110213_s23,-70ctrl
37.1734,-30.96,37.1766,-38.81,37.1812,-28.06,0,7.85,22.03,110213_s23,-70ctrl
37.2826,-36.35,37.1766,-38.81,37.2978,-33.31,0.1898,2.46,23.38,110213_s23,-70ctrl
37.3612,-33.35,37.3664,-42,37.3794,-31.44,0.2748,8.65,53.67,110213_s23,-70ctrl
37.6368,-32.19,37.6412,-43.69,37.646,-31.06,0.0522,11.5,37.15,110213_s23,-70ctrl
37.6912,-31.88,37.6934,-66.88,37.7018,-33.69,0.5442,35,142.64,110213_s23,-70ctrl
38.2324,-32.19,38.2376,-45.44,38.2432,-29.44,0.0644,13.25,37.25,110213_s23,-70ctrl
38.2966,-36.42,38.302,-42.63,38.3118,-32.56,0.0932,6.21,28.45,110213_s23,-70ctrl
38.39,-31.69,38.3952,-39.94,38.401,-30.75,0,8.25,56,110213_s23,-70ctrl
38.648,-31.35,38.3952,-39.94,38.6572,-31.56,0.3142,8.58,51.33,110213_s23,-70ctrl
38.7062,-32.33,38.7094,-47.81,38.7156,-30.25,0.0766,15.48,52.55,110213_s23,-70ctrl
38.7806,-32.25,38.786,-39.19,38.791,-29.31,0,6.94,19.11,110213_s23,-70ctrl
39.4552,-32.71,38.786,-39.19,39.4672,-28,0.7604,6.48,11.13,110213_s23,-70ctrl
39.5444,-33.9,39.5464,-47.75,39.5566,-32.25,0.545,13.85,57.05,110213_s23,-70ctrl
40.0862,-32.19,40.0914,-39.75,40.094,-30.13,0.8802,7.56,13.13,110213_s23,-70ctrl
40.9692,-30.21,40.9716,-57.69,40.9844,-30.44,0,27.48,95.32,110213_s23,-70ctrl
41.2228,-30.75,40.9716,-57.69,41.2338,-30.88,0.2892,26.94,56.04,110213_s23,-70ctrl
41.2562,-33.98,41.2608,-46.88,41.2638,-34.06,0.0496,12.9,35.75,110213_s23,-70ctrl
41.3044,-44.63,41.3104,-53.56,41.3132,-37.13,0.0508,8.94,7.79,110213_s23,-70ctrl
41.3558,-50.5,41.3612,-55.06,41.3696,-41.81,0,4.56,0,110213_s23,-70ctrl
41.3944,-45.92,41.3612,-55.06,41.4046,-40.37,0.0622,9.15,0,110213_s23,-70ctrl
41.4182,-37.73,41.4234,-48.69,41.4332,-39,0.1144,10.96,111.87,110213_s23,-70ctrl
41.5352,-33.1,41.5378,-45.19,41.5424,-35.94,0,12.08,55.48,110213_s23,-70ctrl
41.5678,-38.42,41.5378,-45.19,41.5786,-31.81,0.4876,6.77,25.33,110213_s23,-70ctrl
42.0232,-29.9,42.0254,-55,42.0336,-29.69,0.0672,25.1,101.97,110213_s23,-70ctrl
42.0902,-30.69,42.0926,-44.75,42.099,-28.06,0.3092,14.06,45.03,110213_s23,-70ctrl
42.396,-48.52,42.4018,-55,42.4148,-49.81,0.0302,6.48,66.57,110213_s23,-70ctrl
42.4266,-55.69,42.432,-61.5,42.4406,-47.75,0,5.81,0,110213_s23,-70ctrl
42.4694,-48.06,42.432,-61.5,42.4772,-40.5,0.2112,13.44,0,110213_s23,-70ctrl
42.6374,-43.21,42.6432,-47.5,42.647,-36.5,0.2204,4.29,0,110213_s23,-70ctrl
42.8582,-41.21,42.8636,-49.56,42.8724,-37.87,0.5728,8.35,28.91,110213_s23,-70ctrl
43.4332,-32.73,43.4364,-53.31,43.4432,-34.94,0.3074,20.58,108.93,110213_s23,-70ctrl
43.7418,-35.25,43.7438,-45.19,43.7484,-33,0.126,9.94,20,110213_s23,-70ctrl
43.864,-36.69,43.8698,-50.94,43.877,-33.44,0.2526,14.25,45.82,110213_s23,-70ctrl
44.1208,-36.75,44.1224,-47.56,44.132,-34.44,0.1098,10.81,21.64,110213_s23,-70ctrl
44.2294,-36.58,44.2322,-51.56,44.2372,-32.88,0.0872,14.98,20.73,110213_s23,-70ctrl
44.3136,-40.15,44.3194,-54.38,44.3232,-40.31,0,14.23,56.87,110213_s23,-70ctrl
44.6898,-44.83,44.3194,-54.38,44.7052,-39.25,0.4036,9.54,0,110213_s23,-70ctrl
44.7192,-37.98,44.723,-47.81,44.7298,-37.31,0.1006,9.83,30.65,110213_s23,-70ctrl
44.8188,-34.56,44.8236,-44.5,44.8268,-33.75,0.0296,9.94,38.59,110213_s23,-70ctrl
44.8512,-39.48,44.8532,-58.81,44.859,-35.63,0,19.33,41.75,110213_s23,-70ctrl
44.8718,-37.44,44.8532,-58.81,44.8822,-34.56,0.4706,21.37,36.2,110213_s23,-70ctrl
45.321,-35.88,45.3238,-41.88,45.334,-32.19,0.627,6,48.16,110213_s23,-70ctrl
45.9482,-33.88,45.9508,-70.38,45.9572,-34.5,0.1328,36.5,157.09,110213_s23,-70ctrl
46.0796,-39.02,46.0836,-44.25,46.0884,-34.38,0.1938,5.23,12.5,110213_s23,-70ctrl
46.2722,-36.81,46.2774,-42.63,46.279,-33,0.2754,5.81,5.44,110213_s23,-70ctrl
46.5476,-35.19,46.5528,-40.37,46.556,-30.81,0.5148,5.19,0,110213_s23,-70ctrl
47.0624,-42.85,47.0676,-49.56,47.072,-34.44,0.1018,6.71,2.1,110213_s23,-70ctrl
47.1646,-37.42,47.1694,-44.88,47.1748,-34.63,0.449,7.46,37.45,110213_s23,-70ctrl
47.613,-32.08,47.6184,-43.31,47.6202,-32.88,0.0356,11.23,44.46,110213_s23,-70ctrl
47.6486,-47.94,47.654,-52.31,47.6594,-42.56,0,4.38,8.86,110213_s23,-70ctrl
47.6936,-45.96,47.654,-52.31,47.7052,-40.69,0.0692,6.35,1.5,110213_s23,-70ctrl
47.7182,-42.54,47.7232,-48.19,47.7276,-37.06,0.132,5.65,14.61,110213_s23,-70ctrl
47.8496,-37.38,47.8552,-48.44,47.8606,-36.63,0,11.06,47.42,110213_s23,-70ctrl
47.9116,-35.58,47.8552,-48.44,47.9188,-33.81,0.2674,12.85,20.8,110213_s23,-70ctrl
48.1186,-32.73,48.1226,-39.31,48.1254,-30.38,0.2326,6.58,15.47,110213_s23,-70ctrl
48.35,-34.06,48.3552,-44.13,48.3578,-32.19,0.1292,10.06,41.36,110213_s23,-70ctrl
48.4802,-34.15,48.4844,-42.56,48.4938,-31.31,0.2116,8.42,40.79,110213_s23,-70ctrl
48.6946,-35.71,48.696,-77.06,48.7048,-35.94,1.7378,41.35,128.86,110213_s23,-70ctrl
50.4302,-31.19,50.4338,-48.88,50.438,-29.69,1.2702,17.69,41.3,110213_s23,-70ctrl
51.701,-30.04,51.704,-64.19,51.7114,-32.75,0,34.15,156.33,110213_s23,-70ctrl
52.7148,-30.98,51.704,-64.19,52.7246,-30.38,1.1422,33.21,40.58,110213_s23,-70ctrl
52.8434,-31.42,52.8462,-53.13,52.855,-30.31,1.1896,21.71,93.72,110213_s23,-70ctrl
54.0334,-29.29,54.0358,-60.5,54.0418,-31.19,0.7026,31.21,113.74,110213_s23,-70ctrl
54.7368,-29.98,54.7384,-50.69,54.744,-31.69,0.2252,20.71,79.15,110213_s23,-70ctrl
54.9614,-31.54,54.9636,-59.25,54.9736,-33.38,0.646,27.71,144.07,110213_s23,-70ctrl
55.6068,-30.83,55.6096,-42.25,55.6164,-28.19,0.7836,11.42,34.48,110213_s23,-70ctrl
56.3912,-26.73,56.3932,-68.06,56.4008,-31.31,0.836,41.33,183.44,110213_s23,-70ctrl
57.2248,-32.67,57.2292,-40.88,57.2354,-29.69,0,8.21,34.69,110213_s23,-70ctrl
57.6726,-32.58,57.2292,-40.88,57.6778,-31.12,1.2668,8.29,16.1,110213_s23,-70ctrl
58.4944,-32.65,58.496,-73.56,58.504,-35.13,0.6486,40.92,186.9,110213_s23,-70ctrl
59.1432,-37.73,59.1446,-57.88,59.1508,-36.38,0.0548,20.15,61.01,110213_s23,-70ctrl
59.194,-38.19,59.1994,-44.13,59.2042,-34.75,0.145,5.94,14.21,110213_s23,-70ctrl
59.342,-35.81,59.3444,-67.56,59.3528,-34.06,0,31.75,140.63,110213_s23,-70ctrl
59.6048,-41.77,59.3444,-67.56,59.6206,-38.44,0.4462,25.79,37.07,110213_s23,-70ctrl
59.7846,-51.71,59.7906,-55.63,59.7974,-44.69,0.1038,3.92,8.85,110213_s23,-70ctrl
59.889,-50.58,59.8944,-58.25,59.9074,-43,0.4558,7.67,72.35,110213_s23,-70ctrl
60.3466,-40.6,60.3502,-48.06,60.3566,-36,0.2194,7.46,28.15,110213_s23,-70ctrl
60.5642,-37,60.5696,-44.38,60.5782,-34.25,0.12,7.38,38.67,110213_s23,-70ctrl
60.6844,-46.9,60.6896,-48.94,60.6952,-39.94,0,2.04,0,110213_s23,-70ctrl
60.8404,-39,60.6896,-48.94,60.8476,-38.06,0,9.94,29.36,110213_s23,-70ctrl
60.865,-42.1,60.6896,-48.94,60.8734,-39.44,0,6.83,25.34,110213_s23,-70ctrl
61.0618,-40.17,60.6896,-48.94,61.0692,-37.13,0.6472,8.77,19,110213_s23,-70ctrl
61.3352,-37.42,61.3368,-63.69,61.3492,-39.19,0.734,26.27,130.95,110213_s23,-70ctrl
62.0654,-36.35,62.0708,-40,62.0796,-30.62,0.2914,3.65,0,110213_s23,-70ctrl
62.3568,-40.19,62.3622,-44.56,62.3644,-34.63,0.1056,4.38,3.66,110213_s23,-70ctrl
62.464,-34.77,62.4678,-62.25,62.4816,-39.31,0.0528,27.48,232.99,110213_s23,-70ctrl
62.5194,-37.4,62.5206,-84.81,62.527,-36.19,0.0684,47.42,137.34,110213_s23,-70ctrl
62.5864,-31.85,62.589,-44.25,62.5926,-30.06,0.0634,12.4,24.83,110213_s23,-70ctrl
62.6472,-34.19,62.6524,-40.75,62.6586,-30.94,0.1578,6.56,23.69,110213_s23,-70ctrl
62.8066,-32.13,62.8102,-43.81,62.831,-34.56,0.1398,11.69,172.56,110213_s23,-70ctrl
62.945,-39.1,62.95,-47.44,62.957,-38.06,0.0836,8.33,37.93,110213_s23,-70ctrl
63.0276,-45.83,63.0336,-61.25,63.038,-43.94,0.0512,15.42,43.47,110213_s23,-70ctrl
63.0814,-37.9,63.0848,-47.25,63.0934,-36.94,0.1062,9.35,46.76,110213_s23,-70ctrl
63.1882,-41.71,63.191,-72.38,63.1982,-40.31,0.2502,30.67,114.89,110213_s23,-70ctrl
63.439,-38.6,63.4412,-52.69,63.4464,-35.06,0.5124,14.08,26.46,110213_s23,-70ctrl
63.9486,-33.48,63.9536,-43.94,63.9604,-33.5,0.785,10.46,45.22,110213_s23,-70ctrl
64.7354,-36.08,64.7386,-46.31,64.742,-34.56,0.1564,10.23,34.31,110213_s23,-70ctrl
64.891,-35.13,64.895,-47.31,64.8986,-32.38,0.9412,12.19,17.9,110213_s23,-70ctrl
65.8306,-40.23,65.8362,-55.56,65.8426,-37,0.1074,15.33,55.15,110213_s23,-70ctrl
65.9398,-40.98,65.9436,-65.44,65.949,-37.87,0.1194,24.46,104.71,110213_s23,-70ctrl
66.0598,-37.81,66.063,-46.81,66.0664,-37.38,0.0242,9,27.56,110213_s23,-70ctrl
66.0842,-40.02,66.0872,-50.5,66.095,-36.69,0.1244,10.48,43.53,110213_s23,-70ctrl
66.2064,-39.65,66.2116,-47.56,66.2184,-35.88,0.252,7.92,40.22,110213_s23,-70ctrl
66.4614,-34.52,66.4636,-61,66.4708,-37.69,0.2276,26.48,111.54,110213_s23,-70ctrl
66.6856,-39.73,66.6912,-55.5,66.6964,-35.81,0.4614,15.77,27.98,110213_s23,-70ctrl
67.1472,-41.6,67.1526,-47.38,67.158,-35.25,0.8262,5.77,0,110213_s23,-70ctrl
67.9762,-48.71,67.9788,-59.63,67.9882,-47.12,0.1738,10.92,40.73,110213_s23,-70ctrl
68.1474,-47.33,68.1526,-59.75,68.1574,-45.5,0.098,12.42,53.56,110213_s23,-70ctrl
68.2464,-51.02,68.2506,-60.88,68.2558,-48.31,0.015,9.85,32.45,110213_s23,-70ctrl
68.2632,-47.33,68.2656,-63.63,68.2704,-46.25,0,16.29,51.88,110213_s23,-70ctrl
68.4804,-42.56,68.2656,-63.63,68.4894,-42.13,0.3028,21.06,45.86,110213_s23,-70ctrl
68.5666,-49.69,68.5684,-74.56,68.5756,-50.88,0.092,24.88,105.55,110213_s23,-70ctrl
68.657,-55.19,68.6604,-69.38,68.6706,-55.81,0.0788,14.19,100.44,110213_s23,-70ctrl
68.7378,-48.29,68.7392,-63.56,68.7428,-49.31,1.7044,15.27,31,110213_s23,-70ctrl
70.4412,-39.73,70.4436,-52.5,70.452,-41.25,1.5154,12.77,81.13,110213_s23,-70ctrl
71.957,-37.31,71.959,-46.88,71.965,-36.06,0.1112,9.56,41.64,110213_s23,-70ctrl
72.0648,-42.19,72.0702,-46.94,72.0774,-36.75,0.7964,4.75,0.2,110213_s23,-70ctrl
72.8622,-42.56,72.8666,-56.63,72.8744,-38.56,0.0682,14.06,31.2,110213_s23,-70ctrl
72.9296,-42.23,72.9348,-46.69,72.9396,-37.63,0.5962,4.46,0,110213_s23,-70ctrl
73.5268,-39.13,73.531,-53.19,73.5362,-37.13,0.1144,14.06,39.06,110213_s23,-70ctrl
73.6434,-39.04,73.6454,-79.94,73.6544,-43.31,0.2494,40.9,210.93,110213_s23,-70ctrl
73.8932,-37.56,73.8948,-47.06,73.9012,-34.69,0,9.5,22.88,110213_s23,-70ctrl
74.3934,-41.5,73.8948,-47.06,74.4082,-38.81,0.7552,5.56,20.79,110213_s23,-70ctrl
74.6448,-40.13,74.65,-49.31,74.6578,-37.63,0.3212,9.19,44.01,110213_s23,-70ctrl
74.9682,-35.9,74.9712,-51.69,74.977,-34.38,1.6674,15.79,55.34,110213_s23,-70ctrl
76.633,-36.73,76.6386,-60.69,76.646,-33.94,0,23.96,81.16,110213_s23,-70ctrl
76.7722,-36.1,76.6386,-60.69,76.7808,-30.62,0.42,24.58,0,110213_s23,-70ctrl
77.0558,-31.54,77.0586,-45.56,77.0686,-31.44,0.0444,14.02,71.88,110213_s23,-70ctrl
77.1008,-32.21,77.103,-51.06,77.1098,-30.5,0.5848,18.85,53.58,110213_s23,-70ctrl
77.685,-35.54,77.6878,-58.19,77.695,-33.94,0.0466,22.65,77.28,110213_s23,-70ctrl
77.7292,-33.9,77.7344,-44.38,77.7432,-30.94,0.5246,10.48,43.79,110213_s23,-70ctrl
78.2564,-32.31,78.259,-63.19,78.2706,-37.25,0.8612,30.87,204.77,110213_s23,-70ctrl
79.1178,-38.83,79.1202,-64.44,79.128,-40.06,0.4888,25.6,136.97,110213_s23,-70ctrl
79.607,-40.54,79.609,-75.5,79.6142,-38.81,0,34.96,90.94,110213_s23,-70ctrl
79.6624,-40.23,79.609,-75.5,79.675,-37.19,0.1756,35.27,24.33,110213_s23,-70ctrl
79.7824,-39.85,79.7846,-96,79.7914,-42.63,0.6526,56.15,215.14,110213_s23,-70ctrl
80.4356,-31.08,80.4372,-46.88,80.4432,-31.31,0,15.79,46.13,110213_s23,-70ctrl
80.9194,-35.48,80.4372,-46.88,80.9282,-30.88,1.7032,11.4,0,110213_s23,-70ctrl
82.1372,-35.94,82.1404,-45.81,82.1538,-35.13,0.0348,9.88,64.4,110213_s23,-70ctrl
82.171,-36.71,82.1752,-45.25,82.1776,-34.63,0.1942,8.54,19.48,110213_s23,-70ctrl
82.3638,-38.73,82.3694,-45.88,82.3718,-36.94,0.2542,7.15,23.02,110213_s23,-70ctrl
82.618,-38.46,82.6236,-46.75,82.6324,-31.06,0.8732,8.29,11.45,110213_s23,-70ctrl
83.4942,-32.71,83.4968,-53.25,83.5044,-31.5,0.0702,20.54,70.3,110213_s23,-70ctrl
83.5642,-32.58,83.567,-48.13,83.5726,-30.69,1.0346,15.54,45.08,110213_s23,-70ctrl
84.5994,-32.52,84.6016,-49.31,84.6068,-33.75,1.1456,16.79,61.34,110213_s23,-70ctrl
85.745,-38.33,85.7472,-46.31,85.7556,-35.25,0.1864,7.98,16.94,110213_s23,-70ctrl
85.9278,-45.4,85.9336,-48.88,85.9386,-37.25,0.0684,3.48,0,110213_s23,-70ctrl
86,-38.54,86.002,-49.69,86.0048,-38.56,0.0086,11.15,25.54,110213_s23,-70ctrl
86.007,-41.1,86.0106,-54.38,86.0124,-39.69,0.0144,13.27,23.62,110213_s23,-70ctrl
86.0224,-39.4,86.025,-52.31,86.0272,-38.38,0.6022,12.92,23.13,110213_s23,-70ctrl
86.6218,-35.38,86.6272,-57.63,86.6316,-33.31,0.138,22.25,66.79,110213_s23,-70ctrl
86.7618,-34.29,86.7652,-44.63,86.7674,-30.81,0.05,10.33,14.36,110213_s23,-70ctrl
86.8096,-30.73,86.8152,-53.25,86.8206,-31.31,0,22.52,73.73,110213_s23,-70ctrl
86.8594,-37.58,86.8152,-53.25,86.8688,-34.38,0.1176,15.67,10.64,110213_s23,-70ctrl
86.9302,-39.52,86.9328,-49.63,86.9348,-35.25,0.0992,10.1,11.48,110213_s23,-70ctrl
87.0266,-32.56,87.032,-41.81,87.0372,-29.75,0.1524,9.25,31.98,110213_s23,-70ctrl
87.182,-33.71,87.1844,-44.38,87.1902,-31.94,0.3308,10.67,44.3,110213_s23,-70ctrl
87.5132,-36.15,87.5152,-93,87.5228,-38.31,2.5116,56.85,213.15,110213_s23,-70ctrl
90.0242,-39.44,90.0268,-67,90.0342,-37.94,2.6046,27.56,97.68,110213_s23,-70ctrl
92.6268,-35.6,92.6314,-46.63,92.6388,-34.75,0.7958,11.02,53.73,110213_s23,-70ctrl
93.424,-37.38,93.4272,-44.94,93.4328,-34.63,0.0606,7.56,22.49,110213_s23,-70ctrl
93.4858,-37.33,93.4878,-58.19,93.493,-34.13,0.775,20.85,65.87,110213_s23,-70ctrl
94.2594,-31.6,94.2628,-51.13,94.2686,-31.44,0.4414,19.52,45.6,110213_s23,-70ctrl
94.7028,-30.23,94.7042,-51.06,94.7108,-29.25,0.163,20.83,54.57,110213_s23,-70ctrl
94.8652,-30.75,94.8672,-50.88,94.8746,-31.87,0.5194,20.13,72.75,110213_s23,-70ctrl
95.3842,-29.35,95.3866,-62.69,95.393,-32.19,0.6162,33.33,135.36,110213_s23,-70ctrl
96.0008,-32.4,96.0028,-51.81,96.0096,-33.25,3.1282,19.42,83.94,110213_s23,-70ctrl
200.1462,-29.69,200.1492,-55.19,200.1548,-29.37,2.8546,25.5,76.34,110213_s23,-70mid
202.9984,-26.04,203.0038,-34.31,203.0102,-24.75,1.2944,8.27,31.3,110213_s23,-70mid
204.2942,-25.5,204.2982,-47.31,204.3074,-26.37,0.4624,21.81,111.16,110213_s23,-70mid
204.7562,-25.81,204.7606,-37.19,204.7686,-25.19,2.0294,11.38,65.3,110213_s23,-70mid
206.7888,-26.35,206.79,-43.13,206.7968,-27.81,0.613,16.77,53.52,110213_s23,-70mid
207.4002,-28.9,207.403,-45.75,207.4084,-26,0.7164,16.85,35.16,110213_s23,-70mid
208.1164,-28.25,208.1194,-60.69,208.1288,-28.31,0.1412,32.44,142.31,110213_s23,-70mid
208.2582,-28.06,208.2606,-35.88,208.2652,-25.31,1.0264,7.81,19.7,110213_s23,-70mid
209.2824,-32.29,209.287,-51.06,209.2914,-31,0.027,18.77,44.38,110213_s23,-70mid
209.3118,-31.88,209.314,-48.75,209.3216,-29.81,0.1546,16.88,65.97,110213_s23,-70mid
209.4622,-31,209.4686,-39.38,209.4714,-27.69,0.8328,8.38,18.37,110213_s23,-70mid
210.296,-30.13,210.3014,-36.56,210.3092,-27.69,0.094,6.44,19.4,110213_s23,-70mid
210.3938,-26.1,210.3954,-38.56,210.3994,-26.75,1.3528,12.46,31.31,110213_s23,-70mid
211.744,-30.56,211.7482,-50.94,211.7534,-27.69,0.3666,20.38,32.69,110213_s23,-70mid
212.1128,-29.96,212.1148,-51.88,212.12,-28.38,0.4608,21.92,70.75,110213_s23,-70mid
212.5742,-29.15,212.5756,-52.38,212.5826,-30.25,0.6224,23.23,73.96,110213_s23,-70mid
213.1958,-34.98,213.198,-47.25,213.2032,-32.81,0.643,12.27,23.41,110213_s23,-70mid
213.8358,-33.67,213.841,-38.69,213.848,-28.06,0.023,5.02,0,110213_s23,-70mid
213.8622,-28.5,213.864,-36.44,213.8684,-27.63,0.2724,7.94,25.25,110213_s23,-70mid
214.1334,-28.98,214.1364,-44,214.1478,-28.5,0.5348,15.02,84.5,110213_s23,-70mid
214.6658,-28,214.6712,-43.38,214.6834,-27,3.4632,15.38,49.9,110213_s23,-70mid
218.1328,-26.1,218.1344,-44.25,218.1478,-25.75,2.0088,18.15,66.25,110213_s23,-70mid
220.1378,-31.98,220.1432,-49,220.1496,-29.37,0.2274,17.02,36.05,110213_s23,-70mid
220.3666,-32.23,220.3706,-50.13,220.3752,-31,0.132,17.9,71.02,110213_s23,-70mid
220.5004,-30.92,220.5026,-59.12,220.5118,-30.5,1.5202,28.21,123.84,110213_s23,-70mid
222.0206,-27.23,222.0228,-42,222.0288,-25.88,1.9108,14.77,56.33,110213_s23,-70mid
223.9306,-22.62,223.9336,-37.87,223.9376,-24.81,0.374,15.25,58.36,110213_s23,-70mid
224.3056,-26.23,224.3076,-66.69,224.315,-27.5,0.1802,40.46,166.86,110213_s23,-70mid
224.4842,-27.4,224.4878,-38.44,224.4926,-24.63,0.4166,11.04,20.91,110213_s23,-70mid
224.902,-25.42,224.9044,-66.81,224.9116,-29,0.3538,41.4,199.3,110213_s23,-70mid
225.2566,-29.15,225.2582,-50.44,225.2648,-27.75,0.287,21.29,68.99,110213_s23,-70mid
225.542,-27.42,225.5452,-36.69,225.5522,-25.25,0.336,9.27,22.63,110213_s23,-70mid
225.8792,-25.96,225.8812,-50,225.891,-26.25,0,24.04,105.64,110213_s23,-70mid
226.3334,-28.73,225.8812,-50,226.3444,-25.88,1.5028,21.27,7.75,110213_s23,-70mid
227.3818,-29.56,227.384,-50,227.3926,-29.37,1.2068,20.44,87.71,110213_s23,-70mid
228.5886,-33.29,228.5908,-54.75,228.5962,-33.25,0.0234,21.46,81.73,110213_s23,-70mid
228.612,-31.75,228.6142,-56.44,228.6248,-32.38,1.0492,24.69,110.34,110213_s23,-70mid
229.661,-32.52,229.6634,-69.75,229.6694,-32.81,0.177,37.23,151.05,110213_s23,-70mid
229.8376,-30.54,229.8404,-51.13,229.8474,-27.5,0.5814,20.58,70.35,110213_s23,-70mid
230.4194,-27.79,230.4218,-71.38,230.4284,-30.88,0.4886,43.58,155.83,110213_s23,-70mid
230.908,-27.9,230.9104,-54.13,230.9182,-27,0.988,26.23,111.31,110213_s23,-70mid
231.8952,-24,231.8984,-37.5,231.9062,-24.75,1.6512,13.5,77.06,110213_s23,-70mid
233.5482,-25.94,233.5496,-38.63,233.5558,-25.88,0.2158,12.69,37.21,110213_s23,-70mid
233.7606,-25.5,233.7654,-36.69,233.7704,-23.25,0.1892,11.19,29.89,110213_s23,-70mid
233.9522,-25.23,233.9546,-49.38,233.9616,-26.25,0.6764,24.15,107.9,110213_s23,-70mid
234.6262,-25.02,234.631,-46.75,234.6402,-24.88,0.1256,21.73,101.93,110213_s23,-70mid
234.7546,-25.29,234.7566,-47.38,234.7634,-25.94,0.1618,22.08,84.74,110213_s23,-70mid
234.9162,-25.46,234.9184,-42.69,234.9268,-24.5,0.4204,17.23,71.01,110213_s23,-70mid
235.336,-24.67,235.3388,-42.56,235.3478,-23.06,0.3706,17.9,78.65,110213_s23,-70mid
235.7068,-27.35,235.7094,-48.06,235.7162,-25.88,1.6136,20.71,88.33,110213_s23,-70mid
237.3208,-28.83,237.323,-51.44,237.33,-27.56,0.5532,22.6,79.38,110213_s23,-70mid
237.8746,-29.17,237.8762,-45.44,237.879,-30.88,0.019,16.27,37.88,110213_s23,-70mid
237.893,-27.79,237.8952,-59.94,237.903,-30.25,1.652,32.15,160.51,110213_s23,-70mid
239.5438,-25.52,239.5472,-42.81,239.5524,-23,0.9676,17.29,65.52,110213_s23,-70mid
240.512,-26.83,240.5148,-42.44,240.525,-24.69,0.1562,15.6,66.51,110213_s23,-70mid
240.6688,-27.54,240.671,-68.06,240.6774,-28.81,0.1606,40.52,157.38,110213_s23,-70mid
240.8282,-28.23,240.8316,-47.06,240.8386,-27,1.1908,18.83,65.71,110213_s23,-70mid
242.0196,-27.25,242.0224,-40.56,242.0312,-25.63,0.4686,13.31,66.34,110213_s23,-70mid
242.4864,-27.13,242.491,-42.38,242.5014,-26.31,0.6644,15.25,84.81,110213_s23,-70mid
243.1502,-26.75,243.1554,-39.88,243.1588,-25.63,0.7272,13.13,26.44,110213_s23,-70mid
243.8796,-25.77,243.8826,-65.56,243.8902,-27.38,1.325,39.79,180.21,110213_s23,-70mid
245.205,-28.56,245.2076,-50.44,245.2138,-26.19,0.2456,21.88,79.46,110213_s23,-70mid
245.452,-27.04,245.4532,-43.19,245.4606,-26.56,2.0342,16.15,43.18,110213_s23,-70mid
247.4848,-27.94,247.4874,-47,247.4936,-26.31,2.1128,19.06,67.24,110213_s23,-70mid
249.598,-26.35,249.6002,-47.56,249.6106,-28.19,0.033,21.21,115.84,110213_s23,-70mid
249.631,-26.81,249.6332,-65.44,249.6424,-30.31,0.1042,38.63,176.26,110213_s23,-70mid
249.7354,-25.29,249.7374,-37.5,249.743,-25.56,0.043,12.21,37.25,110213_s23,-70mid
249.778,-27.35,249.7804,-54.38,249.787,-28.31,0.4064,27.02,114.64,110213_s23,-70mid
250.1836,-30.02,250.1868,-47.81,250.1916,-28.94,0.5904,17.79,75.49,110213_s23,-70mid
250.7752,-27.44,250.7772,-46.75,250.7846,-26.37,3.8282,19.31,60.47,110213_s23,-70mid
254.6036,-27.94,254.6054,-38.31,254.6128,-26.81,0.9408,10.38,37.11,110213_s23,-70mid
255.542,-27.88,255.5462,-43.63,255.5516,-24.88,1.225,15.75,33.36,110213_s23,-70mid
256.7694,-29.15,256.7712,-42.44,256.7788,-27.38,0.362,13.29,48.55,110213_s23,-70mid
257.1308,-27.81,257.1332,-45.94,257.1388,-27.13,0.2206,18.13,62.35,110213_s23,-70mid
257.3508,-28.25,257.3538,-47.75,257.3632,-27,0.128,19.5,92.39,110213_s23,-70mid
257.4788,-27.4,257.4818,-41.69,257.4902,-26.81,0.284,14.29,52.38,110213_s23,-70mid
257.7638,-28.79,257.7658,-39.44,257.7718,-27.38,0.2752,10.65,26.6,110213_s23,-70mid
258.0384,-26.23,258.041,-51.44,258.0478,-26.31,0.263,25.21,103.61,110213_s23,-70mid
258.301,-28.69,258.304,-41.63,258.3122,-26.13,0.5278,12.94,40.99,110213_s23,-70mid
258.8272,-26.92,258.8318,-39.94,258.842,-25.25,0.1614,13.02,99.06,110213_s23,-70mid
258.9906,-28.56,258.9932,-44.94,258.999,-27.5,0.1914,16.38,60.01,110213_s23,-70mid
259.182,-25.4,259.1846,-35.88,259.1894,-24.5,0.113,10.48,31.24,110213_s23,-70mid
259.295,-26.75,259.2976,-52.63,259.3082,-28.81,0.458,25.88,137.45,110213_s23,-70mid
259.7536,-25.96,259.7556,-38.38,259.7706,-24.88,0.241,12.42,62.13,110213_s23,-70mid
259.9948,-27.54,259.9966,-57.31,260.011,-29.5,0.6446,29.77,170.22,110213_s23,-70mid
260.6386,-29.19,260.6412,-41.06,260.656,-27.19,0.1816,11.88,61.22,110213_s23,-70mid
260.8178,-27.13,260.8228,-36.31,260.8296,-26.06,0,9.19,49.49,110213_s23,-70mid
260.9026,-31.44,260.8228,-36.31,260.9152,-29.19,0.1218,4.88,50.63,110213_s23,-70mid
260.9418,-28.25,260.9446,-37.75,260.95,-28,0.3642,9.5,31.31,110213_s23,-70mid
261.3036,-33,261.3088,-42.06,261.3136,-31.87,0.738,9.06,38.45,110213_s23,-70mid
262.0454,-33.08,262.0468,-52.81,262.054,-29.44,0.3206,19.73,54.84,110213_s23,-70mid
262.362,-32.85,262.3674,-39.69,262.3744,-31.19,0,6.83,34.44,110213_s23,-70mid
267.5176,-29.04,267.5228,-39.94,267.5308,-28.63,0.5822,10.9,45.38,110213_s23,-70mid
268.0996,-30.75,268.105,-41.19,268.1076,-30.06,0.3986,10.44,31.59,110213_s23,-70mid
268.4984,-32.96,268.5036,-41.5,268.5106,-30.88,0.027,8.54,26.52,110213_s23,-70mid
268.526,-31.63,268.5306,-45.31,268.5336,-31.12,0.4868,13.69,41.41,110213_s23,-70mid
269.0162,-30.77,269.0174,-38.63,269.0202,-28.25,0.5166,7.85,4.95,110213_s23,-70mid
269.5284,-32.42,269.534,-45,269.5388,-32,0.2212,12.58,52.71,110213_s23,-70mid
269.754,-26.96,269.7552,-37,269.7568,-26.44,0.101,10.04,10.42,110213_s23,-70mid
269.8538,-36.04,269.8562,-39.44,269.8576,-28.94,0.0068,3.4,0,110213_s23,-70mid
269.8598,-30.33,269.863,-39.25,269.87,-29.19,0,8.92,59.9,110213_s23,-70mid
269.921,-34.33,269.863,-39.25,269.9358,-30.38,0.1024,4.92,24.96,110213_s23,-70mid
269.9602,-33.85,269.9654,-44.13,269.9736,-33.81,0.0252,10.27,68.65,110213_s23,-70mid
269.9854,-36.75,269.9906,-46.25,269.9944,-33.44,0,9.5,25.4,110213_s23,-70mid
270.208,-29.92,269.9906,-46.25,270.2168,-28.94,0.5734,16.33,43.42,110213_s23,-70mid
270.5626,-31.44,270.564,-49.69,270.5724,-26.63,0.1404,18.25,39.59,110213_s23,-70mid
270.7012,-25.63,270.7044,-35.44,270.7136,-26.06,0,9.81,51.83,110213_s23,-70mid
270.8056,-31.77,270.7044,-35.44,270.8138,-28.13,0.3182,3.67,31.76,110213_s23,-70mid
271.0196,-28.9,271.0226,-36.19,271.0292,-25.56,0.3062,7.29,10.2,110213_s23,-70mid
271.3234,-26.81,271.3288,-34.38,271.3326,-24.75,0.364,7.56,21.84,110213_s23,-70mid
271.6904,-27.06,271.6928,-46.13,271.7016,-26.25,0.09,19.06,97.36,110213_s23,-70mid
271.7776,-28.65,271.7828,-41.31,271.7888,-27,0.324,12.67,42.93,110213_s23,-70mid
272.1042,-25.23,272.1068,-44.5,272.1152,-25.31,0.849,19.27,90.78,110213_s23,-70mid
272.9536,-24.02,272.9558,-44.63,272.9662,-26,0.2478,20.6,114.83,110213_s23,-70mid
273.2024,-24.81,273.2036,-48.37,273.2112,-25.19,0.273,23.56,71.7,110213_s23,-70mid
273.474,-28.4,273.4766,-54.5,273.4838,-27.38,2.0304,26.1,110.24,110213_s23,-70mid
275.5014,-26.79,275.507,-37.5,275.5144,-25.19,0.232,10.71,40.2,110213_s23,-70mid
275.736,-25.29,275.739,-78.44,275.7474,-30.44,0.0408,53.15,274.72,110213_s23,-70mid
275.7786,-27.5,275.7798,-38.31,275.7892,-25.88,0.3782,10.81,34.6,110213_s23,-70mid
276.155,-32.9,276.158,-42.94,276.1632,-28.56,0,10.04,26.87,110213_s23,-70mid
276.8098,-27.92,276.158,-42.94,276.8186,-23.69,1.3888,15.02,8.63,110213_s23,-70mid
277.5414,-28.54,277.5468,-35.81,277.555,-24.88,0.386,7.27,33.64,110213_s23,-70mid
277.9274,-28.58,277.9328,-39.31,277.9444,-26.19,0.038,10.73,45.37,110213_s23,-70mid
277.9656,-28.56,277.9708,-36.56,277.9734,-24.63,0.679,8,14.19,110213_s23,-70mid
278.6468,-28.27,278.6498,-50.75,278.6564,-28.25,0.3582,22.48,105.11,110213_s23,-70mid
279.007,-27.33,279.008,-35.63,279.0148,-24.75,0.1852,8.29,21.41,110213_s23,-70mid
279.1886,-25.42,279.1932,-35.75,279.1956,-23.63,0.3412,10.33,21.44,110213_s23,-70mid
279.5334,-28.48,279.5344,-38.13,279.5378,-26.5,0.0608,9.65,20.28,110213_s23,-70mid
279.5916,-27.15,279.5952,-41.5,279.6036,-25.19,0.5928,14.35,45.6,110213_s23,-70mid
280.1838,-26.17,280.188,-39.12,280.1958,-24.25,0.1684,12.96,53.37,110213_s23,-70mid
280.3506,-25.06,280.3564,-36.06,280.362,-22.75,1.2324,11,32.44,110213_s23,-70mid
281.5838,-25.81,281.5888,-36.88,281.5964,-23.44,1.116,11.06,47.04,110213_s23,-70mid
282.7018,-24.42,282.7048,-53.88,282.7138,-26.13,1.5084,29.46,149.12,110213_s23,-70mid
284.2114,-26.67,284.2132,-63.94,284.2218,-25.63,0.163,37.27,101.68,110213_s23,-70mid
284.373,-23.81,284.3762,-43.44,284.3868,-24.13,0.7836,19.63,103.43,110213_s23,-70mid
285.1582,-23.23,285.1598,-37.56,285.1682,-23.44,0,14.33,56.16,110213_s23,-70mid
286.0084,-26.58,285.1598,-37.56,286.018,-24.06,0,10.98,24.47,110213_s23,-70mid
286.3024,-25.56,285.1598,-37.56,286.3172,-23.25,1.5258,12,33.9,110213_s23,-70mid
286.6826,-24.94,286.6856,-42.63,286.6926,-23.25,0.2916,17.69,62.1,110213_s23,-70mid
286.9738,-26,286.9772,-34.75,286.9864,-21.75,2.0996,8.75,20.45,110213_s23,-70mid
289.075,-25.35,289.0768,-42.81,289.081,-24.63,0.1442,17.46,33.72,110213_s23,-70mid
289.22,-24.1,289.221,-38.75,289.2298,-24.06,0.494,14.65,47.88,110213_s23,-70mid
289.7106,-26.35,289.715,-32.31,289.7208,-22.75,0.3134,5.96,16.44,110213_s23,-70mid
290.0232,-28.48,290.0284,-35.5,290.0316,-24.88,0.4402,7.02,19.38,110213_s23,-70mid
290.466,-27.67,290.4686,-51,290.476,-24.94,0.1236,23.33,52.84,110213_s23,-70mid
290.5886,-25.54,290.5922,-49.63,290.598,-26.06,2.4382,24.08,115.29,110213_s23,-70mid
293.0276,-25.52,293.0304,-44.88,293.0362,-22.69,0.9604,19.35,62.59,110213_s23,-70mid
293.988,-24.04,293.9908,-46.44,294,-24.94,0.064,22.4,116.09,110213_s23,-70mid
294.0518,-25.29,294.0548,-55.38,294.062,-26.88,0.3408,30.08,137.75,110213_s23,-70mid
294.3902,-25.42,294.3956,-39.81,294.4028,-23.69,0.3688,14.4,55.6,110213_s23,-70mid
294.7616,-27.94,294.7644,-45.94,294.7726,-28.69,0,18,95.64,110213_s23,-70mid
295.0712,-30.08,294.7644,-45.94,295.0794,-26,0.686,15.85,7.24,110213_s23,-70mid
295.4452,-28.92,295.4504,-36.75,295.4578,-26.37,0,7.83,34.83,110213_s23,-70mid
295.5378,-23.6,295.4504,-36.75,295.5434,-24.88,0.2828,13.15,31.45,110213_s23,-70mid
295.731,-25.44,295.7332,-44.81,295.7418,-25.81,0.6466,19.38,85.93,110213_s23,-70mid
296.3778,-27.33,296.3798,-59.44,296.3874,-32.13,0.2954,32.1,149.4,110213_s23,-70mid
296.6724,-26.58,296.6752,-77.88,296.6826,-32.06,0,51.29,273.25,110213_s23,-70mid
296.8252,-32.29,296.6752,-77.88,296.8346,-30.06,0.983,45.58,38.06,110213_s23,-70mid
297.6556,-27.52,297.6582,-55.25,297.666,-29.37,0.9718,27.73,140.67,110213_s23,-70mid
298.628,-26.81,298.63,-36.69,298.6358,-24.75,0.4962,9.88,40.56,110213_s23,-70mid
301.5282,1.33,301.5318,-26.56,301.5412,-1.19,2.241,27.9,165.24,110213_s23,-40mid
303.7702,-1.63,303.7728,-36.44,303.7818,-3.13,1.6098,34.81,178.76,110213_s23,-40mid
305.3798,1.54,305.3826,-9.56,305.3942,0.81,0.5278,11.1,79.63,110213_s23,-40mid
305.9092,-0.1,305.9104,-13.81,305.9198,2.31,0.1022,13.71,38.99,110213_s23,-40mid
306.0106,-1.29,306.0126,-15.19,306.0234,-1.38,0.585,13.9,73.6,110213_s23,-40mid
306.5952,-1.35,306.5976,-11.56,306.603,0.94,0.4522,10.21,23.62,110213_s23,-40mid
307.0462,0.35,307.0498,-17.31,307.0602,-0.56,0,17.67,122.17,110213_s23,-40mid
308.0482,-0.77,307.0498,-17.31,308.0566,1.31,1.2398,16.54,22.06,110213_s23,-40mid
308.2874,0.48,308.2896,-8.75,308.2966,0.94,0.5754,9.23,42.99,110213_s23,-40mid
308.8636,-0.1,308.865,-15.87,308.8712,0.19,0.881,15.77,47.27,110213_s23,-40mid
309.745,-1.81,309.746,-11.44,309.755,-0.31,1.1628,9.63,28.26,110213_s23,-40mid
310.9056,-2.04,310.9088,-18.81,310.9196,-1.87,1.5368,16.77,92.8,110213_s23,-40mid
312.443,-0.29,312.4456,-10.19,312.463,1.13,0,9.9,58.56,110213_s23,-40mid
312.9984,0.44,312.4456,-10.19,313.0078,2.56,1.8608,10.63,24.66,110213_s23,-40mid
314.3044,1.79,314.3064,-11.31,314.3168,1.38,1.0316,13.1,76.86,110213_s23,-40mid
315.336,-1.17,315.338,-15.44,315.345,0,3.8404,14.27,60.49,110213_s23,-40mid
319.1754,-4.75,319.1784,-22.37,319.1884,-2.5,1.1124,17.62,87.89,110213_s23,-40mid
320.2886,-1.92,320.2908,-14,320.3036,-1.81,0.3034,12.08,69.83,110213_s23,-40mid
320.5918,-2.27,320.5942,-15.56,320.598,-2.5,1.135,13.29,42.12,110213_s23,-40mid
321.7262,-4.73,321.7292,-14.06,321.7386,-3.75,2.646,9.33,49.11,110213_s23,-40mid
324.3734,-3.44,324.3752,-16.94,324.386,-1.94,0.5266,13.5,70.91,110213_s23,-40mid
324.8966,-3.6,324.9018,-12.31,324.9076,-1.25,1.0534,8.71,19.46,110213_s23,-40mid
325.9532,0.62,325.9552,-12.75,325.9628,-0.56,1.027,13.38,59.29,110213_s23,-40mid
326.9788,-3.33,326.9822,-26.94,326.9902,-4.13,0.3094,23.6,109.86,110213_s23,-40mid
327.2886,-3.38,327.2916,-17.75,327.3038,-2.75,0.6336,14.37,54.56,110213_s23,-40mid
327.9214,-3.83,327.9252,-14.63,327.9282,-1.44,0.8924,10.79,17.48,110213_s23,-40mid
328.816,-2.35,328.8176,-15.63,328.8254,-1.69,0.7926,13.27,44.79,110213_s23,-40mid
329.6068,0.52,329.6102,-14.19,329.6176,0,1.922,14.71,83.7,110213_s23,-40mid
331.529,-0.29,331.5322,-16.81,331.545,-0.06,0,16.52,100.15,110213_s23,-40mid
332.4558,-3.67,331.5322,-16.81,332.4684,-2.75,0,13.15,36.28,110213_s23,-40mid
333.4736,-2.73,331.5322,-16.81,333.4852,-1.19,5.1446,14.08,31.21,110213_s23,-40mid
336.6744,-1.88,336.6768,-11.13,336.6876,-0.31,0.3928,9.25,48.88,110213_s23,-40mid
337.067,-5.96,337.0696,-15.38,337.0752,-3.25,0.7184,9.42,26.41,110213_s23,-40mid
337.7854,-4.54,337.788,-23.19,337.7988,-1.56,6.2396,18.65,68.92,110213_s23,-40mid
344.0248,-2.56,344.0276,-19.13,344.0406,-3.06,0.8594,16.56,97.85,110213_s23,-40mid
344.8814,-2.65,344.887,-12.25,344.8926,-1.38,0,9.6,41.88,110213_s23,-40mid
346.2922,-0.58,344.887,-12.25,346.3072,0.25,1.5758,11.67,72.6,110213_s23,-40mid
346.4608,-2.92,346.4628,-21.25,346.4716,-0.81,0.193,18.33,73.58,110213_s23,-40mid
346.6528,-0.15,346.6558,-22.63,346.6636,-3.38,1.1164,22.48,124.81,110213_s23,-40mid
347.766,-4.08,347.7722,-11.94,347.7836,0.38,0,7.85,16.83,110213_s23,-40mid
352.9032,-3,347.7722,-11.94,352.9134,-2.06,5.4152,8.94,35.15,110213_s23,-40mid
353.1858,-3.88,353.1874,-12.94,353.195,-3.06,0.2816,9.06,32.19,110213_s23,-40mid
353.4636,-5.19,353.469,-19.44,353.4772,-3.44,1.1558,14.25,69.21,110213_s23,-40mid
354.622,-3.58,354.6248,-37.69,354.634,-4.25,1.4194,34.1,189.11,110213_s23,-40mid
356.0404,-1.63,356.0442,-26.44,356.0532,-3.63,2.0576,24.81,154.21,110213_s23,-40mid
358.0984,-3.19,358.1018,-14,358.1122,-1.56,1.247,10.81,55.71,110213_s23,-40mid
359.3424,-11.04,359.3488,-18.44,359.3562,-5.25,2.6,7.4,17.82,110213_s23,-40mid
361.945,-1.81,361.9488,-13.81,361.9586,-0.44,1.1492,12,45.61,110213_s23,-40mid
363.0948,-2.69,363.098,-12.63,363.1102,-2.56,0.7622,9.94,75.29,110213_s23,-40mid
363.8568,-2.4,363.8602,-18.31,363.873,-2.94,0.2512,15.92,87.03,110213_s23,-40mid
364.1092,-5.17,364.1114,-15.94,364.1192,-2.81,1.5578,10.77,31.99,110213_s23,-40mid
365.666,-2.02,365.6692,-14.94,365.6774,-1.06,0.6742,12.92,50.27,110213_s23,-40mid
366.3402,-4.56,366.3434,-16.25,366.3538,-4.5,3.563,11.69,60.3,110213_s23,-40mid
369.903,-1.04,369.9064,-15.63,369.9124,-1.13,2.0666,14.58,70.49,110213_s23,-40mid
371.969,-4.54,371.973,-19.63,371.979,-2.38,0.0802,15.08,60.61,110213_s23,-40mid
372.05,-6.42,372.0532,-14,372.0584,-3.63,0.26,7.58,19.33,110213_s23,-40mid
372.3078,-4.85,372.3132,-13.63,372.3254,-3.13,2.4724,8.77,38.12,110213_s23,-40mid
374.7826,-2.27,374.7856,-13.56,374.7978,-1.13,0.102,11.29,56.75,110213_s23,-40mid
374.8846,-3.15,374.8876,-20.19,374.8978,-3.13,0.8934,17.04,81.43,110213_s23,-40mid
375.7776,-2.1,375.781,-15,375.7954,-1.44,1.2918,12.9,57.27,110213_s23,-40mid
377.0692,-4.02,377.0728,-17.88,377.0796,-2.56,0.9756,13.85,70.73,110213_s23,-40mid
378.0454,-2.69,378.0484,-22.31,378.0584,-5.25,0.3026,19.63,122.05,110213_s23,-40mid
378.3478,-2.71,378.351,-13.63,378.3592,-1.06,0.235,10.92,46.26,110213_s23,-40mid
378.5832,-4.83,378.586,-18.13,378.5978,-4.75,0.6382,13.29,66,110213_s23,-40mid
379.2208,-2.35,379.2242,-12.25,379.2294,-2,1.416,9.9,47.65,110213_s23,-40mid
380.6372,-5.31,380.6402,-26.56,380.6514,-4.13,0,21.25,101.11,110213_s23,-40mid
382.534,-4.94,382.5364,-26.37,382.545,-5.06,0.1402,21.44,103.06,110213_s23,-40mid
382.6724,-5.15,382.6766,-12.81,382.6942,-1.13,1.062,7.67,12.8,110213_s23,-40mid
383.7358,-2.6,383.7386,-20.94,383.7456,-2.69,0.215,18.33,84.08,110213_s23,-40mid
383.9504,-4.73,383.9536,-22,383.9596,-3.69,0.3328,17.27,72.83,110213_s23,-40mid
384.2818,-1.54,384.2864,-12.75,384.2988,-3.19,1.7926,11.21,82.93,110213_s23,-40mid
386.0754,-4.38,386.079,-14,386.0886,-3.13,0.5188,9.63,39.2,110213_s23,-40mid
386.5922,-6,386.5978,-12.44,386.604,-1.25,0,6.44,9.9,110213_s23,-40mid
387.5464,-4.38,386.5978,-12.44,387.5594,-2.88,1,8.06,37.69,110213_s23,-40mid
387.5926,-3.48,387.5978,-13.38,387.608,-2.56,0,9.9,39.75,110213_s23,-40mid
388.7242,-4.42,387.5978,-13.38,388.7334,-2.69,3.491,8.96,33.88,110213_s23,-40mid
391.087,-2.58,391.0888,-11.19,391.098,-1.87,0,8.6,36.1,110213_s23,-40mid
393.6092,-4.04,391.0888,-11.19,393.6224,-3.19,3.2438,7.15,57.72,110213_s23,-40mid
394.3306,-3.23,394.3326,-16.69,394.3404,-2.69,0.9796,13.46,49.93,110213_s23,-40mid
395.309,-2.69,395.3122,-12.19,395.3214,-2,0.919,9.5,47.25,110213_s23,-40mid
396.228,-0.63,396.2312,-12.38,396.2398,0.13,1.8718,11.75,47.79,110213_s23,-40mid
398.0998,-1.92,398.103,-11.88,398.1088,-1.13,1.028,9.96,36.42,110213_s23,-40mid
497.7082,-2.13,497.7124,-19.69,497.7208,-1.75,0.4186,17.56,83,110213_s23,-40post
498.1298,-1.4,498.131,-720.19,498.1398,-26,0.3476,718.79,941.51,110213_s23,-40post
498.4764,-4.75,498.4786,-12.06,498.4834,-1.5,0.764,7.31,16.49,110213_s23,-40post
499.2396,-3.79,499.2426,-13.13,499.2604,-3.31,0,9.33,58.89,110213_s23,-40post
501.0368,-3.35,499.2426,-13.13,501.046,-1.06,3.8674,9.77,10.78,110213_s23,-40post
503.1064,-2.83,503.11,-12.75,503.1198,0.38,0,9.92,55.38,110213_s23,-40post
503.388,-4.73,503.11,-12.75,503.3994,-2.5,0.4998,8.02,38.83,110213_s23,-40post
503.6082,-5.06,503.6098,-22.56,503.6174,-3.88,0,17.5,58.01,110213_s23,-40post
504.3818,-3.92,503.6098,-22.56,504.3912,-2.69,1.924,18.65,40.71,110213_s23,-40post
505.53,-1.88,505.5338,-14.31,505.5426,-1.56,0.0456,12.44,65.39,110213_s23,-40post
505.577,-5.69,505.5794,-38.63,505.589,-6.19,0.0602,32.94,165.57,110213_s23,-40post
505.635,-4.69,505.6396,-23.63,505.6478,-5.13,4.5358,18.94,101.79,110213_s23,-40post
510.173,-4.58,510.1754,-23.25,510.1872,-6.19,0.81,18.67,111.35,110213_s23,-40post
510.9794,-4.98,510.9854,-13.81,510.9906,-2.63,0.7484,8.83,24.85,110213_s23,-40post
511.732,-2.83,511.7338,-13.88,511.741,-1.5,0.0282,11.04,48.96,110213_s23,-40post
511.7602,-3.1,511.762,-16.75,511.7678,-0.44,0.4862,13.65,28.15,110213_s23,-40post
512.2466,-6.27,512.2482,-14.88,512.253,-3.75,1.6136,8.6,24.71,110213_s23,-40post
513.8588,-5.9,513.8618,-13.81,513.8674,-3.44,0.2948,7.92,11.88,110213_s23,-40post
514.1544,-5.88,514.1566,-16.25,514.1636,-4.5,0.5588,10.38,40.72,110213_s23,-40post
514.7124,-2.9,514.7154,-15.38,514.7218,-0.56,3.463,12.48,40.51,110213_s23,-40post
518.176,-6.56,518.1784,-15.44,518.1828,-4.81,0.5016,8.88,18.19,110213_s23,-40post
518.6778,-5.65,518.68,-23.13,518.6874,-7.06,1.2138,17.48,95.41,110213_s23,-40post
519.8922,-5.67,519.8938,-17.5,519.8988,-2.38,0.1324,11.83,33.3,110213_s23,-40post
520.0246,-5.46,520.0262,-19.69,520.0352,-5.19,1.1362,14.23,71.94,110213_s23,-40post
521.1586,-4.73,521.1624,-22.75,521.1708,-4.19,1.2448,18.02,82.96,110213_s23,-40post
522.4042,-4.92,522.4072,-16.81,522.4126,-3.13,0.377,11.9,42.32,110213_s23,-40post
522.7806,-5.06,522.7842,-26.31,522.7946,-6.69,0.385,21.25,150.52,110213_s23,-40post
523.1644,-4.23,523.1692,-16.5,523.1738,-2,3.0702,12.27,32.52,110213_s23,-40post
526.2368,-4.21,526.2394,-40.25,526.2482,-6.56,2.0568,36.04,198.9,110213_s23,-40post
528.294,-4.25,528.2962,-33.94,528.3082,-7.56,1.806,29.69,180.65,110213_s23,-40post
530.0984,-2.83,530.1022,-28.31,530.1082,-6.5,0.0256,25.48,137.24,110213_s23,-40post
530.1256,-7.96,530.1278,-33.44,530.1362,-8.63,0.7204,25.48,134.48,110213_s23,-40post
530.8456,-5.85,530.8482,-23.06,530.858,-5.06,0,17.21,86.84,110213_s23,-40post
531.3648,-3.94,530.8482,-23.06,531.3744,-2.63,0.5276,19.13,36.5,110213_s23,-40post
531.3736,-5.71,531.3758,-16.94,531.3786,-2.31,0.382,11.23,11.85,110213_s23,-40post
531.7552,-2.6,531.7578,-13.81,531.7706,-2.44,0.0564,11.21,70.15,110213_s23,-40post
531.8112,-5.48,531.8142,-22.19,531.8204,-4.75,0.653,16.71,53.75,110213_s23,-40post
532.4642,-3,532.4672,-37.87,532.4762,-5.81,0.829,34.87,180.26,110213_s23,-40post
533.2938,-3.46,533.2962,-29.94,533.3062,-5.38,0.4876,26.48,143.58,110213_s23,-40post
533.7828,-6.17,533.7838,-13.38,533.7898,-3.69,0.674,7.21,17.09,110213_s23,-40post
534.4552,-4.27,534.4578,-15.25,534.468,-1.87,0.5674,10.98,40.14,110213_s23,-40post
535.0234,-4.15,535.0252,-17.06,535.028,-2.69,2.8174,12.92,22.22,110213_s23,-40post
537.8394,-6.85,537.8426,-29.37,537.85,-6.75,0.2696,22.52,106.49,110213_s23,-40post
538.1094,-7.63,538.1122,-36.69,538.1232,-7.94,0.1954,29.06,165.15,110213_s23,-40post
538.3048,-5.94,538.3076,-23.38,538.3196,-6.69,0.4028,17.44,111,110213_s23,-40post
538.7078,-8.31,538.7104,-21.81,538.7248,-7.38,0.5516,13.5,83.49,110213_s23,-40post
539.2606,-5.17,539.262,-18.94,539.272,-3.75,1.3854,13.77,52.69,110213_s23,-40post
540.6462,-5.29,540.6474,-15.44,540.6594,-2.88,1.1078,10.15,32.95,110213_s23,-40post
541.7516,-6.48,541.7552,-26.88,541.764,-5.44,0.5982,20.4,92.04,110213_s23,-40post
542.351,-5.75,542.3534,-21.19,542.362,-5.63,0.224,15.44,77.9,110213_s23,-40post
542.5762,-3.75,542.5774,-14.25,542.5854,-3.38,0.2772,10.5,38.78,110213_s23,-40post
542.8512,-4.81,542.8546,-32.69,542.8628,-8,0,27.88,158.73,110213_s23,-40post
543.1452,-4.06,542.8546,-32.69,543.158,-4.13,1.3298,28.63,48.09,110213_s23,-40post
544.179,-7.27,544.1844,-16.25,544.196,-2.88,2.5196,8.98,12.89,110213_s23,-40post
546.702,-6.54,546.704,-19.81,546.7076,-4.44,1.4824,13.27,28.62,110213_s23,-40post
548.1846,-6.46,548.1864,-20.5,548.1944,-4.63,0.8466,14.04,40.98,110213_s23,-40post
549.0308,-4.83,549.033,-23.81,549.0428,-5.94,2.5144,18.98,101.85,110213_s23,-40post
551.5446,-3.77,551.5474,-37.69,551.5578,-5.38,0.0906,33.92,184.4,110213_s23,-40post
551.6346,-4.69,551.638,-23.25,551.6472,-4.63,0.4454,18.56,87.05,110213_s23,-40post
552.0814,-5.02,552.0834,-16.75,552.0892,-3.44,1.556,11.73,30.81,110213_s23,-40post
553.636,-1.81,553.6394,-17.12,553.6494,-4,0.8454,15.31,108.25,110213_s23,-40post
554.4798,-6.1,554.4848,-21.88,554.4938,-3.25,0.4826,15.77,53.7,110213_s23,-40post
554.9622,-8.25,554.9674,-14.25,554.9712,-4.13,1.616,6,13.06,110213_s23,-40post
556.5806,-4,556.5834,-15.94,556.59,-1.06,0.4298,11.94,31.58,110213_s23,-40post
557.0112,-4.08,557.0132,-12.44,557.0246,-3,1.1538,8.35,46.47,110213_s23,-40post
558.1656,-4.6,558.167,-12.94,558.1718,-1.56,0.1412,8.33,17.95,110213_s23,-40post
558.3044,-2.44,558.3082,-16.25,558.3152,-2.56,1.5182,13.81,72.55,110213_s23,-40post
559.8238,-6.27,559.8264,-18.06,559.8332,-4.69,1.088,11.79,40.34,110213_s23,-40post
560.9122,-4.46,560.9144,-22.44,560.9196,-3.81,0.375,17.98,41.07,110213_s23,-40post
561.287,-6.42,561.2894,-17.63,561.3,-3.38,0.8188,11.21,23.59,110213_s23,-40post
562.1054,-5.17,562.1082,-21.31,562.113,-3.94,1.1088,16.15,68.3,110213_s23,-40post
563.2142,-3.27,563.217,-27.25,563.2256,-4.13,0.3512,23.98,124.45,110213_s23,-40post
563.5626,-7.06,563.5682,-16.94,563.5724,-4.44,0.0258,9.88,23.15,110213_s23,-40post
563.5908,-7.29,563.594,-20.88,563.6034,-4,1.3756,13.58,53.9,110213_s23,-40post
564.9674,-6.69,564.9696,-16.94,564.978,-3.19,0.8552,10.25,12.75,110213_s23,-40post
565.8218,-2.52,565.8248,-13.06,565.8332,-1.13,1.1278,10.54,43.5,110213_s23,-40post
566.9494,-5.71,566.9526,-19.81,566.9606,-3.44,0.2014,14.1,62.36,110213_s23,-40post
567.1488,-6.42,567.154,-19,567.1624,-4.63,0,12.58,55.09,110213_s23,-40post
567.3062,-7.54,567.154,-19,567.3166,-5.13,0.41,11.46,26.53,110213_s23,-40post
567.561,-4.9,567.564,-35.63,567.575,-6.56,0.1134,30.73,205.37,110213_s23,-40post
567.6754,-5.27,567.6774,-13.31,567.687,-4.13,0.2102,8.04,31.77,110213_s23,-40post
567.8842,-4.33,567.8876,-15.75,567.8944,-2.5,0.3026,11.42,37.43,110213_s23,-40post
568.1856,-6.04,568.1902,-17.44,568.1976,-3.63,0.092,11.4,42,110213_s23,-40post
568.279,-5.25,568.2822,-20.81,568.2916,-4.56,0.2252,15.56,84.06,110213_s23,-40post
568.5044,-7.38,568.5074,-19.13,568.5142,-5.13,1.3044,11.75,46.65,110213_s23,-40post
569.8074,-4.65,569.8118,-16.38,569.8158,-2.69,0.6838,11.73,29.68,110213_s23,-40post
570.4922,-4.23,570.4956,-13.81,570.4996,-1.5,0.3814,9.58,19.65,110213_s23,-40post
570.8758,-4,570.877,-14.44,570.8886,-1.75,0.4288,10.44,32.46,110213_s23,-40post
571.302,-3.85,571.3058,-15.63,571.3134,-2.38,0.2982,11.77,57.93,110213_s23,-40post
571.5994,-5.35,571.604,-30.88,571.6126,-8.75,0.7384,25.52,196.19,110213_s23,-40post
572.3408,-2.67,572.3424,-20,572.3516,-4.25,0.4292,17.33,106.97,110213_s23,-40post
572.7664,-4.77,572.7716,-18.69,572.777,-3.75,0.0968,13.92,37.48,110213_s23,-40post
572.866,-4.29,572.8684,-14.38,572.8768,-2.06,1.4252,10.08,24.38,110213_s23,-40post
574.2924,-5.63,574.2936,-20.38,574.2998,-3.75,1.9408,14.75,30.92,110213_s23,-40post
576.2314,-4.9,576.2344,-24.94,576.2424,-3,0,20.04,89.84,110213_s23,-40post
576.3448,-2.5,576.2344,-24.94,576.3572,-1.87,0.2626,22.44,44.75,110213_s23,-40post
576.495,-3.96,576.497,-17,576.5068,-3.06,0.3492,13.04,35.69,110213_s23,-40post
576.8438,-4.21,576.8462,-16.81,576.8542,-3.75,0.13,12.6,50.79,110213_s23,-40post
576.9716,-6.4,576.9762,-17.56,576.9828,-4.38,1.7904,11.17,27.21,110213_s23,-40post
578.7652,-4.02,578.7666,-17.81,578.772,-3.13,0.7586,13.79,41.68,110213_s23,-40post
579.5224,-4.94,579.5252,-22,579.5348,-4.56,0,17.06,62.92,110213_s23,-40post
580.6582,-7,579.5252,-22,580.664,-4.13,1.6418,15,15.93,110213_s23,-40post
581.165,-4.46,581.167,-15.13,581.1784,-3.25,0.2298,10.67,43.98,110213_s23,-40post
581.393,-6.06,581.3968,-28,581.4038,-6.69,0.6256,21.94,101.61,110213_s23,-40post
582.02,-4.85,582.0224,-16.13,582.031,-3.06,0.4332,11.27,42.12,110213_s23,-40post
582.453,-6.25,582.4556,-20.56,582.4622,-4,0,14.31,28.04,110213_s23,-40post
582.4928,-3.92,582.4556,-20.56,582.4984,-2.63,1.4826,16.65,20.81,110213_s23,-40post
583.9338,-8.33,583.9382,-18.44,583.9444,-6.06,0.1164,10.1,27.05,110213_s23,-40post
584.0528,-7.67,584.0546,-22.13,584.061,-5.81,2.1332,14.46,40.81,110213_s23,-40post
586.1852,-2.92,586.1878,-17,586.1962,-2.88,1.3226,14.08,60.81,110213_s23,-40post
587.507,-3.98,587.5104,-17.31,587.5178,-3.13,1.2516,13.33,76.13,110213_s23,-40post
588.7598,-6.52,588.762,-17.75,588.768,-4.63,2.4168,11.23,26.53,110213_s23,-40post
591.1744,-3.92,591.1788,-13.31,591.1846,-3.94,0.7958,9.4,49.3,110213_s23,-40post
591.9718,-4.1,591.9746,-14.88,591.9822,-3.38,0.0652,10.77,59.4,110213_s23,-40post
592.0346,-5.08,592.0398,-13.69,592.0452,-3.31,0.3714,8.6,29.8,110213_s23,-40post
592.4092,-3.9,592.4112,-17.81,592.4196,-3.06,2.867,13.92,65.5,110213_s23,-40post
595.2754,-6.48,595.2782,-21.63,595.2834,-3.63,0.2594,15.15,35.62,110213_s23,-40post
595.5352,-4.35,595.5376,-16.31,595.5432,-2.44,1.183,11.96,31.11,110213_s23,-40post
596.7186,-5.67,596.7206,-20.44,596.7284,-2.69,0,14.77,37.1,110213_s23,-40post
596.9128,-1.38,596.7206,-20.44,596.921,-1.31,1.5762,19.06,32.97,110213_s23,-40post
599.5932,-27.73,599.596,-45.69,599.6048,-30.62,0.0238,17.96,104.42,110213_s23,-70post
599.6184,-31.35,599.6198,-47.12,599.6274,-28.63,0.1568,15.77,31.34,110213_s23,-70post
599.773,-29.21,599.7766,-43.69,599.7874,-27.38,0.4602,14.48,48.88,110213_s23,-70post
600.2356,-30.17,600.2368,-46.31,600.2474,-28.5,0.262,16.15,37.39,110213_s23,-70post
600.4948,-31.48,600.4988,-57.88,600.507,-32.19,0.9666,26.4,148.06,110213_s23,-70post
601.4638,-27.54,601.4654,-39.69,601.4708,-25.75,0.1252,12.15,28.76,110213_s23,-70post
601.5888,-29.88,601.5906,-54.19,601.598,-28.19,0.1918,24.31,59.49,110213_s23,-70post
601.7808,-26.08,601.7824,-38.88,601.789,-24.75,0.0996,12.79,34.13,110213_s23,-70post
601.879,-29.04,601.882,-35.5,601.885,-25.94,0.1786,6.46,10.34,110213_s23,-70post
602.0576,-27.77,602.0606,-40.31,602.0682,-26.25,1.0924,12.54,32.05,110213_s23,-70post
603.1504,-29.5,603.153,-41.56,603.1602,-28.75,1.1002,12.06,58.38,110213_s23,-70post
604.2518,-25.42,604.2532,-41.75,604.2618,-26.19,0.535,16.33,49.51,110213_s23,-70post
604.7854,-26.54,604.7882,-42.81,604.797,-24.06,0.0876,16.27,56.63,110213_s23,-70post
604.8734,-24.94,604.8758,-52.88,604.8886,-28.5,1.3372,27.94,183.82,110213_s23,-70post
606.2114,-26.4,606.213,-45.31,606.2198,-26.69,0.3432,18.92,52.32,110213_s23,-70post
606.5526,-27.33,606.5562,-37.87,606.5634,-27.94,0.0254,10.54,45.51,110213_s23,-70post
606.5798,-28.02,606.5816,-62.75,606.5884,-30,0.0264,34.73,111.25,110213_s23,-70post
606.6028,-33.06,606.608,-43.81,606.6104,-29.69,0.0074,10.75,28.61,110213_s23,-70post
606.6102,-31.83,606.6154,-43.38,606.619,-28.94,0.1118,11.54,29.38,110213_s23,-70post
606.7222,-27.81,606.7272,-36.63,606.729,-26.44,0.0334,8.81,19.5,110213_s23,-70post
606.7574,-27.1,606.7606,-34.75,606.7628,-26.69,0.1818,7.65,19.87,110213_s23,-70post
606.9392,-34.38,606.9424,-43.38,606.949,-32.5,0.068,9,26.44,110213_s23,-70post
607.0076,-37.19,607.0104,-55.5,607.0148,-37.06,0.013,18.31,52.91,110213_s23,-70post
607.021,-36.44,607.0234,-66.38,607.0306,-36.38,0.4172,29.94,144.14,110213_s23,-70post
607.4354,-31.77,607.4406,-39.44,607.4502,-28.81,0.3376,7.67,15.06,110213_s23,-70post
607.7756,-27.85,607.7782,-43.31,607.7896,-27.94,0,15.46,65.5,110213_s23,-70post
607.939,-26.98,607.7782,-43.31,607.948,-26,0.7274,16.33,45.4,110213_s23,-70post
608.504,-29.69,608.5056,-44.94,608.5122,-28.5,0.0156,15.25,62.8,110213_s23,-70post
608.518,-29.02,608.5212,-44.69,608.5264,-29.06,0.322,15.67,64.71,110213_s23,-70post
608.8402,-31.31,608.8432,-63.69,608.8538,-33.31,0.6038,32.38,170.74,110213_s23,-70post
609.4418,-34.48,609.447,-41.94,609.4554,-29.69,0.3032,7.46,10.07,110213_s23,-70post
609.7444,-37.38,609.7502,-45.63,609.7542,-31.19,0.0672,8.25,14.51,110213_s23,-70post
609.8144,-31.04,609.8174,-81.44,609.8268,-36,0,50.4,300.23,110213_s23,-70post
609.977,-34.46,609.8174,-81.44,609.99,-31.19,0.4148,46.98,26.11,110213_s23,-70post
610.2268,-37.85,610.2322,-44.19,610.2452,-32.88,0.093,6.33,21.17,110213_s23,-70post
610.3234,-32.63,610.3252,-57.38,610.3346,-32.13,1.0208,24.75,67.15,110213_s23,-70post
611.3436,-34.13,611.346,-40,611.3512,-30.56,0.2476,5.88,19.59,110213_s23,-70post
611.5922,-30.17,611.5936,-40.69,611.5962,-30.13,0.1852,10.52,17.56,110213_s23,-70post
611.7736,-35.15,611.7788,-41.81,611.7904,-30.81,1.0056,6.67,10.4,110213_s23,-70post
612.7826,-29.25,612.7844,-55.19,612.7918,-28.25,0.3978,25.94,79.93,110213_s23,-70post
613.18,-28.33,613.1822,-47.81,613.1894,-25.81,2.0618,19.48,50.14,110213_s23,-70post
615.2412,-29.13,615.244,-40.88,615.2536,-28.31,0.3628,11.75,64.11,110213_s23,-70post
615.6008,-28.81,615.6068,-42.06,615.615,-25.63,1.3514,13.25,56.14,110213_s23,-70post
616.9544,-27.9,616.9582,-65.63,616.967,-31.12,1.786,37.73,224.5,110213_s23,-70post
618.7414,-27.6,618.7442,-38.88,618.7504,-26.25,0.851,11.27,44.77,110213_s23,-70post
619.5936,-27.63,619.5952,-41.56,619.5992,-25,1.4904,13.94,24.19,110213_s23,-70post
621.0834,-32.4,621.0856,-38.31,621.0886,-29.5,0.0288,5.92,8.12,110213_s23,-70post
621.1124,-30.17,621.1144,-40.5,621.1206,-29.06,0.0886,10.33,35.6,110213_s23,-70post
621.1992,-28.77,621.203,-39.19,621.2072,-26.94,0.9316,10.42,21.88,110213_s23,-70post
622.1328,-28.58,622.1346,-48.81,622.1408,-28.94,0.183,20.23,66.12,110213_s23,-70post
622.315,-31.04,622.3176,-42.06,622.3198,-27.94,0.118,11.02,12.77,110213_s23,-70post
622.4322,-29.4,622.4356,-40.37,622.4464,-27.63,0.1894,10.98,38.58,110213_s23,-70post
622.6218,-27.29,622.625,-43.88,622.6342,-27,1.2428,16.58,91.23,110213_s23,-70post
623.864,-24.69,623.8678,-35.31,623.8748,-25.06,0.402,10.63,50.79,110213_s23,-70post
624.2672,-28.5,624.2698,-52.56,624.2782,-28.75,0,24.06,121.1,110213_s23,-70post
624.6592,-27.33,624.2698,-52.56,624.6682,-27.87,2.2266,25.23,46.76,110213_s23,-70post
626.4956,-26.71,626.4964,-431.13,626.4982,-29,4.8586,404.42,107.63,110213_s23,-70post
631.352,-35.67,631.355,-66.06,631.363,-34.69,0.0444,30.4,149.86,110213_s23,-70post
631.3976,-34.46,631.3994,-61.81,631.4056,-34.38,0,27.35,74.47,110213_s23,-70post
632.0016,-34.19,631.3994,-61.81,632.0128,-32.81,0.6908,27.63,47.53,110213_s23,-70post
632.085,-35.48,632.0902,-43.38,632.097,-31.75,0.1156,7.9,16.34,110213_s23,-70post
632.2012,-35.65,632.2058,-51.56,632.212,-32.13,0.14,15.92,74.97,110213_s23,-70post
632.3444,-31.85,632.3458,-46.31,632.3554,-29.44,0.207,14.46,37.52,110213_s23,-70post
632.55,-33.21,632.5528,-50.25,632.569,-30.38,0.5794,17.04,67.51,110213_s23,-70post
633.1278,-29.54,633.1322,-40,633.1382,-29.19,0.396,10.46,32.13,110213_s23,-70post
633.5252,-30.38,633.5282,-96.56,633.5368,-37.25,0.0988,66.19,393.26,110213_s23,-70post
633.6218,-29.71,633.627,-36.38,633.6386,-27.69,0.0224,6.67,26,110213_s23,-70post
633.6476,-28.56,633.6494,-41.13,633.6542,-28.06,0.0454,12.56,37.26,110213_s23,-70post
633.691,-30.04,633.6948,-53.13,633.706,-32.88,2.3732,23.08,180.89,110213_s23,-70post
636.0648,-29.44,636.068,-43.81,636.0726,-27.38,0.5678,14.38,32.9,110213_s23,-70post
636.6348,-30.73,636.6358,-48.06,636.6412,-29.81,1.544,17.33,42.69,110213_s23,-70post
638.1776,-32.79,638.1798,-41,638.1932,-29.31,0.8514,8.21,40.37,110213_s23,-70post
639.0276,-27.75,639.0312,-38.94,639.0364,-26.25,0.7002,11.19,40.74,110213_s23,-70post
639.7268,-35.56,639.7314,-51.25,639.7432,-32.94,1.1818,15.69,75.07,110213_s23,-70post
640.9078,-34.06,640.9132,-55.12,640.9256,-33.63,0.2042,21.06,85.36,110213_s23,-70post
641.1144,-27.67,641.1174,-45.25,641.1266,-28.81,0.3412,17.58,89.2,110213_s23,-70post
641.4564,-31.96,641.4586,-42,641.4642,-30.5,1.751,10.04,25.7,110213_s23,-70post
643.206,-30.6,643.2096,-40.37,643.2174,-29.19,0.6236,9.77,47.48,110213_s23,-70post
643.8298,-32.38,643.8332,-48.94,643.8402,-30.75,1.0142,16.56,57.5,110213_s23,-70post
644.8436,-32.1,644.8474,-44.19,644.8548,-29.69,1.3064,12.08,60.19,110213_s23,-70post
646.151,-32.17,646.1538,-52.88,646.1586,-30.13,2.4144,20.71,46.8,110213_s23,-70post
648.5662,-32.69,648.5682,-48.37,648.577,-31.38,0,15.69,72.56,110213_s23,-70post
648.6992,-28.33,648.5682,-48.37,648.7126,-29,0.6214,20.04,71.85,110213_s23,-70post
649.186,-32.9,649.1896,-46.81,649.2032,-32.75,0.4444,13.92,103.3,110213_s23,-70post
649.6322,-29.79,649.634,-46,649.64,-29.81,0.164,16.21,54.7,110213_s23,-70post
649.796,-28.6,649.798,-41.19,649.8018,-28.31,0.2942,12.58,22.3,110213_s23,-70post
650.09,-32.77,650.0922,-45.25,650.101,-31.87,0,12.48,62.89,110213_s23,-70post
650.1402,-33.31,650.0922,-45.25,650.1518,-29.44,0.7372,11.94,28.04,110213_s23,-70post
650.8248,-34.6,650.8294,-46.94,650.8358,-32.06,0.3112,12.33,39.97,110213_s23,-70post
651.1374,-32.44,651.1406,-66.88,651.1488,-36.75,0.5582,34.44,196.73,110213_s23,-70post
651.6974,-29.96,651.6988,-55.25,651.7036,-29.31,0.2356,25.29,60.87,110213_s23,-70post
651.9314,-31.38,651.9344,-40.56,651.9396,-29.31,1.0152,9.19,31.69,110213_s23,-70post
652.9452,-29.9,652.9496,-49.38,652.9586,-29.06,0.0712,19.48,112.25,110213_s23,-70post
653.0188,-31.58,653.0208,-42.5,653.0266,-28.81,0.8952,10.92,13.28,110213_s23,-70post
653.9138,-29.25,653.916,-48.56,653.9276,-28.94,0.811,19.31,90.01,110213_s23,-70post
654.7248,-30.63,654.727,-52,654.7344,-28.94,0.2,21.38,44.17,110213_s23,-70post
654.924,-29.98,654.927,-43.88,654.9386,-29.44,0.258,13.9,69.23,110213_s23,-70post
655.1818,-28.33,655.185,-44.63,655.196,-28.69,0,16.29,95.17,110213_s23,-70post
656.7564,-30.15,655.185,-44.63,656.7676,-30.13,2.2444,14.48,66.71,110213_s23,-70post
657.4238,-30.94,657.4294,-43.69,657.434,-29.31,0.1986,12.75,27.68,110213_s23,-70post
657.6258,-31.79,657.628,-47.19,657.6336,-30.06,0.4716,15.4,30.13,110213_s23,-70post
658.0974,-29,658.0996,-37.25,658.112,-27.63,0.7838,8.25,51.84,110213_s23,-70post
658.8814,-30.44,658.8834,-54.56,658.8884,-29.63,0.2692,24.13,65.88,110213_s23,-70post
659.1508,-30.5,659.1526,-79.94,659.1606,-32.94,0.9116,49.44,173.82,110213_s23,-70post
660.0602,-31.67,660.0642,-43,660.0708,-29.56,0.2862,11.33,52.4,110213_s23,-70post
660.3486,-32.38,660.3504,-47.75,660.355,-30.56,0.3184,15.37,34.24,110213_s23,-70post
660.6642,-29.38,660.6688,-40.56,660.6772,-29.13,0.2416,11.19,53.46,110213_s23,-70post
660.908,-32.25,660.9104,-46.31,660.9212,-31.63,2.2376,14.06,62.2,110213_s23,-70post
663.1458,-30.06,663.148,-41.69,663.156,-28.06,1.5506,11.63,33.76,110213_s23,-70post
664.6944,-29.13,664.6986,-41.69,664.703,-29.44,0,12.56,51.11,110213_s23,-70post
664.9808,-33.25,664.6986,-41.69,664.9934,-31.44,0.3812,8.44,41.15,110213_s23,-70post
665.0782,-30.92,665.0798,-53.56,665.0854,-29.75,0.4252,22.65,46.25,110213_s23,-70post
665.5028,-33.42,665.505,-53.75,665.5128,-29.69,0.1384,20.33,42.74,110213_s23,-70post
665.6404,-30.33,665.6434,-66.56,665.6534,-31.19,0.35,36.23,189.75,110213_s23,-70post
665.9894,-30.83,665.9934,-44,666.005,-27.94,0.3668,13.17,41.47,110213_s23,-70post
666.3576,-29.67,666.3602,-45.94,666.3698,-30,1.2906,16.27,78.73,110213_s23,-70post
667.6454,-28.52,667.6508,-39.44,667.656,-26,0.899,10.92,27.62,110213_s23,-70post
668.5452,-27.75,668.5498,-39.06,668.5552,-27.31,0,11.31,50.31,110213_s23,-70post
669.8638,-29.71,668.5498,-39.06,669.8752,-28.38,1.5148,9.35,34.75,110213_s23,-70post
670.0634,-31.1,670.0646,-44.25,670.074,-29.37,1.7518,13.15,37.99,110213_s23,-70post
671.813,-31.54,671.8164,-43.5,671.8276,-30.44,0.523,11.96,56.8,110213_s23,-70post
672.3362,-28,672.3394,-42.44,672.3516,-28.38,0.3128,14.44,80.69,110213_s23,-70post
672.6492,-30.6,672.6522,-48.25,672.6624,-31,0.6168,17.65,101.59,110213_s23,-70post
673.2668,-31.81,673.269,-48.19,673.2762,-28.81,0.6752,16.38,47.91,110213_s23,-70post
673.941,-31.38,673.9442,-44.13,673.9538,-30.88,0.6904,12.75,85.82,110213_s23,-70post
674.632,-29.48,674.6346,-54,674.6434,-32.94,0.8062,24.52,146.55,110213_s23,-70post
675.4386,-30.6,675.4408,-47.19,675.4536,-31.06,0.6946,16.58,96.73,110213_s23,-70post
676.1318,-34.06,676.1354,-53.25,676.1426,-32.69,0.4104,19.19,48.51,110213_s23,-70post
676.544,-32.4,676.5458,-46.75,676.5518,-31.19,0.3986,14.35,48.26,110213_s23,-70post
676.9418,-31.69,676.9444,-42.63,676.9544,-30.5,1.561,10.94,54.54,110213_s23,-70post
678.5026,-28.29,678.5054,-48.94,678.517,-29.81,1.672,20.65,95.09,110213_s23,-70post
680.1744,-27.75,680.1774,-40.81,680.186,-29.25,0.847,13.06,79.94,110213_s23,-70post
681.0214,-28.38,681.0244,-43,681.0332,-27.69,0.6652,14.63,59.97,110213_s23,-70post
681.6874,-29.69,681.6896,-53.25,681.6992,-29.94,1.5618,23.56,89.7,110213_s23,-70post
683.2484,-29.88,683.2514,-43.38,683.2668,-27.87,0.733,13.5,95.88,110213_s23,-70post
683.983,-33.92,683.9844,-51.25,683.992,-30.31,0.5618,17.33,40.93,110213_s23,-70post
684.543,-30.75,684.5462,-73.5,684.5554,-34.25,0.6512,42.75,275.94,110213_s23,-70post
685.1942,-31.06,685.1974,-56.37,685.206,-31.63,0.1138,25.31,128.56,110213_s23,-70post
685.308,-32.19,685.3112,-58.38,685.3184,-31.69,0.2984,26.19,120.56,110213_s23,-70post
685.6056,-30.27,685.6096,-45.06,685.6172,-28.69,0,14.79,68.04,110213_s23,-70post
686.614,-32.63,685.6096,-45.06,686.6348,-28.75,3.16,12.44,20.33,110213_s23,-70post
688.7658,-34.4,688.7696,-42.63,688.7824,-32.56,1.1078,8.23,51.76,110213_s23,-70post
689.8722,-36.15,689.8774,-67.81,689.888,-39.44,0.304,31.67,259.48,110213_s23,-70post
690.1776,-31.69,690.1814,-40.31,690.1888,-28.19,1.2122,8.63,19.99,110213_s23,-70post
691.3898,-34.81,691.3936,-48.94,691.4016,-32.31,0.766,14.13,55.71,110213_s23,-70post
692.157,-30.48,692.1596,-65.75,692.172,-34.25,1.519,35.27,237.79,110213_s23,-70post
693.675,-36.21,693.6786,-43.5,693.6886,-33.56,0,7.29,34.61,110213_s23,-70post
694.802,-33.81,693.6786,-43.5,694.8146,-30.94,2.1686,9.69,30.78,110213_s23,-70post
695.8448,-33.75,695.8472,-63.75,695.8548,-33.5,0.0442,30,134.43,110213_s23,-70post
695.8886,-35.38,695.8914,-59.81,695.8984,-35.19,0,24.44,102.03,110213_s23,-70post
