NumEvent,TimRef,Ref,TimPeak,Peak,TimEnd,End,IEI,Amp,Area
0,0.0852,-77.06,0.0915,-97.19,0.0999,-77.69,0.1866,20.13,134.66
1,0.2736,-83.96,0.2781,-102.88,0.2835,-80.25,0.4401,18.92,69.54
2,0.7155,-82.67,0.7182,-112.69,0.7227,-83.88,0.309,30.02,85.66
3,1.0224,-85.98,1.0272,-123.06,1.0332,-87.13,0.2055,37.08,144.27
4,1.2288,-83.08,1.2327,-107.06,1.2408,-87.19,0.0417,23.98,184.71
5,1.2663,-89.65,1.2744,-116,1.2801,-96.06,0.2004,26.35,186.44
6,1.4694,-81.98,1.4748,-103.19,1.4829,-84,0.249,21.21,126.18
7,1.7202,-94.1,1.7238,-115.25,1.7391,-84.88,0.435,21.15,66.23
8,2.1558,-81.98,2.1588,-103.13,2.1633,-81.88,0.1113,21.15,54.59
9,2.2674,-94.69,2.2701,-118.94,2.2809,-91.63,0.1689,24.25,135.45
10,2.4294,-85.92,2.439,-106.75,2.4435,-88.25,0.4203,20.83,110.01
11,2.8563,-88.04,2.8593,-102.81,2.8653,-81.75,0.0081,14.77,20.41
12,2.865,-82.65,2.8674,-103.13,2.8707,-81.69,0.0825,20.48,45.17
13,2.9451,-99.02,2.9499,-127.25,2.9616,-94.31,0.1227,28.23,192.64
14,3.066,-84.67,3.0726,-106.88,3.0828,-87.81,0.0978,22.21,211.33
15,3.1659,-76.1,3.1704,-111.81,3.1842,-93,0.0465,35.71,454.04
16,3.2103,-96.48,3.2169,-111.06,3.2253,-86.19,0.2907,14.58,71.89
17,3.5061,-80.13,3.5076,-104.44,3.5112,-83.88,0.4539,24.31,63.66
18,3.9549,-83.6,3.9615,-115.94,3.9657,-82.25,0,32.33,106.73
19,4.191,-84.65,3.9615,-115.94,4.2045,-80.19,0.8892,31.29,88.61
20,4.8459,-91.38,4.8507,-118.81,4.8609,-91,0.1062,27.44,158.25
21,4.9521,-95.04,4.9569,-120.31,4.968,-97.25,0.345,25.27,186.43
22,5.2932,-90.38,5.3019,-114.13,5.3109,-87.5,0.9168,23.75,159.81
23,6.2151,-85.58,6.2187,-113.31,6.2262,-87.75,0.4206,27.73,153.25
24,6.6327,-85.75,6.6393,-108.13,6.6453,-85.88,0,22.38,116.01
25,6.774,-84.27,6.6393,-108.13,6.7905,-81.38,0.1644,23.85,57.87
26,6.7974,-80.52,6.8037,-99.81,6.8142,-81.44,0.1386,19.29,139.71
27,6.9327,-83.69,6.9423,-112,6.9507,-87.38,0.2373,28.31,198.88
28,7.1736,-78.17,7.1796,-103.19,7.1907,-84.5,0.3456,25.02,242.22
29,7.5159,-81.67,7.5252,-105.44,7.5309,-84.5,0.1005,23.77,155.49
30,7.6212,-84.81,7.6257,-105.13,7.6413,-85.56,0.0594,20.31,129.38
31,7.6815,-84.25,7.6851,-101.75,7.6902,-82.38,0.363,17.5,51.54
32,8.043,-82.21,8.0481,-102.75,8.0529,-77.31,0.1716,20.54,43.4
33,8.2146,-79.6,8.2197,-110.25,8.2275,-74.19,0.219,30.65,131.39
34,8.433,-82.81,8.4387,-105.44,8.448,-80.19,0.2259,22.63,167.94
35,8.6625,-89.27,8.6646,-116.88,8.6724,-87,0.0906,27.6,105.48
36,8.7519,-77.27,8.7552,-108.75,8.7654,-86.94,0.0492,31.48,301.44
37,8.7948,-86.02,8.8044,-109,8.8152,-84.06,0.0825,22.98,162.24
38,8.8833,-79.79,8.8869,-98.81,8.9028,-82.5,0.0456,19.02,148.14
39,8.9292,-76.77,8.9325,-102.44,8.9385,-83.69,0.0918,25.67,141.72
40,9.0171,-78.94,9.0243,-101.19,9.0309,-78.69,0.5019,22.25,135.45
41,9.5211,-83.17,9.5262,-101.31,9.5328,-76.94,0.3564,18.15,61.94
42,9.8778,-72.46,9.8826,-96,9.8922,-72.75,1.002,23.54,191.86
43,10.8789,-74.04,10.8846,-104,10.8915,-75,0.1215,29.96,171.12
44,10.9989,-69.02,11.0061,-95.44,11.0106,-76.06,0.1998,26.42,181.62
45,11.1996,-79.83,11.2059,-114.38,11.2149,-74.13,0.0822,34.54,205.48
46,11.2797,-79.44,11.2881,-106.25,11.2983,-81.63,0.5355,26.81,206.63
47,11.8167,-74.79,11.8236,-99.25,11.8311,-80.5,0.3084,24.46,240.16
48,12.1221,-83.23,12.132,-104,12.1398,-76.88,0.0564,20.77,90.68
49,12.1857,-80.56,12.1884,-100.75,12.1959,-77.63,0.6123,20.19,91.48
50,12.7971,-78.5,12.8007,-105.19,12.8124,-73.81,0,26.69,133.11
51,12.9819,-72.15,12.8007,-105.19,12.9963,-76.06,0.3063,33.04,172.49
52,13.101,-72.06,13.107,-94.31,13.1127,-70.63,0,22.25,117.09
53,13.3599,-71.15,13.107,-94.31,13.3725,-74.31,0.8055,23.17,181.1
54,13.9047,-74.21,13.9125,-96.25,13.92,-72.56,0.2727,22.04,113.11
55,14.1819,-75.23,14.1852,-98,14.1939,-66.94,1.2015,22.77,84.09
56,15.3831,-78.79,15.3867,-105.69,15.3978,-70.13,0.1062,26.9,58.7
57,15.4836,-72.6,15.4929,-100.63,15.5007,-74.75,0.0567,28.02,193.73
58,15.5475,-72.79,15.5496,-101.94,15.5586,-70.94,0.1743,29.15,146.38
59,15.7218,-72.9,15.7239,-95.88,15.735,-71.88,0.5862,22.98,135.67
60,16.3011,-64.08,16.3101,-83.5,16.317,-63.06,1.0608,19.42,152.92
61,17.3655,-79.08,17.3709,-94.38,17.3859,-70.56,0,15.29,16.8
62,17.688,-63.98,17.3709,-94.38,17.7039,-71.5,0.8841,30.4,227.38
63,18.2451,-78.63,18.255,-98.19,18.2667,-69.5,0.8763,19.56,97.37
64,19.1289,-71.92,19.1313,-105.38,19.143,-72.44,0.195,33.46,153.26
65,19.3227,-78.94,19.3263,-100.06,19.3389,-68.25,0.8259,21.13,64.35
66,20.148,-73.69,20.1522,-95.38,20.1597,-71.31,0.2808,21.69,86.4
67,20.4282,-76.38,20.433,-90.31,20.4396,-65.81,0.7254,13.94,6.71
68,21.1521,-72.54,21.1584,-93.88,21.1695,-71.56,1.4937,21.33,163.87
69,22.6482,-66.1,22.6521,-97.88,22.6617,-67.75,0.0321,31.77,217.97
70,22.6806,-70.04,22.6842,-89,22.6911,-67.81,1.6674,18.96,68.42
71,24.3492,-62.83,24.3516,-81.63,24.3633,-61.94,1.7274,18.79,130.63
72,26.0748,-70.71,26.079,-100.25,26.0862,-68.63,0.2073,29.54,131.34
73,26.2845,-67.88,26.2863,-87.5,26.2935,-65.75,0.7473,19.63,52.61
74,27.0303,-69.65,27.0336,-95.31,27.0438,-70.69,0.6114,25.67,216.28
75,27.6351,-74.23,27.645,-86.5,27.6504,-68.13,0.4389,12.27,47.56
76,28.0755,-67.94,28.0839,-94.88,28.0908,-70.31,0.0777,26.94,185.16
77,28.1583,-75.5,28.1616,-103.63,28.1688,-73.38,0.7314,28.13,141.02
78,28.8906,-69.94,28.893,-93.56,28.9092,-72.69,0.1473,23.63,213.99
79,29.0361,-71.06,29.0403,-100.19,29.0475,-75.94,0.1641,29.13,181.54
80,29.196,-75.08,29.2044,-98.38,29.2143,-71.19,0.036,23.29,143.2
81,29.2332,-70.94,29.2404,-97.5,29.2512,-74.5,0.0252,26.56,206.76
82,29.2584,-72.73,29.2656,-87.06,29.274,-64.75,0.7566,14.33,57.59
83,30.0168,-72.98,30.0222,-90.81,30.0312,-67.25,0.5352,17.83,80.18
84,30.5553,-71.98,30.5574,-105,30.5679,-76.38,0,33.02,217.6
85,30.6183,-73.1,30.5574,-105,30.6291,-74.5,0.5043,31.9,152.09
86,31.0578,-66.6,31.0617,-93.5,31.0725,-69.94,0.627,26.9,188.19
87,31.6791,-77.9,31.6887,-91.69,31.6962,-73.31,0.3012,13.79,78.18
88,31.9836,-66.85,31.9899,-92.44,31.9989,-65.81,0.0948,25.58,112.69
89,32.0787,-68.85,32.0847,-91.19,32.0934,-70.13,1.9851,22.33,153.14
90,34.0611,-70.54,34.0698,-101.75,34.0767,-71.94,0.6345,31.21,176.11
91,34.7019,-57.46,34.7043,-84.38,34.7127,-63.63,0.264,26.92,165.78
92,34.9644,-60.75,34.9683,-78.56,34.9764,-63.44,0.0381,17.81,121.22
93,35.001,-66.9,35.0064,-89.19,35.0136,-69.19,0.6702,22.29,164.66
94,35.6736,-63.77,35.6766,-86.81,35.6901,-67.94,0,23.04,225.46
95,37.4208,-59.29,35.6766,-86.81,37.4394,-61.31,1.9584,27.52,219.99
96,37.6299,-63.52,37.635,-79.75,37.6449,-60.69,0,16.23,57.11
97,37.803,-64.92,37.635,-79.75,37.8162,-57.25,1.9107,14.83,36.92
98,39.5421,-63.88,39.5457,-98,39.5592,-69.81,0.0498,34.13,287.44
99,39.5889,-68.19,39.5955,-87.56,39.6024,-67.81,0.4425,19.38,88.16
100,40.0344,-81.29,40.038,-102.25,40.0452,-74.38,1.1667,20.96,72.01
101,41.202,-61.21,41.2047,-84.25,41.22,-66.94,0.3282,23.04,179.82
102,41.5311,-76.25,41.5329,-92.44,41.5416,-70.88,0.0651,16.19,69.34
103,41.5893,-63.73,41.598,-98,41.6043,-71.31,0.042,34.27,201.81
104,41.6349,-66.63,41.64,-84.38,41.655,-67.06,0.5271,17.75,88.97
105,42.1647,-71.19,42.1671,-93.19,42.1818,-66.44,2.0082,22,95.42
106,44.1714,-62.75,44.1753,-84,44.1837,-64.69,1.4082,21.25,136.07
107,45.5787,-76.54,45.5835,-95.81,45.5988,-74.88,0.8097,19.27,100.04
108,46.3902,-74.6,46.3932,-92.75,46.4022,-70,0.3468,18.15,99.74
109,46.7352,-70.38,46.74,-88.75,46.7472,-68.63,0.2592,18.38,75.9
110,46.9902,-67.96,46.9992,-97,47.01,-72.13,0.3774,29.04,273.07
111,47.3727,-65.4,47.3766,-90.38,47.3868,-67.94,0.2532,24.98,189.28
112,47.6265,-71.46,47.6298,-86.13,47.6391,-67.19,0.2232,14.67,58.81
113,47.8437,-70.6,47.853,-93.81,47.8647,-63.75,0.3792,23.21,112.06
114,48.2286,-67.15,48.2322,-86.38,48.2451,-64.94,0.4302,19.23,82.99
115,48.6576,-55.58,48.6624,-73.5,48.6714,-51.69,1.3806,17.92,88.43
116,50.0373,-76.02,50.043,-92.38,50.0499,-71.06,0,16.35,59.71
117,50.0682,-67.75,50.043,-92.38,50.0856,-61.5,0.2778,24.63,93.32
118,50.3184,-59.56,50.3208,-78.75,50.3292,-56,0.4788,19.19,100.86
119,50.7945,-58.58,50.7996,-79.94,50.8068,-58.94,1.047,21.35,122.94
120,51.8382,-63.23,51.8466,-82.5,51.8568,-61.13,0.1362,19.27,142.43
121,51.9768,-73.52,51.9828,-90.63,51.9903,-70.94,1.1193,17.1,106.94
122,53.0991,-58.81,53.1021,-78.88,53.1147,-57.81,0.0822,20.06,109.89
123,53.1816,-67.04,53.1843,-90.44,53.1954,-69.38,0.621,23.4,162.39
124,53.8002,-60.88,53.8053,-81.63,53.8113,-60,0.1725,20.75,101.59
125,53.9751,-64.15,53.9778,-89.94,53.9871,-70.44,0.1422,25.79,155.91
126,54.1137,-69.08,54.12,-93.31,54.1263,-75.25,0.3666,24.23,192.52
127,54.4761,-78.04,54.4866,-101.56,54.4953,-78.63,0.1578,23.52,232.83
128,54.6378,-87.27,54.6444,-110.88,54.6519,-80.25,0.7218,23.6,91.05
129,55.3596,-68.69,55.3662,-87.81,55.3746,-64.25,0.2208,19.13,81.17
130,55.5834,-68.31,55.587,-102.19,55.5948,-73.44,0.285,33.88,241.44
131,55.8687,-79.98,55.872,-100.06,55.8867,-74.88,0.2913,20.08,76.83
132,56.1594,-70.19,56.1633,-89.25,56.1732,-69.44,0.2526,19.06,116.79
133,56.4135,-61.17,56.4159,-81.13,56.4288,-56.69,2.2752,19.96,95.37
134,58.6839,-60.33,58.6911,-90.5,58.6968,-66,0.0354,30.17,203.71
135,58.7232,-72.77,58.7265,-93.88,58.7346,-70.63,0.6594,21.1,85.37
136,59.3805,-69.44,59.3859,-88.69,59.3949,-65.75,0,19.25,97.05
137,59.916,-66.44,59.3859,-88.69,59.9322,-72.69,1.3224,22.25,195.68
138,60.7023,-72.33,60.7083,-93.5,60.7164,-73.94,0.2619,21.17,148.18
139,60.9648,-78.23,60.9702,-96.25,60.9816,-70.63,0.2493,18.02,102.54
140,61.2177,-70.06,61.2195,-94.63,61.2333,-67.69,1.1874,24.56,137.87
141,62.4006,-68.13,62.4069,-90,62.4171,-66.13,0.1764,21.88,119.96
142,62.5728,-74.1,62.5833,-94.38,62.5923,-66.63,0.033,20.27,152.36
143,62.6061,-67.46,62.6163,-103.06,62.625,-64.63,1.0353,35.6,199.25
144,63.6456,-67.63,63.6516,-88.31,63.6618,-67.44,0.1584,20.69,179.32
145,63.8058,-64.69,63.81,-82.63,63.8175,-62.81,0.4182,17.94,86.38
146,64.2252,-64.44,64.2282,-95,64.2366,-67.44,0.3219,30.56,180.43
147,64.5441,-68.52,64.5501,-86.44,64.5579,-69.06,0.1023,17.92,118.24
148,64.6461,-69.4,64.6524,-92.81,64.6584,-64.13,0.7734,23.42,99.47
149,65.4237,-62.27,65.4258,-90.13,65.4366,-60.94,0.4917,27.85,124.49
150,65.9142,-60.17,65.9175,-89.25,65.9337,-67.13,0.1737,29.08,237.66
151,66.0837,-71.5,66.0912,-91.44,66.0978,-69.25,0,19.94,129.06
152,66.2283,-73.67,66.0912,-91.44,66.2397,-67.75,0.6819,17.77,70.26
153,66.7689,-58.81,66.7731,-89.56,66.7854,-58.94,0.5448,30.75,181.27
154,67.3089,-71.83,67.3179,-106.44,67.3233,-80.19,0.4569,34.6,213.89
155,67.7688,-67.94,67.7748,-94.69,67.7886,-71.88,0.5457,26.75,236.63
156,68.3172,-63.71,68.3205,-94.88,68.3343,-73.13,0.4206,31.17,287.98
157,68.7309,-68.31,68.7411,-84.94,68.7441,-65.63,0.0465,16.63,126.07
158,68.7813,-62.46,68.7876,-88.69,68.8011,-67.38,0.1203,26.23,256.89
159,68.9016,-58.38,68.9079,-78.13,68.9211,-54.06,0.5583,19.75,117.13
160,69.4641,-66.77,69.4662,-84.81,69.4743,-64.81,0.033,18.04,78.44
161,69.4884,-82.98,69.4992,-101.63,69.5034,-74.31,0.0312,18.65,53.61
162,69.5247,-64.54,69.5304,-96.63,69.5436,-68.94,0.243,32.08,342.27
163,69.765,-65.04,69.7734,-93.44,69.7818,-71.88,0.2427,28.4,267.58
164,70.0134,-57.77,70.0161,-79.19,70.0278,-60.56,0.6837,21.42,132.63
165,70.6923,-67.69,70.6998,-90.25,70.7103,-69.31,0.0558,22.56,183.69
166,70.7469,-61.96,70.7556,-82.25,70.7619,-64.81,0.1398,20.29,159.88
167,70.8912,-70.75,70.8954,-91.38,70.9035,-71,0.4863,20.63,101.31
168,71.3745,-63.25,71.3817,-88.19,71.3901,-61.19,0,24.94,139.99
169,71.43,-63.73,71.3817,-88.19,71.4381,-62.63,0.2514,24.46,76.73
170,71.625,-53.25,71.6331,-77.44,71.6385,-56.69,0.1368,24.19,192.88
171,71.7636,-56.69,71.7699,-79.31,71.778,-59.75,0.0312,22.63,171.41
172,71.7984,-62.44,71.8011,-89.19,71.8164,-68.25,0.0507,26.75,287.81
173,71.8422,-48.81,71.8518,-80.75,71.8593,-55.5,0.8205,31.94,291.94
174,72.6684,-61.17,72.6723,-82.81,72.6828,-57.06,0.1683,21.65,129.16
175,72.8385,-62.65,72.8406,-90.38,72.8577,-70.94,0.6306,27.73,237.18
176,73.4694,-62.69,73.4712,-87.81,73.4805,-63.5,0.621,25.13,148.91
177,74.0883,-69.29,74.0922,-89.25,74.1033,-71.69,0.2244,19.96,170.1
178,74.3094,-66.29,74.3166,-90.25,74.3256,-65.81,1.3098,23.96,149.16
179,75.6246,-76.98,75.6264,-100.88,75.6333,-77.13,0.0342,23.9,109.29
180,75.6531,-77.92,75.6606,-110.88,75.6687,-77.38,0.2157,32.96,201.24
181,75.8688,-67.6,75.8763,-90.25,75.8826,-67.06,0.3831,22.65,138.39
182,76.2486,-69.46,76.2594,-91.94,76.2651,-69.75,0.1626,22.48,136.22
183,76.4142,-64.15,76.422,-89.81,76.428,-69.44,0.2631,25.67,169.6
184,76.6803,-65.13,76.6851,-93.56,76.6929,-62.13,0.1446,28.44,121.52
185,76.8252,-62.04,76.8297,-86.56,76.8414,-63,0.6867,24.52,162.64
186,77.5128,-56.46,77.5164,-79.75,77.526,-56.63,0.3222,23.29,141.64
187,77.8338,-57.62,77.8386,-81.44,77.8509,-59.19,0.0615,23.81,157.44
188,77.8926,-61.54,77.9001,-85.94,77.9067,-55.31,0.2454,24.4,66.43
189,78.1356,-50.63,78.1455,-71.19,78.1527,-53.5,0.7554,20.56,143.7
190,78.8937,-60.92,78.9009,-78.31,78.9075,-59.19,0.7035,17.4,90.97
191,79.6002,-67.81,79.6044,-90.31,79.617,-62.31,0.6291,22.5,81.06
192,80.2242,-71,80.2335,-88.19,80.2416,-68.44,0.2499,17.19,117.58
193,80.4798,-65.42,80.4834,-93.69,80.4921,-66.25,0.369,28.27,162.52
194,80.8464,-66.38,80.8524,-92.75,80.8653,-70.63,0.0339,26.38,212.7
195,80.8773,-73.29,80.8863,-96.31,80.8932,-70.75,0.3558,23.02,176.72
196,81.2376,-61.38,81.2421,-86.38,81.2529,-63.5,0.42,25,182.29
197,81.6558,-61.15,81.6621,-87.69,81.6729,-68.38,0.2604,26.54,314.9
198,81.9159,-74.69,81.9225,-101.13,81.9318,-76.56,0.5604,26.44,210.04
199,82.4784,-70.42,82.4829,-89.69,82.4943,-74.56,0.6609,19.27,215.79
200,83.1369,-65.63,83.1438,-90.56,83.1528,-67.63,0.3441,24.94,230.34
201,83.4831,-74.46,83.4879,-89.19,83.4909,-68.94,0.5154,14.73,60.92
202,83.9982,-76.92,84.0033,-102.63,84.0153,-74.69,0.6426,25.71,225.47
203,84.6357,-60.94,84.6459,-84.06,84.6513,-60.81,0.2178,23.13,147.64
204,84.8526,-62.04,84.8637,-83.56,84.8718,-58.19,0.399,21.52,149.34
205,85.2582,-60.67,85.2627,-80.88,85.272,-60.75,2.5515,20.21,162.71
206,87.8088,-60.02,87.8142,-92,87.8247,-62.94,0.2319,31.98,220.89
207,88.038,-49.92,88.0461,-69.75,88.0542,-49.13,0.1851,19.83,163.21
208,88.2225,-67.71,88.2312,-85.38,88.2384,-61.19,1.9944,17.67,81.82
209,90.222,-67.98,90.2256,-101.69,90.2376,-69.38,0.4269,33.71,213.05
210,90.6447,-74.15,90.6525,-93.56,90.6588,-70.5,0.6519,19.42,98.61
211,91.2993,-58.65,91.3044,-84,91.317,-56.44,0.1641,25.35,192.09
212,91.4607,-61.75,91.4685,-95,91.473,-66.75,2.5443,33.25,235.5
213,94.0098,-58.12,94.0128,-74.31,94.0284,-59.75,1.7835,16.19,106.13
214,95.7876,-47.44,95.7963,-71.69,95.805,-51.19,0.9363,24.25,197.23
215,96.7281,-45.96,96.7326,-66.75,96.7407,-51,0.1287,20.79,167.66
216,96.8571,-49.52,96.8613,-71.19,96.8769,-52.88,2.1255,21.67,176.11
217,98.9829,-54.96,98.9868,-83.19,99.003,-65.5,0.3135,28.23,250.08
218,99.2904,-60.21,99.3003,-75.19,99.3102,-53.63,0.9408,14.98,82.25
219,100.233,-60.48,100.2411,-90.19,100.2486,-64.38,0.0312,29.71,192.89
220,100.2681,-66.94,100.2723,-95.75,100.2816,-69.5,1.8786,28.81,206.44
221,102.1479,-41.94,102.1509,-68,102.1626,-44.56,0.0906,26.06,208.95
222,102.2331,-50.9,102.2415,-82.19,102.2508,-55.56,1.0089,31.29,249.96
223,103.2441,-44.4,103.2504,-73.69,103.2594,-55.06,1.1892,29.29,285.5
224,104.4324,-43.6,104.4396,-64.31,104.4513,-44,0.1023,20.71,163.45
225,104.5386,-43.85,104.5419,-69.19,104.5527,-45.06,0.3165,25.33,208.09
226,104.8527,-54.88,104.8584,-71.31,104.8662,-52.44,1.0227,16.44,79.43
227,105.8754,-47.85,105.8811,-73.81,105.8916,-51.44,0.1338,25.96,234.36
228,106.0095,-44.15,106.0149,-65.06,106.0251,-45.31,1.0077,20.92,182.91
229,107.0163,-45.96,107.0226,-72.75,107.0316,-49,0.2607,26.79,133.46
230,107.2803,-49.35,107.2833,-73.94,107.2902,-45.25,2.8143,24.58,93.57
231,110.0928,-43.35,110.0976,-73.38,110.1051,-50.31,0.0621,30.02,225.26
232,110.1558,-43.5,110.1597,-67.19,110.1759,-44.44,0.2136,23.69,193.39
233,110.37,-45.44,110.3733,-67.94,110.3859,-44.13,0.2982,22.5,161.19
234,110.6616,-49.04,110.6715,-69.06,110.6802,-47.25,1.5876,20.02,145.54
235,112.254,-39.02,112.2591,-70.63,112.2711,-45.94,0.4671,31.6,313.08
236,112.7181,-38.13,112.7262,-63.44,112.7349,-43.63,0.7962,25.31,227.72
237,113.5182,-45.98,113.5224,-69.88,113.5305,-43.5,0.7443,23.9,123.49
238,114.2628,-48.06,114.2667,-69.19,114.2793,-44.06,0.1374,21.13,115.8
239,114.3981,-46.46,114.4041,-65.56,114.4179,-42.38,0.1221,19.1,109.1
240,114.5226,-41.73,114.5262,-60.44,114.5379,-37.94,0,18.71,73.79
241,114.8577,-43.19,114.5262,-60.44,114.87,-44.56,1.7043,17.25,129.34
242,116.2224,-39.56,116.2305,-60.81,116.2383,-41.56,0.2886,21.25,135.45
243,116.511,-37.9,116.5191,-65,116.5269,-44.69,1.2204,27.1,277.11
244,117.7296,-45.27,117.7395,-66.44,117.7479,-41.38,0.5052,21.17,124.94
245,118.2411,-41.31,118.2447,-66.06,118.2534,-44.75,0.9372,24.75,145.95
246,119.1768,-68.94,119.1819,-87.44,119.1894,-68.25,0.0294,18.5,112.48
247,119.2017,-73.04,119.2113,-89.94,119.2269,-76.88,0.4341,16.9,83.97
248,119.6385,-74.25,119.6454,-98.94,119.6604,-76.63,1.299,24.69,272.23
249,120.9408,-54.69,120.9444,-75.38,120.9501,-56.56,0.0453,20.69,107.03
250,120.9813,-51.6,120.9897,-68.19,120.9972,-49.13,1.8405,16.58,85.41
251,122.8248,-41.04,122.8302,-63.06,122.8359,-42,0.7251,22.02,106.49
252,123.5517,-36.96,123.5553,-61.31,123.5709,-43.31,0.5694,24.35,138.61
253,124.1217,-41.75,124.1247,-69.63,124.1355,-43,2.1,27.88,165.43
254,126.2205,-32.27,126.2247,-58,126.2349,-37.25,1.0128,25.73,183.46
255,127.2315,-51.69,127.2375,-68.81,127.2498,-45.75,0.573,17.13,71.36
256,127.8054,-33.17,127.8105,-52.56,127.8192,-30.5,2.3598,19.4,112.64
257,130.1673,-27.98,130.1703,-51.75,130.179,-32.19,1.6092,23.77,168.38
258,131.7702,-39.35,131.7795,-55.38,131.7861,-36.31,0.2985,16.02,56.27
259,132.0714,-38.9,132.078,-62.69,132.0909,-39.69,0.1578,23.79,171.71
260,132.2304,-28.15,132.2358,-47.81,132.249,-27.13,0.159,19.67,106.89
261,132.3882,-31.17,132.3948,-60.25,132.4062,-37.75,0.0867,29.08,250.13
262,132.4713,-34.23,132.4815,-60.19,132.4884,-38.88,0.7719,25.96,189.27
263,133.2513,-28.38,133.2534,-54.06,133.2651,-31.69,1.8657,25.69,220.05
264,135.1095,-42.23,135.1191,-58.13,135.1251,-38.38,0.498,15.9,56.62
265,135.6075,-34.04,135.6171,-56,135.6246,-35.06,0.2835,21.96,201.61
266,135.8958,-35.52,135.9006,-60.69,135.9069,-35.88,0.3333,25.17,130.02
267,136.2315,-30.94,136.2339,-52.81,136.2456,-33,1.6293,21.88,132.17
268,137.8536,-34.77,137.8632,-52.31,137.868,-33.69,0.15,17.54,79.06
269,138.0105,-33.75,138.0132,-53.88,138.0261,-37.56,0.4059,20.13,233.51
270,138.417,-37.52,138.4191,-61.87,138.4287,-33.31,0.2745,24.35,96.65
271,138.6903,-40.35,138.6936,-62.75,138.7053,-39.94,4.3572,22.4,163.87
272,143.049,-39,143.0508,-58.81,143.058,-36.69,1.2297,19.81,69.04
273,144.2775,-33.67,144.2805,-51,144.2898,-30.44,4.4115,17.33,88.87
274,148.677,-39.08,148.692,-49.31,148.6947,605,0.0153,10.23,0
275,148.7037,160.88,148.7073,147.44,148.7199,163.44,2.5911,13.44,88.43
276,151.2891,140.77,151.2984,120.31,151.3101,145.13,0.069,20.46,94.64
277,151.3587,148.77,151.3674,128.25,151.377,147.88,0,20.52,165.39
278,153.7449,147.9,151.3674,128.25,153.7605,146.44,2.487,19.65,150.39
279,153.8451,141.4,153.8544,120.56,153.8604,142.5,5.424,20.83,109.04
280,159.2679,134.69,159.2784,114.56,159.2847,135,3.0126,20.12,130.12
281,162.2871,137.33,162.291,119.38,162.3066,131.94,1.9659,17.96,193.74
282,164.2494,135.94,164.2569,115.06,164.2638,134.5,0,20.88,172.46
283,164.8752,134.98,164.2569,115.06,164.8977,128.87,9.7662,19.92,185.17
284,174.0183,117.5,174.0231,93.06,174.0384,115.38,0.1023,24.44,260.79
285,174.1185,124.44,174.1254,99.38,174.1332,122.5,3.0606,25.06,159.56
286,177.1797,107.29,177.186,91.19,177.1932,114.31,0.4788,16.1,64.81
287,177.6564,113.94,177.6648,88.88,177.6738,105.5,0.3216,25.06,282.34
288,177.9813,115.31,177.9864,89.81,177.9969,112.81,0,25.5,200.02
289,179.5425,113.9,177.9864,89.81,179.5551,119.38,3.3819,24.08,55.15
290,181.3638,115.69,181.3683,93,181.3773,112.25,2.7219,22.69,162.58
291,184.0854,113.67,184.0902,94.13,184.0992,109.44,0.1023,19.54,176.71
292,184.1856,112,184.1925,91.5,184.206,107.94,0,20.5,205.26
293,190.6299,114.56,184.1925,91.5,190.6419,114.38,7.6845,23.06,115.16
294,191.8725,109.85,191.877,91.75,191.8923,103.5,1.8267,18.1,171.59
295,193.6944,120.38,193.7037,98.75,193.7088,118,1.6566,21.63,170.81
296,195.3549,113.17,195.3603,94.5,195.3672,117,0.7638,18.67,117.47
297,196.1157,115.71,196.1241,93.88,196.131,114.13,0.7542,21.83,172.13
298,196.8702,112.46,196.8783,89.94,196.8849,108.56,1.7616,22.52,175.91
299,198.6363,106.63,198.6399,77.63,198.6462,101.56,3.6033,29,165.19
300,202.2402,107.52,202.2432,89,202.2585,103.81,1.1028,18.52,187.83
301,203.3373,108.1,203.346,84.06,203.352,101.56,2.0262,24.04,184.51
302,205.3635,111.69,205.3722,97.06,205.3764,117.75,0,14.63,72.66
303,206.3475,118.23,205.3722,97.06,206.3637,110.44,0,21.17,241.33
304,206.6271,116.94,205.3722,97.06,206.6415,110.94,0,19.88,153.49
305,211.0908,103.73,205.3722,97.06,211.1049,105.44,5.7717,6.67,109.54
306,211.1397,95.4,211.1439,76.19,211.1604,91.44,4.4157,19.21,151.68
307,215.5509,107.6,215.5596,90.06,215.5686,114.38,2.3226,17.54,101.47
308,217.8729,109.13,217.8822,88.31,217.8924,110.06,0.7608,20.81,160.22
309,218.634,101.5,218.643,84.31,218.6508,104.19,1.2726,17.19,132.06
310,219.909,105.58,219.9156,80.94,219.9264,107.13,0,24.65,98.21
311,220.2786,108.81,219.9156,80.94,220.2927,102,0,27.88,255.21
312,227.5635,116.42,219.9156,80.94,227.58,115.06,8.4615,35.48,160.67
313,228.369,106.94,228.3771,80.13,228.3843,99.94,0.723,26.81,256.67
314,229.0962,104.5,229.1001,80.56,229.1073,106.44,2.0016,23.94,103.28
315,231.0924,111.73,231.1017,100,231.1086,119.56,6.0036,11.73,33.69
316,237.0966,133.65,237.1053,113.5,237.1125,136.44,2.0034,20.15,120.36
317,239.0994,144.15,239.1087,124.63,239.1141,144.63,1.0413,19.52,80.28
318,240.1413,142.33,240.15,116.5,240.1596,142.94,0.297,25.83,188.47
319,240.4398,141.92,240.447,124.75,240.4515,143.19,1.1643,17.17,110.94
320,241.602,145,241.6113,122.88,241.6212,146.56,1.0416,22.13,182.4
321,242.6439,141.02,242.6529,116.19,242.6577,137.62,3.1992,24.83,147.69
322,245.8452,134.83,245.8521,107.88,245.8593,127,0.3375,26.96,252.21
323,246.1854,129.48,246.1896,113.19,246.1977,129.88,0.2022,16.29,116.63
324,246.3861,129.02,246.3918,106.13,246.3996,130.56,0.2001,22.9,155.86
325,246.5862,150.29,246.5919,126,246.5997,141.25,0.7437,24.29,221.28
326,247.3269,144.56,247.3356,124.25,247.341,139.13,0.7965,20.31,156.81
327,248.1276,138.38,248.1321,116.88,248.1405,138.5,0,21.5,154.84
328,248.694,135.19,248.1321,116.88,248.706,-31.69,1.0272,18.31,2864.55
329,249.1488,-10.96,249.1593,-43.44,249.1644,-18.69,0.7992,32.48,232.86
330,249.9498,-13.31,249.9585,-35.5,249.9636,-14.81,0.222,22.19,132.19
331,250.1703,-2.94,250.1805,-32.31,250.1838,-11.38,0,29.38,232.03
332,251.3343,-12.81,250.1805,-32.31,251.3472,-13.63,1.9563,19.5,152.57
333,252.1305,-9.1,252.1368,-37.69,252.1458,-12.94,1.1115,28.58,259.36
334,253.2459,-16.38,253.2483,-38.69,253.2645,-18,3.0993,22.31,178.67
335,256.3371,1.4,256.3476,-25.19,256.353,-3.38,0.2184,26.58,176.76
336,256.5573,0.81,256.566,-24,256.5711,-7.25,0.7605,24.81,186.88
337,257.3178,-6.67,257.3265,-28.75,257.3319,-7.31,2.0376,22.08,167.49
338,259.3608,-11.52,259.3641,-40.56,259.374,-15.5,0.5454,29.04,227.36
339,259.9008,-9,259.9095,-33.56,259.9167,-9.81,0.6963,24.56,197.77
340,260.5983,-16.19,260.6058,-38.81,260.613,-16.81,0.2847,22.62,191.19
341,260.8818,-8.46,260.8905,-28.5,260.8956,-12.63,0.4998,20.04,158.31
342,261.3822,-14.75,261.3903,-37.94,261.3966,-19.13,0.4146,23.19,176.76
343,261.8016,-14.1,261.8049,-43.56,261.8148,-17.63,2.1642,29.46,212.57
344,263.9652,-21.67,263.9691,-35.13,263.9766,-14.75,5.3205,13.46,55.09
345,269.2869,-11.54,269.2896,-39.12,269.3022,-16.56,0.5487,27.58,213.92
346,269.8344,-24.08,269.8383,-40.88,269.8476,-26,1.1202,16.79,135.94
347,270.9546,-8.02,270.9585,-31.44,270.9693,-10.31,0.8649,23.42,172.94
348,271.8141,-13.27,271.8234,-30.94,271.8348,-11.69,0,17.67,116.13
349,271.9527,-6.6,271.8234,-30.94,271.9665,-8,0,24.33,146.94
350,272.0148,-13.94,271.8234,-30.94,272.0304,-10.69,0.7737,17,61.31
351,272.5911,-12.67,272.5971,-36.13,272.6067,-15.81,0.1893,23.46,210.76
352,272.7801,-16.27,272.7864,-36,272.7981,-19.19,0.9942,19.73,180.01
353,273.7764,-13.73,273.7806,-35.19,273.7968,-18.63,1.6635,21.46,149.27
354,275.4399,-16.94,275.4441,-34.38,275.4522,-15.38,0.4119,17.44,106.2
355,275.853,-16.35,275.856,-36.69,275.8698,-17.12,2.5536,20.33,160.22
356,278.4,-23.42,278.4096,-48.44,278.4183,-26.75,0.6972,25.02,178.4
357,279.1011,-28.23,279.1068,-49.44,279.1227,-32.5,0.0687,21.21,156.23
358,279.1725,-26.15,279.1755,-44.94,279.1893,-24.44,0.4434,18.79,151.03
359,279.6138,-18.58,279.6189,-43.38,279.6336,-22.63,0.1722,24.79,300.99
360,279.7848,-18.42,279.7911,-35.56,279.8022,-12.81,0,17.15,67.68
361,280.2111,-13.98,279.7911,-35.56,280.2303,-17.19,0.4983,21.58,139.55
362,280.2825,-10.35,280.2894,-32.38,280.2966,-11.56,0.066,22.02,128.83
363,280.3509,-10.48,280.3554,-33.13,280.3677,-13.31,3.1164,22.65,185.81
364,283.4667,-12.58,283.4718,-34.44,283.4778,-15.13,0,21.85,142.81
365,283.4877,-16.44,283.4718,-34.44,283.5036,-12.81,1.4709,18,102.28
366,284.9379,-7.98,284.9427,-26.63,284.9577,-9.81,1.7535,18.65,183.21
367,286.6857,-19.4,286.6962,-38.44,286.7091,-16.06,3.4596,19.04,130.74
368,290.1519,-15.56,290.1558,-30.31,290.1636,-9.75,1.1343,14.75,63.56
369,291.285,-13.29,291.2901,-32.25,291.3006,-11,0.0885,18.96,102.69
370,291.3696,-11.02,291.3786,-28.31,291.387,-8,1.1901,17.29,100.62
371,292.5654,-12.92,292.5687,-42.63,292.5792,-13.69,0.0495,29.71,212.81
372,292.614,-16.56,292.6182,-31.19,292.6254,-11.94,0.585,14.63,67.69
373,293.1966,-15.98,293.2032,-39.5,293.2146,-15,0,23.52,169.19
374,294.1518,-15.02,293.2032,-39.5,294.1671,-14.75,5.7822,24.48,146.9
375,298.9803,-22.21,298.9854,-43.94,298.9932,-26.13,1.5633,21.73,177.12
376,300.54,-14.15,300.5487,-33.5,300.5628,-10.19,3.6339,19.35,112.69
377,304.1787,-15.37,304.1826,-37.5,304.1952,-17.25,0,22.13,211.88
378,304.5012,-16.19,304.1826,-37.5,304.5198,-15.5,1.3635,21.31,124.72
379,305.5431,-7.27,305.5461,-31.06,305.556,-12.63,0.6561,23.79,196.96
380,306.1971,-17.48,306.2022,-39.69,306.2121,-16.5,0.0873,22.21,139.88
381,306.2862,-15.85,306.2895,-38.56,306.306,-15.87,0.5619,22.71,180.25
382,306.8418,-21.27,306.8514,-34.44,306.8577,-15.19,0.8565,13.17,32.64
383,307.7034,-15.17,307.7079,-35,307.7175,-16.56,1.9836,19.83,161.66
384,309.687,-15.6,309.6915,-41.06,309.7029,-22.25,0.2994,25.46,268.24
385,309.9873,-14.17,309.9909,-34.69,309.9987,-16.44,1.0386,20.52,104.04
386,311.0229,-15.44,311.0295,-32.13,311.0394,-11.31,0.1278,16.69,81.71
387,311.1543,-17.63,311.1573,-35,311.1738,-20.19,1.716,17.38,113.4
388,312.8658,-19.5,312.8733,-40.06,312.8826,-19.06,1.7637,20.56,138.47
389,314.6307,-17,314.637,-40.5,314.6451,-23.13,1.6581,23.5,216.04
390,316.29,-21.19,316.2951,-43.31,316.3056,-22.25,1.3662,22.13,180.41
391,317.6562,-30.31,317.6613,-52.13,317.6721,-28.81,0.819,21.81,133.86
392,318.4737,-13.54,318.4803,-34.88,318.4896,-16.63,0.057,21.33,144.53
393,318.5316,-13.08,318.5373,-35,318.5457,-16.56,0.8808,21.92,166.18
394,319.4151,-20.81,319.4181,-42.88,319.4265,-22,1.0242,22.06,156
395,320.4363,-25.46,320.4423,-46.06,320.4546,-21.94,0.0984,20.6,107.93
396,320.5365,-15.71,320.5407,-31.44,320.5476,-15,2.3346,15.73,70.69
397,322.8708,-8.79,322.8753,-30.75,322.8882,-15.63,1.5555,21.96,224.19
398,324.4257,-15.4,324.4308,-35.81,324.4464,-14.25,0,20.42,160.42
399,325.8261,-14.71,324.4308,-35.81,325.8423,-15.63,3.441,21.1,179.43
400,327.8631,-14.65,327.8718,-45.56,327.8775,-21,0.0762,30.92,234.11
401,327.9441,-9.19,327.948,-28.56,327.9558,-7.13,4.4379,19.38,100.22
402,332.382,-11.02,332.3859,-35.69,332.3994,-11.69,4.6713,24.67,252.12
403,337.053,-24.94,337.0572,-51.06,337.0647,-25.06,0.558,26.13,143.1
404,337.6119,-17.08,337.6152,-36.94,337.6245,-15.13,0.5349,19.85,106.81
405,338.1453,-21.17,338.1501,-42.81,338.1612,-20.75,0.2145,21.65,166.07
406,338.3559,-17.42,338.3646,-36.38,338.3742,-18.37,0,18.96,146.09
407,339.6564,-15.52,338.3646,-36.38,339.6723,-18.81,3.1137,20.85,177.06
408,341.4684,-20.77,341.4783,-44.25,341.4885,-16.31,1.8315,23.48,184.41
409,343.3056,-17.1,343.3098,-44.94,343.3257,-16.88,0.1167,27.83,203.73
410,343.4193,-21.77,343.4265,-42.44,343.4349,-19.81,0.9213,20.67,128.35
411,344.3427,-11.04,344.3478,-36.31,344.3547,-15.06,2.3439,25.27,156.58
412,346.6824,-25.58,346.6917,-43.88,346.698,-25.38,0.7014,18.29,163.36
413,347.3838,-14.29,347.3931,-33.94,347.4093,-12.63,1.3278,19.65,96.78
414,348.7113,-16.15,348.7209,-31.38,348.7305,-9,0.1671,15.23,48.93
415,348.8841,-7.52,348.888,-31.06,348.9024,-11.63,1.9665,23.54,196.36
416,350.8482,-21.69,350.8545,-42.75,350.865,-19.75,0.1641,21.06,114.43
417,351.012,-21.65,351.0186,-38.44,351.0267,-15.19,0.6933,16.79,66.55
418,351.7083,-25.31,351.7119,-44.5,351.7215,-19.75,2.7402,19.19,101.49
419,354.4446,-17.85,354.4521,-37.31,354.4662,-19.63,0.708,19.46,153.72
420,355.1505,-20.48,355.1601,-34.31,355.1649,-15.94,2.8146,13.83,49.06
421,357.9696,-30.33,357.9747,-56.94,357.9837,-28.06,0,26.6,139.74
422,358.9794,-20.52,357.9747,-56.94,358.9917,-20.69,0,36.42,67.07
423,360.3543,-21.29,357.9747,-56.94,360.366,-17.44,2.6835,35.65,82.83
424,360.6546,-27.38,360.6582,-48.31,360.6663,-16.63,2.1486,20.94,54.09
425,362.796,-9.42,362.8068,-32.88,362.8146,-11.44,1.4565,23.46,204.43
426,364.2534,-26.75,364.2633,-39.31,364.2699,-19.56,0,12.56,0
427,365.6247,-16.58,364.2633,-39.31,365.6442,-25.94,1.4598,22.73,193.46
428,365.7132,-19.96,365.7231,-32.75,365.7327,-12.44,0.2187,12.79,35.83
429,365.9367,-24.46,365.9418,-52.19,365.9502,-31.12,1.1193,27.73,240.91
430,367.0518,-35.88,367.0611,-48.94,367.0674,-30.19,0.2268,13.06,118.67
431,367.278,-15.98,367.2879,-44.81,367.2996,-28.88,1.8978,28.83,366.94
432,369.1812,-19.27,369.1857,-39.19,369.1935,-16.56,0.5814,19.92,114.51
433,369.7632,-17.92,369.7671,-36.13,369.7758,-17.69,0,18.21,122.44
434,370.6353,-22.58,369.7671,-36.13,370.6539,-18.19,3.3198,13.54,81.45
435,373.0839,-19.81,373.0869,-43.63,373.0983,-25.12,1.8837,23.81,208.56
436,374.9655,-13.94,374.9706,-40.31,374.9781,-20.94,0.5244,26.38,199.16
437,375.492,-15.15,375.495,-35.69,375.5064,-12.75,0.3753,20.54,104.04
438,375.8661,-22.27,375.8703,-42.81,375.8841,-22.5,0.5217,20.54,149.45
439,376.3827,-21.38,376.392,-43.5,376.3986,-22.88,1.5408,22.13,105.86
440,377.9286,-13.77,377.9328,-41.13,377.943,-20.88,1.1772,27.35,269.84
441,379.1052,-19.56,379.11,-36.06,379.1193,-16.19,0.1815,16.5,91.69
442,379.2855,-16.15,379.2915,-42.69,379.2999,-20.38,0.9603,26.54,215.19
443,380.2467,-10.33,380.2518,-30.75,380.2638,-14.06,0.1401,20.42,205.25
444,380.3886,-19.54,380.3919,-44.19,380.4033,-13.56,0.8427,24.65,103.83
445,381.2289,-15.25,381.2346,-34.06,381.2427,-13.5,1.2516,18.81,120.6
446,382.482,-6.5,382.4862,-37.87,382.497,-17.75,1.8249,31.37,319.01
447,384.3039,-14.35,384.3111,-37.69,384.3222,-16.44,0.864,23.33,188.07
448,385.1709,-9.33,385.1751,-28.94,385.1829,-10.5,0.8805,19.6,128.29
449,386.0511,-14.88,386.0556,-32.25,386.0649,-14.13,0.7746,17.38,116.83
450,386.826,-12.75,386.8302,-37.81,386.8425,-16.5,0.8679,25.06,218.01
451,387.6921,-18.6,387.6981,-35.31,387.7053,-16.06,0.1044,16.71,96.15
452,387.8001,-19.19,387.8025,-46.75,387.8124,-18.19,0.0753,27.56,153.39
453,387.8697,-15.42,387.8778,-55.56,387.8877,-31.56,3.9156,40.15,451.15
454,391.7892,-24.35,391.7934,-46.56,391.8003,-24.63,0.1401,22.21,114.44
455,391.9284,-23.48,391.9335,-46.13,391.9461,-25.12,0.2859,22.65,198.84
456,392.2152,-19.48,392.2194,-43.81,392.2275,-25.06,1.2003,24.33,174.19
457,393.4095,-16.33,393.4197,-36.31,393.4284,-13.44,0,19.98,135.89
458,394.839,-18.6,393.4197,-36.31,394.8594,-25.56,2.1831,17.71,247.07
459,395.5968,-14.21,395.6028,-39.06,395.6187,-32.88,0.2976,24.85,305.31
460,395.8911,-29.63,395.9004,-56.06,395.9076,-27.75,0.0618,26.44,205.07
461,395.9556,-21.92,395.9622,-43.81,395.9778,-26.75,0.6021,21.9,142.37
462,396.5571,-14.54,396.5643,-39.44,396.5703,-21.75,0.4071,24.9,199.16
463,396.9684,-17.44,396.9714,-40.44,396.9819,-23.69,1.2792,23,188.25
464,398.2449,-27.31,398.2506,-49.5,398.2614,-26.75,0.2181,22.19,181.86
465,398.4585,-31.58,398.4687,-57.38,398.4768,-36.44,0.9966,25.79,244.98
466,399.4554,-29.6,399.4653,-50.75,399.4725,-26.81,0.9204,21.15,118.56
467,400.3779,-18.38,400.3857,-38.25,400.3914,-18.44,1.2198,19.88,129.49
468,401.5989,-14.44,401.6055,-36.56,401.6154,-18.81,0.2046,22.13,193.73
469,401.8005,-16.73,401.8101,-37.5,401.8164,-17.19,1.2807,20.77,134.48
470,403.0878,-21.77,403.0908,-40.75,403.1025,-23.63,0.5961,18.98,199.08
471,403.6767,-20.96,403.6869,-44,403.6938,-23.19,0.4122,23.04,246.39
472,404.0952,-20.85,404.0991,-44.38,404.1138,-23.19,0.1716,23.52,210.06
473,404.265,-22.46,404.2707,-49.31,404.2797,-24.81,0.4485,26.85,204.27
474,404.7129,-19.25,404.7192,-40.69,404.7297,-17.31,0.4725,21.44,174.9
475,405.1833,-23.31,405.1917,-40.19,405.1983,-22.56,0.7734,16.88,141.92
476,405.9618,-13.69,405.9651,-37.81,405.978,-16.63,2.6301,24.13,231.77
477,408.5859,-13.06,408.5952,-35.69,408.6039,-16.94,1.3935,22.63,191.53
478,409.9851,-24.83,409.9887,-44.25,409.9998,-21,0.3666,19.42,93.55
479,410.3514,-15.85,410.3553,-36.13,410.3661,-14.69,0.375,20.27,110.36
480,410.721,-18.58,410.7303,-39.88,410.7393,-19.81,2.1699,21.29,205.47
481,412.896,-24.69,412.9002,-54.44,412.9155,-35.5,0.2742,29.75,282.08
482,413.1702,-20.02,413.1744,-42.75,413.1849,-21.25,0.381,22.73,184.62
483,413.5494,-21.67,413.5554,-45.69,413.5692,-21.63,0.2373,24.02,169.9
484,413.7831,-24.48,413.7927,-46.13,413.8062,-21.12,0.1023,21.65,193.56
485,413.8857,-23.88,413.895,-50,413.9016,-28,0.8025,26.13,226.84
486,414.6939,-29.15,414.6975,-47.19,414.7143,-24.19,0,18.04,109.11
487,414.7326,-19.04,414.6975,-47.19,414.7455,-22.88,0.0951,28.15,148.29
488,414.7863,-21.48,414.7926,-43.25,414.8031,-22,0.4449,21.77,160.18
489,415.2318,-23.65,415.2375,-50.19,415.2531,-34.06,0.1401,26.54,307.46
490,415.3713,-26.33,415.3776,-50.44,415.383,-27.38,0.5775,24.1,150.27
491,415.9479,-20.58,415.9551,-45.94,415.9623,-26.56,0.0633,25.35,211.53
492,416.0127,-20.04,416.0184,-37.87,416.0259,-18.88,0.1782,17.83,122.79
493,416.1924,-18.75,416.1966,-48.06,416.2062,-21.63,1.1802,29.31,206.98
494,417.3735,-8.29,417.3768,-36.63,417.3879,-12.75,0.6858,28.33,217.96
495,418.0587,-26.29,418.0626,-49.31,418.0743,-24.25,2.9187,23.02,146.23
496,420.9741,-19.54,420.9813,-47.44,420.9906,-23.56,0.3975,27.9,217.91
497,421.3734,-20.85,421.3788,-45.63,421.389,-24.06,0.1488,24.77,210.82
498,421.5207,-26.67,421.5276,-47.06,421.5378,-25.56,0.0747,20.4,143.78
499,421.5936,-20.75,421.6023,-43.19,421.6125,-22.37,0,22.44,215.29
500,423.1599,-20.25,421.6023,-43.19,423.1791,-22.13,2.0604,22.94,228.45
501,423.6531,-31.04,423.6627,-42.44,423.6711,-19.5,1.2792,11.4,22.13
502,424.9347,-14.63,424.9419,-38.56,424.9512,-17.56,2.0577,23.94,217.99
503,426.9918,-29.46,426.9996,-53,427.0119,-27.69,0.5073,23.54,184.28
504,427.4976,-30.4,427.5069,-50.75,427.5141,-30.19,0.3066,20.35,121.49
505,427.8039,-20.77,427.8135,-45.38,427.8219,-28.13,0,24.6,238.93
506,428.0901,-32.04,427.8135,-45.38,428.1093,-28.38,1.1121,13.33,90.99
507,428.919,-22.02,428.9256,-41.88,428.9337,-22.06,0.2196,19.85,131.74
508,429.1419,-21.92,429.1452,-49.31,429.1578,-21.06,0.1623,27.4,193.42
509,429.3021,-12.69,429.3075,-36.38,429.3165,-18.69,0.1434,23.69,195
510,429.4416,-25.02,429.4509,-40.69,429.4599,-20.5,0.8457,15.67,81.92
511,430.2891,-19.46,430.2966,-39.81,430.3086,-21.06,0.0303,20.35,180.68
512,430.3176,-16.77,430.3269,-42.5,430.3338,-21.44,0.9741,25.73,265.36
513,431.2908,-25.21,431.301,-41,431.3094,-20.19,0.1239,15.79,115.16
514,431.4195,-20.38,431.4249,-45.88,431.4354,-24.81,0.1836,25.5,224.7
515,431.6043,-22.02,431.6085,-46.81,431.6175,-25.44,0.9084,24.79,166.65
516,432.5097,-18.44,432.5169,-38.44,432.5319,-28.19,0.0312,20,218.04
517,432.5415,-17.06,432.5481,-40.13,432.5565,-20.06,0.3399,23.06,170.98
518,432.8784,-12.92,432.888,-39.94,432.897,-21,0,27.02,261.84
519,433.4238,-27.5,432.888,-39.94,433.4385,-24.63,0.9822,12.44,98.46
520,433.8642,-26.75,433.8702,-43.56,433.8786,-21.19,0.4425,16.81,75.88
521,434.3049,-15.9,434.3127,-39.69,434.3289,-29.94,0.1284,23.79,307.76
522,434.4357,-20.73,434.4411,-43.5,434.4537,-23.19,0,22.77,179.86
523,434.6832,-18.71,434.4411,-43.5,434.7,-23.63,1.4283,24.79,217.8
524,435.861,-24.35,435.8694,-48.69,435.8763,-28.88,0.2577,24.33,200.18
525,436.1202,-27.38,436.1271,-44.13,436.1346,-21.94,1.0212,16.75,96.66
526,437.1414,-13.27,437.1483,-35,437.1582,-15.81,0.9912,21.73,193.07
527,438.1326,-26,438.1395,-46.19,438.1503,-24.06,0.0972,20.19,154.69
528,438.2304,-23.02,438.2367,-37.56,438.2433,-16.94,2.8509,14.54,34.41
529,441.0798,-16.38,441.0876,-36.31,441.0999,-16.88,0,19.94,184.27
530,441.5682,-17.13,441.0876,-36.31,441.5856,-12.31,0.5664,19.19,100.91
531,441.6474,-14.94,441.654,-34.94,441.6624,-11.75,0.2778,20,95.81
532,441.9228,-10.83,441.9318,-35.06,441.9432,-16.06,2.8068,24.23,218.04
533,444.732,-21.73,444.7386,-43.31,444.7488,-25.75,0.423,21.58,162.98
534,445.1541,-19.83,445.1616,-41.44,445.1709,-27.31,1.0008,21.6,237.19
535,446.1525,-5.33,446.1624,-22.37,446.1717,-3.69,0.3939,17.04,115.6
536,446.5494,-14.88,446.5563,-33.31,446.5644,-15.31,0,18.44,143.61
537,452.3964,-25.5,446.5563,-33.31,452.4123,-23.87,6.2706,7.81,118.95
538,452.8188,-21.1,452.8269,-40,452.8371,-17.44,0.2586,18.9,146.09
539,453.081,-25.85,453.0855,-48.88,453.0996,-28.19,0.1155,23.02,273.15
540,453.1965,-29.19,453.201,-48.94,453.213,-26.13,0.5988,19.75,159.99
541,453.7944,-15.79,453.7998,-35.31,453.8106,-13.88,0.9006,19.52,123.14
542,454.6977,-22.83,454.7004,-44.5,454.71,-28.81,0.2226,21.67,170.16
543,454.9161,-20.08,454.923,-45.88,454.9329,-29.31,0.1617,25.79,245.18
544,455.0748,-29.6,455.0847,-50,455.0922,-33.38,1.6815,20.4,171.22
545,456.7605,-28.6,456.7662,-46.06,456.7809,-29.19,0.8124,17.46,134.46
546,457.5735,-16.13,457.5786,-42.69,457.5894,-18.56,1.3686,26.56,204.45
547,458.9409,-40.23,458.9472,-64.81,458.955,-43,3.9507,24.58,189.67
548,462.888,-30.1,462.8979,-56.13,462.9036,-35.94,0.186,26.02,189.52
549,463.0788,-40.9,463.0839,-58.88,463.0941,-34.13,0.0498,17.98,112.77
550,463.1289,-33.04,463.1337,-53.56,463.1418,-37.25,0.9684,20.52,167.37
551,464.0985,-26.58,464.1021,-43.63,464.1153,-19.5,0.7122,17.04,120.15
552,464.8062,-22.94,464.8143,-39.12,464.8221,-20,0.0786,16.19,108.99
553,464.889,-20.9,464.8929,-57,464.9124,-30.38,1.7205,36.1,452.64
554,466.6098,-29.21,466.6134,-45.06,466.6233,-28.56,3.8268,15.85,99.03
555,470.4366,-17.52,470.4402,-40.06,470.4501,-17.63,0.2781,22.54,144.52
556,470.7147,-22,470.7183,-45.75,470.7285,-20.63,2.3253,23.75,141.04
557,473.0379,-11.35,473.0436,-37.38,473.0553,-19.31,0,26.02,276.89
558,474.804,-22,473.0436,-37.38,474.8166,-21.94,4.8063,15.38,108.56
559,477.8454,-26.1,477.8499,-43.06,477.8643,-17.94,0.0399,16.96,95.09
560,477.8796,-20.96,477.8898,-38.94,477.897,-18.37,0,17.98,150.74
561,479.2224,-17.46,477.8898,-38.94,479.2362,-18.88,2.4678,21.48,109.04
562,480.3489,-14.77,480.3576,-35.31,480.363,-19.13,0.8355,20.54,123.84
563,481.1895,-12.33,481.1931,-34.06,481.2027,-14.69,1.005,21.73,154.84
564,482.1906,-11.25,482.1981,-32.19,482.2134,-13.75,1.2429,20.94,164.66
565,483.4362,-14.83,483.441,-32.81,483.4512,-10.19,1.2768,17.98,57.66
566,484.7142,-11.25,484.7178,-37.44,484.7346,-16.63,0,26.19,255.3
567,484.7442,-16.77,484.7178,-37.44,484.7658,-23.5,3.0954,20.67,179.47
568,487.8099,-20.33,487.8132,-42.44,487.8285,-28.06,1.8075,22.1,237.06
569,489.6165,-14.77,489.6207,-35.13,489.6285,-16.06,0.2748,20.35,128.42
570,489.8907,-26.21,489.8955,-43.38,489.9045,-23.87,0.705,17.17,84.55
571,490.5933,-20.56,490.6005,-43.13,490.6104,-23.13,0.8073,22.56,160.84
572,491.3988,-14.42,491.4078,-37.63,491.4141,-17.63,0.0216,23.21,155.29
573,491.4234,-19.98,491.4294,-46.81,491.4402,-21.38,0.3357,26.83,174.41
574,491.7603,-15.92,491.7651,-41.25,491.7768,-19.38,1.3596,25.33,214.31
575,493.1196,-17.6,493.1247,-39.44,493.1403,-12.44,0.1788,21.83,187.52
576,493.299,-19.52,493.3035,-44.75,493.3155,-23.94,0,25.23,214.94
577,493.9464,-26.42,493.3035,-44.75,493.9671,-28.5,2.2698,18.33,267.96
578,495.5637,-23.15,495.5733,-47.38,495.5823,-20.75,0.6123,24.23,147.77
579,496.1775,-17.44,496.1856,-46.31,496.194,-26.94,1.3359,28.88,270.21
580,497.5179,-12.6,497.5215,-33.38,497.5368,-15.87,2.6847,20.77,198.47
581,500.1996,-12.27,500.2062,-33.75,500.2194,-13,3.3846,21.48,192.73
582,503.5869,-1.1,503.5908,-26.94,503.5992,-4.63,4.4868,25.83,176.92
583,508.0692,-13.25,508.0776,-33.56,508.0935,-13.94,0,20.31,197.19
584,511.5435,-12.6,508.0776,-33.56,511.5612,-16.38,8.3763,20.96,122.36
585,516.45,-6.42,516.4539,-35,516.4668,-3.25,0.7674,28.58,189.67
586,517.2132,-13.85,517.2213,-33.94,517.23,-13.06,0.4167,20.08,106.76
587,517.632,-12.33,517.638,-30.69,517.6482,-9.69,0.9066,18.35,106.23
588,518.5374,-23.08,518.5446,-40.37,518.55,-17,0.7389,17.29,76.66
589,519.2733,-11.81,519.2835,-28.94,519.2901,-12,12.1455,17.13,141.41
590,531.4197,-8.25,531.429,-35.94,531.4416,-16.25,1.0254,27.69,305.38
591,532.4484,-13.13,532.4544,-35.5,532.4601,-16.81,1.8249,22.38,134.61
592,534.2697,4.6,534.2793,-14.31,534.2901,3.88,4.8015,18.92,149.53
593,539.0715,-4.25,539.0808,-20.38,539.088,-3.44,1.8588,16.13,104.55
594,540.9345,3,540.9396,-17.88,540.9486,2,1.1808,20.88,154.93
595,542.1123,-3.21,542.1204,-19,542.1297,1.44,5.2281,15.79,79.94
596,547.3443,-5.88,547.3485,-29,547.3554,-6.94,0,23.13,132.26
