NumEvent,TimRef,Ref,TimPeak,Peak,TimEnd,End,IEI,Amp,Area,
[-],[s],[pA],[s],[pA],[s],[pA],[s],[pA],[fC],
0,0.42720,21.03,0.43710,-4.84,0.45210,21.03,0.15450,25.87,221.05,
1,0.58170,12.54,0.59160,-41.09,0.60660,12.54,0.26100,53.63,528.55,
2,0.84660,20.95,0.85260,-6.56,0.86280,20.95,0.05370,27.51,153.59,
3,0.89790,19.58,0.90630,-7.19,0.92130,19.58,0.12540,26.76,198.02,
4,1.02330,19.29,1.03170,-5.94,1.04430,19.29,1.14210,25.22,177.20,
5,2.16390,22.20,2.17380,-6.41,2.18220,22.20,0.03780,28.60,177.38,
6,2.20320,22.29,2.21160,-8.91,2.22660,22.29,0.44760,31.20,258.60,
7,2.65440,17.51,2.65920,-7.81,2.67270,17.51,0.26490,25.32,172.98,
8,2.91450,17.98,2.92410,-25.47,2.93910,17.98,0.60420,43.45,479.16,
9,3.52230,22.16,3.52830,-5.63,3.54300,22.16,0.04410,27.79,225.02,
10,3.56520,19.44,3.57240,-5.94,3.58110,19.44,1.37460,25.37,126.31,
11,4.94070,22.66,4.94700,-12.03,4.96200,22.66,0.23490,34.69,306.73,
12,5.17830,21.75,5.18190,-4.84,5.19600,21.75,0.25860,26.60,169.60,
13,5.43480,13.05,5.44050,-15.47,5.45010,13.05,1.13250,28.52,115.39,
14,6.56580,20.84,6.57300,-4.69,6.58380,20.84,0.33090,25.52,132.62,
15,6.89430,21.09,6.90390,-19.69,6.91890,21.09,0.49080,40.78,423.91,
16,7.38630,15.18,7.39470,-9.38,7.40310,15.18,0.39690,24.55,105.35,
17,7.78680,21.65,7.79160,-2.97,7.80360,21.65,0.20160,24.62,153.95,
18,7.98840,19.62,7.99320,-15.31,8.00550,19.62,0.36420,34.93,178.85,
19,8.35020,17.95,8.35740,-22.97,8.37240,17.95,0.34320,40.92,330.75,
20,8.69190,16.22,8.70060,-8.28,8.71440,16.22,0.10440,24.50,203.90,
21,8.79900,22.32,8.80500,-4.84,8.81730,22.32,0.44040,27.17,191.15,
22,9.23940,18.29,9.24540,-6.72,9.25800,18.29,0.03420,25.01,147.71,
23,9.27600,19.87,9.27960,-4.22,9.29460,19.87,0.53370,24.09,179.03,
24,9.80370,20.44,9.81330,-17.97,9.82830,20.44,0.19980,38.41,295.41,
25,10.00950,18.16,10.01310,-7.19,10.02420,18.16,0.53970,25.35,144.83,
26,10.54320,24.54,10.55280,-0.63,10.56300,24.54,0.11490,25.16,160.13,
27,10.65930,24.89,10.66770,-9.38,10.68270,24.89,0.17070,34.26,267.52,
28,10.82850,21.85,10.83840,-11.88,10.85340,21.85,0.19590,33.72,294.54,
29,11.02920,16.30,11.03430,-12.66,11.04330,16.30,0.72510,28.96,135.69,
30,11.75460,21.47,11.75940,-3.44,11.76780,21.47,0.47820,24.91,109.96,
31,12.23040,22.74,12.23760,-2.97,12.25260,22.74,0.54000,25.71,171.05,
32,12.77160,20.80,12.77760,-3.44,12.78810,20.80,0.27540,24.24,97.97,
33,13.04580,22.30,13.05300,-11.88,13.06800,22.30,0.27270,34.17,303.66,
34,13.32030,16.02,13.32570,-19.53,13.33800,16.02,0.09720,35.55,242.28,
35,13.41690,22.58,13.42290,-3.59,13.43790,22.58,0.12960,26.17,206.86,
36,13.54650,23.30,13.55250,-7.66,13.56750,23.30,0.12420,30.96,257.36,
37,13.66710,21.07,13.67670,-6.88,13.69170,21.07,0.04230,27.94,221.74,
38,13.71540,23.74,13.71900,-3.13,13.73400,23.74,0.25140,26.86,161.60,
39,13.96560,22.68,13.97040,-3.59,13.98090,22.68,0.39750,26.27,161.77,
40,14.35830,23.10,14.36790,-7.03,14.38050,23.10,0.58500,30.13,209.99,
41,14.94420,20.50,14.95290,-11.56,14.96790,20.50,0.28650,32.06,243.35,
42,15.22950,21.97,15.23940,-3.59,15.24690,21.97,0.16980,25.56,135.57,
43,15.39960,23.88,15.40920,-8.44,15.42090,23.88,0.43650,32.32,199.59,
44,15.83670,20.53,15.84570,-9.06,15.85800,20.53,0.28590,29.59,255.07,
45,16.12560,19.76,16.13160,-5.78,16.14270,19.76,0.26190,25.54,138.69,
46,16.38750,18.92,16.39350,-10.94,16.40490,18.92,0.43350,29.86,188.08,
47,16.81860,23.87,16.82700,-4.06,16.83900,23.87,0.15930,27.94,163.63,
48,16.97820,23.88,16.98630,-1.09,16.99770,23.88,0.28200,24.98,136.41,
49,17.26230,27.24,17.26830,2.97,17.28060,27.24,0.32070,24.27,180.58,
50,17.58420,26.95,17.58900,-14.06,17.60400,26.95,0.15780,41.01,307.42,
51,17.74200,24.71,17.74680,-9.06,17.76120,24.71,0.75450,33.77,256.44,
52,18.49440,25.80,18.50130,1.25,18.51630,25.80,0.37830,24.55,184.92,
53,18.87240,22.67,18.87960,-3.13,18.88890,22.67,0.48630,25.79,131.68,
54,19.36110,24.99,19.36590,-3.13,19.37700,24.99,0.11490,28.12,169.66,
55,19.47600,21.41,19.48080,-3.59,19.49580,21.41,0.08490,25.00,164.55,
56,19.55850,22.38,19.56570,-3.28,19.57920,22.38,0.26880,25.67,196.41,
57,19.82490,22.25,19.83450,-10.47,19.84950,22.25,0.82530,32.72,407.52,
58,20.64990,17.28,20.65980,-10.16,20.67270,17.28,0.51450,27.44,303.91,
59,21.16590,22.80,21.17430,-3.13,21.18570,22.80,0.73770,25.92,207.76,
60,21.90240,21.98,21.91200,-12.66,21.92370,21.98,0.01980,34.63,200.91,
61,21.92700,22.18,21.93180,-8.13,21.94350,22.18,0.15420,30.31,247.61,
62,22.07880,25.28,22.08600,-4.53,22.09800,25.28,0.81060,29.81,217.85,
63,22.88700,22.98,22.89660,-7.34,22.91040,22.98,0.69180,30.32,242.75,
64,23.58240,14.96,23.58840,-14.84,23.59860,14.96,0.43920,29.81,173.71,
65,24.01830,21.32,24.02760,-8.91,24.04020,21.32,0.28680,30.23,214.81,
66,24.30600,25.02,24.31440,-19.69,24.32940,25.02,0.50190,44.70,398.29,
67,24.81150,20.97,24.81630,-3.91,24.82350,20.97,0.83070,24.88,71.85,
68,25.64100,25.61,25.64700,-4.38,25.66200,25.61,0.29040,29.99,277.64,
69,25.92900,18.22,25.93740,-10.94,25.94550,18.22,0.38970,29.15,159.30,
70,26.32110,25.57,26.32710,-4.06,26.34030,25.57,1.58940,29.64,198.35,
71,27.90930,25.17,27.91650,-7.97,27.93150,25.17,0.26340,33.14,349.93,
72,28.17030,26.24,28.17990,1.41,28.19490,26.24,0.15390,24.83,195.14,
73,28.32900,26.06,28.33380,-0.63,28.34340,26.06,1.96140,26.68,145.45,
74,30.28800,23.62,30.29520,-2.03,30.30420,23.62,0.81420,25.65,130.61,
75,31.10340,25.11,31.10940,-6.41,31.12440,25.11,0.50370,31.52,243.13,
76,31.60470,25.23,31.61310,-4.38,31.62630,25.23,0.13560,29.60,208.72,
77,31.73940,24.77,31.74870,-0.16,31.76250,24.77,0.21720,24.93,234.54,
78,31.96230,21.99,31.96590,-10.16,31.98060,21.99,0.33600,32.14,250.73,
79,32.29470,19.46,32.30190,-9.38,32.31690,19.46,0.42000,28.84,212.35,
80,32.71470,15.89,32.72190,-12.81,32.73660,15.89,0.37080,28.70,206.75,
81,33.08310,24.21,33.09270,-12.97,33.10770,24.21,2.21250,37.18,329.44,
82,35.30280,20.23,35.30520,-14.38,35.31750,20.23,0.03240,34.61,239.57,
83,35.32800,23.79,35.33760,-21.09,35.35260,23.79,2.96370,44.88,380.30,
84,38.29890,16.83,38.30130,-7.97,38.31300,16.83,1.33230,24.80,106.81,
85,39.62370,24.38,39.63360,-2.19,39.64470,24.38,0.25530,26.57,227.27,
86,39.88650,26.30,39.88890,-4.06,39.90180,26.30,2.55900,30.36,208.14,
87,42.44430,24.78,42.44790,-2.03,42.46140,24.78,4.35090,26.81,180.72,
88,46.78920,27.80,46.79880,-48.44,46.81380,27.80,1.13160,76.24,804.38,
89,47.92560,23.79,47.93040,-3.75,47.94390,23.79,1.05300,27.54,173.90,
90,48.97470,24.46,48.98340,-5.94,48.99450,24.46,6.75420,30.40,187.07,
91,55.72770,25.15,55.73760,-51.09,55.75260,25.15,1.23570,76.25,856.26,
92,56.96400,22.92,56.97330,-5.78,56.98830,22.92,1.66770,28.70,240.52,
93,58.63500,30.00,58.64100,4.22,58.65120,30.00,0.50400,25.79,128.60,
94,59.13510,25.46,59.14500,-1.09,59.16000,25.46,4.26480,26.56,232.22,
95,63.40410,23.15,63.40980,-2.03,63.42480,23.15,2.25690,25.18,186.88,
96,65.65710,23.02,65.66670,-8.28,65.67930,23.02,0.78870,31.30,258.32,
97,66.44610,28.16,66.45540,2.81,66.46710,28.16,0.04200,25.35,179.73,
98,66.49140,22.05,66.49740,-4.53,66.51030,22.05,2.94420,26.58,200.23,
99,69.43440,21.51,69.44160,-7.34,69.45240,21.51,7.55250,28.85,178.87,
100,76.99050,25.04,76.99410,-1.41,77.00580,25.04,1.01490,26.44,189.41,
101,77.99940,17.56,78.00900,-15.00,78.02190,17.56,5.31180,32.56,230.29,
102,83.31450,25.62,83.32080,-7.66,83.33580,25.62,0.06180,33.28,257.87,
103,83.37240,17.27,83.38260,-33.44,83.39580,17.27,4.06230,50.71,442.77,
104,87.43530,30.20,87.44490,2.03,87.45990,30.20,0.55410,28.17,245.26,
105,87.98940,32.71,87.99900,-3.44,88.01400,32.71,5.72100,36.15,436.31,
106,93.71520,30.35,93.72000,5.63,93.73440,30.35,1.03860,24.73,211.55,
107,94.74900,19.23,94.75860,-8.44,94.77360,19.23,2.86920,27.66,246.40,
108,97.61820,30.45,97.62780,-4.69,97.63680,30.45,0.80040,35.14,185.99,
109,98.41860,17.16,98.42820,-14.53,98.44320,17.16,0.17100,31.69,250.92,
110,98.59320,32.34,98.59920,-4.38,98.61420,32.34,1.74270,36.72,295.78,
111,100.33230,12.20,100.34190,-14.22,100.35480,12.20,0.82770,26.42,256.13,
112,101.15970,27.37,101.16960,1.41,101.18460,27.37,0.26940,25.96,246.17,
113,101.43300,22.20,101.43900,-2.19,101.45070,22.20,3.75000,24.38,139.58,
114,105.17940,29.66,105.18900,2.03,105.20100,29.66,4.18320,27.63,195.33,
115,109.36500,11.66,109.37220,-16.41,109.38000,11.66,1.71330,28.07,132.98,
116,111.07590,27.30,111.08550,2.19,111.09420,27.30,8.99160,25.11,202.21,
117,120.06990,27.67,120.07710,-6.09,120.09150,27.67,3.51270,33.76,269.55,
118,123.58140,20.35,123.58980,-11.88,123.60270,20.35,1.91880,32.23,179.66,
119,125.50620,19.33,125.50860,-9.84,125.51580,19.33,0.19380,29.18,60.15,
120,125.69280,24.92,125.70240,-5.78,125.71740,24.92,6.56880,30.70,286.01,
121,132.26400,23.45,132.27120,-6.09,132.28230,23.45,0.10710,29.55,173.91,
122,132.37470,24.00,132.37830,-0.16,132.39000,24.00,0.85920,24.16,84.64,
123,133.22790,29.46,133.23750,-10.16,133.25250,29.46,2.09940,39.61,453.62,
124,135.32730,31.42,135.33690,7.19,135.35190,31.42,0.36120,24.23,219.39,
125,135.68850,29.57,135.69810,-18.91,135.71310,29.57,1.50060,48.48,420.79,
126,137.18940,12.71,137.19870,-16.41,137.20740,12.71,0.75840,29.11,158.40,
127,137.94720,29.72,137.95710,5.63,137.96760,29.72,0.06000,24.09,205.33,
128,138.00960,31.09,138.01710,6.88,138.03210,31.09,0.84210,24.21,250.95,
129,138.84930,31.96,138.85920,6.56,138.87420,31.96,0.45900,25.40,231.30,
130,139.30800,32.72,139.31820,6.56,139.33320,32.72,0.48270,26.16,242.09,
131,139.79130,34.26,139.80090,-22.19,139.81590,34.26,0.99120,56.45,557.81,
132,140.78850,32.83,140.79210,0.47,140.80710,32.83,4.66650,32.36,272.34,
133,145.44840,28.83,145.45860,4.22,145.46850,28.83,0.68310,24.61,239.26,
134,146.13180,31.68,146.14170,7.19,146.15670,31.68,0.32790,24.50,211.30,
135,146.46030,23.15,146.46960,-5.00,146.48400,23.15,3.76680,28.15,272.04,
136,150.22710,144.75,150.23640,95.00,150.25140,144.75,5.28090,49.75,494.96,
137,155.50860,124.95,155.51730,98.13,155.53230,124.95,4.60500,26.82,299.22,
138,160.11390,115.52,160.12230,63.44,160.13730,115.52,7.15860,52.08,399.48,
139,167.27130,121.17,167.28090,96.41,167.29200,121.17,0.51990,24.76,173.13,
140,167.79090,116.07,167.80080,91.56,167.81190,116.07,4.95750,24.50,177.65,
141,172.74990,-18.87,172.75830,-42.97,172.77030,-18.87,0.02280,24.10,114.50,
142,172.77060,-16.94,172.78110,-41.41,172.79490,-16.94,0.36000,24.47,300.85,
143,173.13150,-28.05,173.14110,-52.34,173.14920,-28.05,1.75680,24.29,150.01,
144,174.88800,-45.52,174.89790,-70.31,174.90930,-45.52,0.06390,24.80,196.32,
145,174.95910,-54.81,174.96180,-81.09,174.97350,-54.81,0.20040,26.28,148.02,
146,175.15860,-49.23,175.16220,-79.53,175.16970,-49.23,0.05940,30.31,141.29,
147,175.21140,-44.28,175.22160,-74.38,175.23360,-44.28,0.74220,30.09,307.24,
148,175.96020,-54.86,175.96380,-83.44,175.97430,-54.86,0.26400,28.58,111.75,
149,176.21910,-56.31,176.22780,-82.50,176.24130,-56.31,1.44360,26.19,187.65,
150,177.66090,-74.77,177.67140,-101.25,177.68640,-74.77,0.27120,26.48,345.36,
151,177.93630,-83.83,177.94260,-115.94,177.95370,-83.83,0.05550,32.11,73.18,
152,177.98880,-77.37,177.99810,-110.16,178.01310,-77.37,0.52920,32.78,340.00,
153,178.51710,-99.48,178.52730,-126.41,178.53780,-99.48,0.07680,26.92,196.83,
154,178.59450,-92.06,178.60410,-127.03,178.61910,-92.06,0.18090,34.97,261.52,
155,178.77510,-88.11,178.78500,-124.06,178.80000,-88.11,0.06090,35.95,350.79,
156,178.83900,-87.84,178.84590,-114.06,178.86090,-87.84,0.31860,26.23,242.40,
157,179.15460,-100.04,179.16450,-139.06,179.17440,-100.04,0.01950,39.02,249.96,
158,179.17440,-97.36,179.18400,-122.66,179.19900,-97.36,0.12330,25.30,263.12,
159,179.29770,-96.17,179.30730,-129.84,179.31570,-96.17,0.24000,33.67,174.26,
160,179.53740,-98.21,179.54730,-133.13,179.56230,-98.21,0.07080,34.92,307.64,
161,179.60970,-95.22,179.61810,-129.53,179.62800,-95.22,0.04290,34.31,260.51,
162,179.65170,-99.45,179.66100,-132.81,179.67330,-99.45,0.02340,33.36,227.19,
163,179.67420,-102.85,179.68440,-139.84,179.69190,-102.85,0.26040,37.00,249.61,
164,179.93640,-110.37,179.94480,-142.19,179.95770,-110.37,0.35790,31.81,208.24,
165,180.29400,-96.90,180.30270,-126.88,180.31770,-96.90,0.04020,29.98,356.75,
166,180.33780,-97.56,180.34290,-125.63,180.35460,-97.56,0.07830,28.07,187.80,
167,180.41490,-110.81,180.42120,-148.91,180.43620,-110.81,0.22260,38.10,364.17,
168,180.63390,-106.79,180.64380,-146.56,180.65250,-106.79,0.01560,39.77,260.54,
169,180.65310,-112.40,180.65940,-140.78,180.66780,-112.40,0.42210,28.38,185.52,
170,181.07160,-107.52,181.08150,-132.34,181.09020,-107.52,0.16230,24.82,99.52,
171,181.23390,-102.70,181.24380,-127.19,181.25130,-102.70,0.16260,24.49,147.70,
172,181.39590,-108.50,181.40640,-145.47,181.41330,-108.50,0.03990,36.97,217.78,
173,181.43610,-107.70,181.44630,-139.06,181.45410,-107.70,0.14970,31.36,202.38,
174,181.59360,-106.64,181.59600,-133.28,181.61100,-106.64,0.34590,26.64,291.37,
175,181.93290,-116.46,181.94190,-140.94,181.95060,-116.46,0.34230,24.47,161.09,
176,182.27910,-112.23,182.28420,-142.97,182.29380,-112.23,0.02040,30.74,187.68,
177,182.29500,-118.50,182.30460,-145.47,182.31960,-118.50,0.10170,26.96,316.75,
178,182.40120,-111.94,182.40630,-139.69,182.42130,-111.94,0.13740,27.74,232.53,
179,182.53770,-120.73,182.54370,-147.19,182.55120,-120.73,0.20790,26.46,87.82,
180,182.74110,-120.78,182.75160,-158.75,182.76660,-120.78,0.12630,37.97,523.67,
181,182.86770,-121.49,182.87790,-146.09,182.89290,-121.49,0.39090,24.60,270.84,
182,183.26010,-129.21,183.26880,-153.59,183.27780,-129.21,0.07710,24.38,135.65,
183,183.33780,-121.43,183.34590,-150.00,183.35490,-121.43,0.33420,28.57,140.11,
184,183.67410,-125.23,183.68010,-150.31,183.69510,-125.23,0.04980,25.08,246.07,
185,183.71970,-123.21,183.72990,-147.81,183.74340,-123.21,0.17640,24.61,298.20,
186,183.90030,-132.10,183.90630,-156.88,183.91290,-132.10,0.12750,24.78,101.35,
187,184.03140,-130.10,184.03380,-155.47,184.04250,-130.10,0.17400,25.37,85.73,
188,184.19940,-138.46,184.20780,-165.63,184.21530,-138.46,0.21810,27.17,162.01,
189,184.41660,-117.71,184.42590,-146.09,184.43730,-117.71,0.27870,28.39,202.97,
190,184.70070,-128.40,184.70460,-158.59,184.71960,-128.40,0.40440,30.19,301.81,
191,185.09910,-136.16,185.10900,-167.66,185.11830,-136.16,0.07770,31.49,214.71,
192,185.17950,-123.07,185.18670,-152.66,185.19750,-123.07,0.44280,29.58,144.31,
193,185.62350,-145.71,185.62950,-171.09,185.64150,-145.71,0.03930,25.39,144.70,
194,185.66160,-138.47,185.66880,-170.78,185.68380,-138.47,0.03450,32.31,280.90,
195,185.69520,-148.54,185.70330,-179.06,185.71620,-148.54,0.27810,30.52,202.84,
196,185.97180,-141.62,185.98140,-180.47,185.99100,-141.62,0.02520,38.84,310.97,
197,185.99760,-147.54,186.00660,-173.59,186.01290,-147.54,0.20130,26.05,170.51,
198,186.19950,-154.63,186.20790,-180.31,186.21540,-154.63,0.19350,25.69,85.35,
199,186.39120,-142.66,186.40140,-171.25,186.41280,-142.66,0.06420,28.59,256.32,
200,186.45570,-138.97,186.46560,-184.53,186.47730,-138.97,0.09360,45.56,423.00,
201,186.55320,-139.02,186.55920,-174.06,186.57420,-139.02,0.02970,35.04,330.25,
202,186.57870,-142.01,186.58890,-171.56,186.59820,-142.01,0.07950,29.55,248.24,
203,186.65880,-144.45,186.66840,-170.63,186.67650,-144.45,0.31920,26.18,134.25,
204,186.97920,-136.06,186.98760,-162.34,186.99720,-136.06,0.29190,26.29,112.26,
205,187.27230,-146.99,187.27950,-182.81,187.29450,-146.99,0.34860,35.83,332.71,
206,187.61850,-147.87,187.62810,-177.97,187.64310,-147.87,0.06450,30.10,307.41,
207,187.68240,-152.95,187.69260,-184.22,187.70310,-152.95,0.31620,31.27,271.31,
208,187.99890,-150.09,188.00880,-179.53,188.01930,-150.09,0.12000,29.44,219.21,
209,188.12010,-175.36,188.12880,-210.47,188.14260,-175.36,0.19950,35.11,269.36,
210,188.31840,-160.11,188.32830,-188.91,188.33820,-160.11,0.04200,28.80,209.18,
211,188.35980,-154.65,188.37030,-193.13,188.38380,-154.65,0.15240,38.47,383.39,
212,188.51370,-158.13,188.52270,-182.34,188.53710,-158.13,0.12390,24.22,241.96,
213,188.63940,-173.80,188.64660,-199.06,188.65500,-173.80,0.31650,25.26,99.30,
214,188.95380,-169.47,188.96310,-196.56,188.97450,-169.47,0.08550,27.09,221.49,
215,189.03810,-155.31,189.04860,-184.38,189.05880,-155.31,0.15330,29.06,320.54,
216,189.19620,-168.14,189.20190,-192.81,189.21150,-168.14,0.02490,24.67,115.57,
217,189.21660,-168.38,189.22680,-193.59,189.23640,-168.38,0.04200,25.21,231.04,
218,189.26280,-175.00,189.26880,-208.13,189.27930,-175.00,0.11400,33.12,188.95,
219,189.37800,-166.11,189.38280,-199.06,189.39420,-166.11,0.06540,32.96,270.14,
220,189.43860,-174.66,189.44820,-203.75,189.45840,-174.66,0.12090,29.09,242.81,
221,189.56310,-165.73,189.56910,-196.88,189.58410,-165.73,0.72240,31.15,285.76,
222,190.28100,-174.83,190.29150,-204.53,190.30650,-174.83,0.03690,29.70,304.14,
223,190.32090,-172.79,190.32840,-201.72,190.33980,-172.79,0.01920,28.93,140.47,
224,190.34280,-169.34,190.34760,-208.59,190.35930,-169.34,0.06000,39.25,252.26,
225,190.39740,-188.34,190.40760,-214.69,190.41810,-188.34,0.33330,26.35,251.84,
226,190.73220,-176.06,190.74090,-200.31,190.75410,-176.06,0.40080,24.25,186.18,
227,191.13240,-183.73,191.14170,-212.97,191.15280,-183.73,0.02760,29.24,241.10,
228,191.15940,-169.34,191.16930,-200.63,191.18040,-169.34,0.05760,31.28,301.49,
229,191.21970,-177.34,191.22690,-216.72,191.24040,-177.34,0.03660,39.38,284.00,
230,191.25630,-175.65,191.26350,-213.44,191.27850,-175.65,0.20550,37.79,333.28,
231,191.45910,-187.19,191.46900,-212.34,191.47710,-187.19,0.04170,25.15,184.86,
232,191.50110,-187.34,191.51070,-232.19,191.52570,-187.34,0.35760,44.85,591.73,
233,191.85930,-175.41,191.86830,-204.69,191.88060,-175.41,0.12120,29.27,234.34,
234,191.97930,-188.56,191.98950,-235.47,192.00450,-188.56,0.11580,46.91,470.38,
235,192.09570,-191.86,192.10530,-220.00,192.11430,-191.86,0.02310,28.14,182.40,
236,192.12330,-186.49,192.12840,-211.09,192.13590,-186.49,0.25140,24.60,111.90,
237,192.37500,-194.66,192.37980,-223.44,192.39480,-194.66,0.27630,28.78,269.54,
238,192.65130,-192.93,192.65610,-227.03,192.67110,-192.93,0.36930,34.10,236.14,
239,193.01550,-196.09,193.02540,-234.53,193.04040,-196.09,0.65850,38.44,444.13,
240,193.67910,-201.36,193.68390,-227.50,193.69380,-201.36,0.14520,26.14,132.89,
241,193.82280,-200.47,193.82910,-228.75,193.83720,-200.47,0.62070,28.28,148.51,
242,194.44260,-188.88,194.44980,-217.97,194.46180,-188.88,0.15390,29.09,191.01,
243,194.59770,-203.64,194.60370,-234.69,194.61270,-203.64,0.08520,31.05,179.34,
244,194.67960,-189.01,194.68890,-222.50,194.69850,-189.01,0.05190,33.49,266.60,
245,194.73450,-195.80,194.74080,-227.66,194.75220,-195.80,0.06930,31.85,269.91,
246,194.80290,-187.57,194.81010,-217.97,194.81820,-187.57,0.01860,30.40,122.73,
247,194.82510,-200.44,194.82870,-229.53,194.83470,-200.44,0.20070,29.09,69.77,
248,195.02100,-193.55,195.02940,-224.06,195.04440,-193.55,0.23610,30.52,397.42,
249,195.26190,-186.97,195.26550,-213.91,195.27480,-186.97,0.01620,26.93,117.00,
250,195.27480,-186.08,195.28170,-216.25,195.29670,-186.08,0.14940,30.17,281.26,
251,195.42090,-184.70,195.43110,-218.28,195.44010,-184.70,0.11790,33.58,257.76,
252,195.53940,-196.83,195.54900,-221.56,195.55830,-196.83,0.16260,24.73,96.49,
253,195.70410,-205.43,195.71160,-241.87,195.72660,-205.43,0.12060,36.44,317.92,
254,195.82620,-191.91,195.83220,-221.72,195.84720,-191.91,0.13740,29.81,287.36,
255,195.96150,-197.75,195.96960,-226.41,195.98460,-197.75,0.05520,28.66,320.86,
256,196.02000,-200.21,196.02480,-225.16,196.03320,-200.21,0.26730,24.95,106.94,
257,196.28100,-194.11,196.29210,-224.69,196.30710,-194.11,0.23640,30.58,456.52,
258,196.51860,-205.94,196.52850,-232.81,196.53720,-205.94,0.06480,26.87,217.03,
259,196.58580,-209.59,196.59330,-235.94,196.60200,-209.59,0.13530,26.34,137.54,
260,196.72470,-207.85,196.72860,-231.88,196.74120,-207.85,0.09810,24.02,187.66,
261,196.81710,-188.55,196.82670,-223.13,196.83630,-188.55,0.06510,34.58,192.90,
262,196.88370,-197.43,196.89180,-228.28,196.90680,-197.43,0.15750,30.85,382.55,
263,197.03910,-201.77,197.04930,-231.88,197.06430,-201.77,0.16860,30.11,369.64,
264,197.21340,-203.93,197.21790,-229.69,197.22720,-203.93,0.03360,25.76,61.34,
265,197.24220,-190.43,197.25150,-226.72,197.25960,-190.43,0.14190,36.29,233.80,
266,197.38860,-214.92,197.39340,-240.31,197.40360,-214.92,0.06960,25.39,112.94,
267,197.45700,-213.12,197.46300,-239.37,197.47560,-213.12,0.10470,26.26,189.05,
268,197.55900,-200.07,197.56770,-231.25,197.58270,-200.07,0.11430,31.18,324.97,
269,197.67330,-203.49,197.68200,-229.69,197.69250,-203.49,0.08940,26.19,166.83,
270,197.76270,-199.73,197.77140,-223.91,197.78010,-199.73,0.19770,24.18,113.70,
271,197.96400,-196.38,197.96910,-232.19,197.98410,-196.38,0.24000,35.81,340.01,
272,198.20040,-200.26,198.20910,-232.97,198.21810,-200.26,0.04050,32.71,155.18,
273,198.24000,-206.05,198.24960,-252.81,198.26460,-206.05,0.08010,46.76,455.78,
274,198.32070,-202.17,198.32970,-232.19,198.34380,-202.17,0.15150,30.02,317.51,
275,198.47370,-211.69,198.48120,-240.16,198.49620,-211.69,0.30300,28.46,323.33,
276,198.77790,-210.04,198.78420,-236.09,198.79470,-210.04,0.10980,26.05,208.49,
277,198.88650,-232.47,198.89400,-266.88,198.90480,-232.47,0.65730,34.40,182.15,
278,199.54140,-203.98,199.55130,-228.13,199.56630,-203.98,0.03870,24.15,337.31,
279,199.58130,-198.89,199.59000,-232.19,199.60500,-198.89,0.11880,33.30,324.80,
280,199.70130,-212.49,199.70880,-238.28,199.71660,-212.49,0.05820,25.80,113.75,
281,199.75770,-207.31,199.76700,-232.81,199.78200,-207.31,0.05310,25.50,261.64,
282,199.80990,-201.36,199.82010,-232.66,199.83000,-201.36,0.20640,31.29,280.95,
283,200.01960,-200.07,200.02650,-228.75,200.03790,-200.07,0.30120,28.68,102.83,
284,200.32020,-195.84,200.32770,-226.41,200.33670,-195.84,0.02310,30.57,152.59,
285,200.34120,-195.64,200.35080,-232.03,200.36580,-195.64,0.10860,36.39,388.88,
286,200.45460,-211.04,200.45940,-247.34,200.46960,-211.04,0.02760,36.30,112.85,
287,200.47710,-200.13,200.48700,-236.56,200.49780,-200.13,0.12240,36.44,311.79,
288,200.59980,-203.57,200.60940,-240.00,200.62200,-203.57,0.25800,36.43,277.98,
289,200.85840,-207.59,200.86740,-236.87,200.87970,-207.59,0.24360,29.29,217.96,
290,201.10050,-209.85,201.11100,-237.50,201.12000,-209.85,0.43800,27.65,147.85,
291,201.54060,-202.49,201.54900,-242.50,201.56400,-202.49,0.06270,40.01,376.94,
292,201.60210,-216.71,201.61170,-246.56,201.62100,-216.71,0.01950,29.86,65.88,
293,201.62100,-205.00,201.63120,-233.59,201.63930,-205.00,0.01830,28.59,239.45,
294,201.64290,-213.50,201.64950,-238.59,201.65730,-213.50,0.02160,25.09,196.91,
295,201.66150,-204.07,201.67110,-232.19,201.67950,-204.07,0.06030,28.12,182.26,
296,201.72120,-203.06,201.73140,-235.94,201.73800,-203.06,0.05820,32.87,268.37,
297,201.78030,-223.71,201.78960,-249.69,201.79920,-223.71,0.04440,25.98,206.50,
298,201.82350,-207.52,201.83400,-250.94,201.84900,-207.52,0.09870,43.42,497.43,
299,201.92310,-215.03,201.93270,-247.66,201.94110,-215.03,0.38040,32.63,119.19,
300,202.30470,-209.81,202.31310,-234.69,202.32810,-209.81,0.21360,24.88,294.66,
301,202.52040,-199.16,202.52670,-227.03,202.54020,-199.16,0.22110,27.88,233.25,
302,202.73940,-204.76,202.74780,-233.12,202.76070,-204.76,0.10440,28.37,260.35,
303,202.84830,-213.18,202.85220,-240.94,202.86270,-213.18,0.20160,27.76,104.82,
304,203.04630,-210.07,203.05380,-236.72,203.06700,-210.07,0.03240,26.65,222.84,
305,203.07900,-205.18,203.08620,-244.69,203.09760,-205.18,0.12630,39.51,274.55,
306,203.20380,-211.90,203.21250,-236.87,203.22390,-211.90,0.03360,24.97,199.09,
307,203.23770,-201.65,203.24610,-238.91,203.26110,-201.65,0.02610,37.26,363.19,
308,203.26470,-216.10,203.27220,-240.62,203.28150,-216.10,0.11790,24.52,126.55,
309,203.38410,-202.68,203.39010,-232.66,203.40060,-202.68,0.10080,29.98,239.35,
310,203.48160,-200.07,203.49090,-234.37,203.50200,-200.07,0.03600,34.31,210.34,
311,203.51700,-197.33,203.52690,-230.16,203.53650,-197.33,0.14850,32.83,253.71,
312,203.66550,-215.26,203.67540,-243.59,203.68470,-215.26,0.07680,28.33,192.62,
313,203.74230,-234.66,203.75220,-267.50,203.75970,-234.66,0.21270,32.84,203.62,
314,203.96100,-207.54,203.96490,-231.88,203.97690,-207.54,0.06330,24.34,172.81,
315,204.02310,-210.06,204.02820,-241.56,204.03900,-210.06,0.02250,31.51,219.35,
316,204.04710,-205.32,204.05070,-241.25,204.06570,-205.32,0.05640,35.93,358.79,
317,204.09690,-201.95,204.10710,-237.81,204.11730,-201.95,0.08430,35.87,331.77,
318,204.18240,-221.98,204.19140,-250.16,204.20130,-221.98,0.05880,28.18,215.13,
319,204.24090,-201.37,204.25020,-232.97,204.26520,-201.37,0.17790,31.60,333.84,
320,204.41850,-205.49,204.42810,-232.34,204.43620,-205.49,0.18300,26.85,198.84,
321,204.60210,-216.14,204.61110,-253.91,204.62040,-216.14,0.13890,37.77,296.07,
322,204.74010,-218.99,204.75000,-248.75,204.76110,-218.99,0.16920,29.76,181.55,
323,204.90900,-220.33,204.91920,-248.28,204.92580,-220.33,0.12900,27.95,187.60,
324,205.03950,-197.26,205.04820,-239.84,205.06320,-197.26,0.02280,42.58,454.75,
325,205.06320,-205.93,205.07100,-232.81,205.08060,-205.93,0.03930,26.88,93.38,
326,205.09980,-200.29,205.11030,-235.31,205.12530,-200.29,0.07650,35.02,471.08,
327,205.17780,-217.37,205.18680,-248.59,205.19610,-217.37,0.17520,31.22,153.32,
328,205.35960,-204.34,205.36200,-229.22,205.37310,-204.34,0.02340,24.87,160.87,
329,205.37610,-207.06,205.38540,-237.19,205.39770,-207.06,0.08100,30.12,214.52,
330,205.46040,-212.73,205.46640,-245.31,205.47720,-212.73,0.32820,32.58,182.59,
331,205.78500,-204.63,205.79460,-251.72,205.80960,-204.63,0.29580,47.09,514.95,
332,206.08410,-216.64,206.09040,-249.06,206.10060,-216.64,0.19950,32.42,207.10,
333,206.28060,-209.08,206.28990,-233.44,206.29830,-209.08,0.49890,24.36,107.55,
334,206.78100,-190.70,206.78880,-215.94,206.79840,-190.70,0.02160,25.24,155.34,
335,206.80650,-190.51,206.81040,-215.47,206.82210,-190.51,0.14430,24.96,122.91,
336,206.94840,-214.36,206.95470,-239.84,206.96670,-214.36,0.03570,25.48,118.86,
337,206.98110,-209.84,206.99040,-238.28,207.00540,-209.84,0.27210,28.44,323.87,
338,207.25770,-213.49,207.26250,-237.50,207.27750,-213.49,0.16980,24.01,245.09,
339,207.42270,-216.93,207.43230,-248.75,207.44310,-216.93,0.13860,31.82,173.64,
340,207.56580,-209.81,207.57090,-237.50,207.57720,-209.81,0.07920,27.69,104.65,
341,207.64230,-213.78,207.65010,-253.44,207.66240,-213.78,0.09540,39.66,376.65,
342,207.73920,-207.33,207.74550,-238.12,207.75690,-207.33,0.31020,30.79,190.54,
343,208.04550,-211.45,208.05570,-241.87,208.06890,-211.45,0.25800,30.43,334.94,
344,208.30410,-203.99,208.31370,-245.47,208.32060,-203.99,0.01680,41.48,247.63,
345,208.32060,-216.53,208.33050,-242.66,208.33830,-216.53,0.19560,26.13,185.07,
346,208.51770,-217.17,208.52610,-256.25,208.54050,-217.17,0.02820,39.08,360.54,
347,208.54650,-208.15,208.55430,-239.69,208.56810,-208.15,0.03870,31.54,326.81,
348,208.58280,-208.79,208.59300,-237.50,208.60350,-208.79,0.05550,28.71,179.25,
349,208.64490,-212.96,208.64850,-237.34,208.65990,-212.96,0.07800,24.39,143.11,
350,208.71960,-209.99,208.72650,-241.72,208.74150,-209.99,0.70230,31.73,299.00,
351,209.42160,-214.38,209.42880,-245.94,209.43960,-214.38,0.21750,31.56,167.85,
352,209.63790,-213.30,209.64630,-243.28,209.66070,-213.30,0.18990,29.98,314.14,
353,209.82780,-213.65,209.83620,-244.84,209.85120,-213.65,0.06990,31.20,287.70,
354,209.89650,-212.55,209.90610,-240.16,209.91540,-212.55,0.23310,27.60,189.32,
355,210.13560,-220.71,210.13920,-245.62,210.14700,-220.71,0.05640,24.92,86.87,
356,210.18570,-207.92,210.19560,-238.28,210.20400,-207.92,0.19920,30.36,155.01,
357,210.38460,-202.89,210.39480,-239.53,210.40650,-202.89,0.13800,36.64,344.66,
358,210.52350,-207.29,210.53280,-238.12,210.54420,-207.29,0.04710,30.83,159.74,
359,210.57000,-200.36,210.57990,-244.06,210.59490,-200.36,0.07320,43.70,566.25,
360,210.64560,-210.63,210.65310,-237.97,210.66240,-210.63,0.26070,27.34,182.92,
361,210.90660,-222.02,210.91380,-250.62,210.92280,-222.02,0.12060,28.61,104.21,
362,211.02480,-205.01,211.03440,-230.16,211.04490,-205.01,0.31680,25.15,178.33,
363,211.34610,-228.92,211.35120,-252.97,211.35990,-228.92,0.06030,24.04,157.20,
364,211.40520,-214.22,211.41150,-241.87,211.41930,-214.22,0.48300,27.65,117.54,
365,211.88460,-217.89,211.89450,-242.66,211.90080,-217.89,0.11610,24.77,139.56,
366,212.00100,-215.40,212.01060,-256.09,212.02140,-215.40,0.02010,40.70,289.84,
367,212.02140,-220.19,212.03070,-247.19,212.03880,-220.19,0.04290,27.00,165.78,
368,212.06310,-215.70,212.07360,-246.09,212.08440,-215.70,0.15480,30.39,325.89,
369,212.21940,-207.10,212.22840,-234.53,212.23590,-207.10,0.10470,27.43,172.15,
370,212.32320,-215.91,212.33310,-242.34,212.34000,-215.91,0.01920,26.43,165.12,
371,212.34300,-211.35,212.35230,-242.34,212.35920,-211.35,0.14100,31.00,145.31,
372,212.48490,-207.32,212.49330,-240.94,212.50410,-207.32,0.07710,33.62,193.62,
373,212.55990,-207.70,212.57040,-233.28,212.58540,-207.70,0.03720,25.58,333.12,
374,212.59800,-211.83,212.60760,-239.84,212.61990,-211.83,0.05550,28.01,233.11,
375,212.65590,-211.88,212.66310,-246.72,212.67750,-211.88,0.03060,34.84,314.58,
376,212.68350,-214.36,212.69370,-251.09,212.70870,-214.36,0.27660,36.74,381.81,
377,212.96040,-219.94,212.97030,-257.19,212.97930,-219.94,0.18120,37.25,275.89,
378,213.14130,-219.03,213.15150,-252.66,213.15990,-219.03,0.05610,33.63,251.90,
379,213.19770,-227.15,213.20760,-256.41,213.22020,-227.15,0.01500,29.26,229.39,
380,213.22020,-222.26,213.22260,-247.81,213.23190,-222.26,0.10320,25.55,87.22,
381,213.31620,-201.75,213.32580,-229.53,213.34080,-201.75,0.20340,27.78,316.45,
382,213.51900,-227.95,213.52920,-263.75,213.54240,-227.95,0.03780,35.80,380.34,
383,213.56070,-215.14,213.56700,-242.66,213.57870,-215.14,0.16410,27.51,230.27,
384,213.72240,-215.01,213.73110,-248.44,213.74610,-215.01,0.14010,33.42,456.13,
385,213.86760,-216.45,213.87120,-242.81,213.87900,-216.45,0.02070,26.36,85.69,
386,213.88350,-208.05,213.89190,-241.41,213.90210,-208.05,0.06210,33.35,251.06,
387,213.94440,-216.32,213.95400,-252.66,213.96900,-216.32,0.03780,36.34,502.55,
388,213.98250,-203.37,213.99180,-257.50,214.00680,-203.37,0.22080,54.13,620.25,
389,214.20420,-209.11,214.21260,-248.91,214.22760,-209.11,0.19380,39.79,287.14,
390,214.39770,-214.24,214.40640,-238.59,214.41570,-214.24,0.08730,24.35,147.77,
391,214.48620,-211.09,214.49370,-253.75,214.50870,-211.09,0.28200,42.66,370.02,
392,214.76580,-217.05,214.77570,-247.50,214.78680,-217.05,0.17550,30.45,201.39,
393,214.94190,-203.89,214.95120,-246.41,214.96620,-203.89,0.23550,42.52,593.31,
394,215.17740,-221.32,215.18670,-246.56,215.20170,-221.32,0.06570,25.25,234.76,
395,215.24310,-214.07,215.25240,-239.84,215.25870,-214.07,0.27690,25.78,177.00,
396,215.51970,-212.06,215.52930,-246.56,215.54340,-212.06,0.26490,34.50,341.49,
397,215.78520,-218.92,215.79420,-248.91,215.80380,-218.92,0.11310,29.99,192.05,
398,215.90100,-216.77,215.90730,-242.03,215.91870,-216.77,0.02490,25.26,205.35,
399,215.92350,-219.77,215.93220,-245.47,215.93970,-219.77,0.06060,25.70,141.51,
400,215.98440,-225.24,215.99280,-257.19,215.99910,-225.24,0.21870,31.95,151.19,
401,216.20190,-226.81,216.21150,-257.81,216.22110,-226.81,0.02430,31.00,101.40,
402,216.22530,-222.66,216.23580,-260.16,216.25080,-222.66,0.03510,37.50,529.30,
403,216.26100,-228.41,216.27090,-255.62,216.28110,-228.41,0.26250,27.22,218.42,
404,216.52350,-234.34,216.53340,-267.81,216.54270,-234.34,0.04320,33.47,245.75,
405,216.56640,-201.86,216.57660,-236.72,216.59160,-201.86,0.11580,34.86,508.13,
406,216.68340,-211.89,216.69240,-241.87,216.70740,-211.89,0.06120,29.99,298.48,
407,216.74340,-213.43,216.75360,-250.62,216.76140,-213.43,0.05700,37.19,288.20,
408,216.80100,-222.09,216.81060,-256.72,216.82560,-222.09,0.48030,34.63,386.10,
409,217.28100,-221.39,217.29090,-250.94,217.29840,-221.39,0.08280,29.55,160.03,
410,217.36710,-223.24,217.37370,-247.66,217.38000,-223.24,0.27210,24.42,107.12,
411,217.64100,-222.27,217.64580,-260.31,217.66080,-222.27,0.06540,38.04,382.96,
412,217.70190,-233.31,217.71120,-265.63,217.72110,-233.31,0.09660,32.32,180.53,
413,217.80030,-227.39,217.80780,-253.75,217.81680,-227.39,0.02400,26.36,154.69,
414,217.82670,-229.06,217.83180,-257.34,217.84170,-229.06,0.34200,28.29,132.24,
415,218.16720,-212.48,218.17380,-239.69,218.18280,-212.48,0.13260,27.20,145.44,
416,218.30160,-214.16,218.30640,-239.84,218.31570,-214.16,0.04530,25.69,103.55,
417,218.34150,-206.92,218.35170,-249.69,218.36670,-206.92,0.07500,42.77,576.84,
418,218.42310,-221.84,218.42670,-246.41,218.43510,-221.84,0.04530,24.57,98.81,
419,218.46690,-230.18,218.47200,-259.53,218.48370,-230.18,0.02310,29.35,179.00,
420,218.48520,-233.79,218.49510,-272.97,218.51010,-233.79,0.29250,39.18,369.51,
421,218.78370,-226.81,218.78760,-251.09,218.79690,-226.81,0.04440,24.29,156.41,
422,218.82330,-218.37,218.83200,-251.09,218.84610,-218.37,0.18240,32.72,333.54,
423,219.00450,-216.52,219.01440,-246.56,219.02940,-216.52,0.03690,30.04,361.38,
424,219.04200,-218.62,219.05130,-250.31,219.05940,-218.62,0.13980,31.69,214.41,
425,219.18150,-226.02,219.19110,-270.31,219.19740,-226.02,0.04170,44.29,259.93,
426,219.22320,-226.77,219.23280,-255.16,219.24120,-226.77,0.32250,28.39,202.44,
427,219.54540,-221.94,219.55530,-250.78,219.56400,-221.94,0.15870,28.84,269.80,
428,219.70410,-218.05,219.71400,-253.28,219.72900,-218.05,0.21510,35.23,450.01,
429,219.91890,-222.92,219.92910,-255.94,219.93990,-222.92,0.51780,33.01,259.65,
430,220.44180,-219.76,220.44690,-247.66,220.45740,-219.76,0.14730,27.89,213.66,
431,220.58400,-215.91,220.59420,-248.91,220.60320,-215.91,0.13800,32.99,258.02,
432,220.72560,-221.70,220.73220,-249.69,220.74180,-221.70,0.24000,27.99,176.98,
433,220.96350,-212.51,220.97220,-247.19,220.98570,-212.51,0.15630,34.68,331.78,
434,221.11860,-224.04,221.12850,-254.53,221.14110,-224.04,0.04320,30.49,332.26,
435,221.16210,-223.68,221.17170,-257.03,221.17830,-223.68,0.07290,33.35,183.14,
436,221.24220,-217.29,221.24460,-246.72,221.25810,-217.29,0.08760,29.43,196.43,
437,221.32350,-208.83,221.33220,-239.37,221.34330,-208.83,0.19860,30.55,213.47,
438,221.52060,-209.01,221.53080,-235.47,221.54220,-209.01,0.02190,26.45,227.03,
439,221.54400,-210.41,221.55270,-236.25,221.55990,-210.41,0.16140,25.84,162.69,
440,221.70420,-218.57,221.71410,-254.06,221.72610,-218.57,0.13770,35.50,284.12,
441,221.84790,-228.81,221.85180,-256.09,221.86140,-228.81,0.05580,27.28,114.24,
442,221.90040,-221.17,221.90760,-247.50,221.91480,-221.17,0.04350,26.33,173.36,
443,221.94600,-230.16,221.95110,-257.81,221.96460,-230.16,0.04020,27.65,164.59,
444,221.98650,-227.14,221.99130,-252.03,221.99880,-227.14,0.21660,24.89,38.24,
445,222.19950,-215.86,222.20790,-241.25,222.21480,-215.86,0.04140,25.39,114.09,
446,222.24000,-216.08,222.24930,-256.56,222.26220,-216.08,0.08460,40.48,330.05,
447,222.32460,-227.71,222.33390,-254.53,222.34410,-227.71,0.13710,26.83,174.72,
448,222.46620,-232.06,222.47100,-257.81,222.47760,-232.06,0.03210,25.75,79.07,
449,222.50070,-213.58,222.50310,-240.78,222.51810,-213.58,0.12300,27.20,212.20,
450,222.61860,-221.57,222.62610,-245.62,222.64110,-221.57,0.16650,24.06,218.68,
451,222.78270,-212.61,222.79260,-243.44,222.80160,-212.61,0.07860,30.83,271.42,
452,222.86400,-227.34,222.87120,-254.84,222.88110,-227.34,0.09600,27.50,136.25,
453,222.95850,-209.97,222.96720,-235.31,222.97770,-209.97,0.02400,25.35,165.80,
454,222.98130,-215.94,222.99120,-255.31,223.00140,-215.94,0.02040,39.38,301.56,
455,223.00680,-213.49,223.01160,-247.34,223.02120,-213.49,0.04260,33.86,106.03,
456,223.04940,-218.76,223.05420,-242.81,223.06110,-218.76,0.07650,24.05,75.99,
457,223.12440,-218.70,223.13070,-251.09,223.14570,-218.70,0.14010,32.40,277.40,
458,223.26090,-226.86,223.27080,-260.78,223.28280,-226.86,0.05550,33.92,300.96,
459,223.31700,-221.80,223.32630,-247.66,223.33470,-221.80,0.16620,25.85,195.34,
460,223.48620,-222.73,223.49250,-251.87,223.50000,-222.73,0.02130,29.15,151.55,
461,223.50480,-209.53,223.51380,-239.53,223.52280,-209.53,0.06630,30.00,166.77,
462,223.57260,-225.22,223.58010,-260.31,223.59510,-225.22,0.31080,35.09,303.66,
463,223.88220,-220.19,223.89090,-244.37,223.89960,-220.19,0.18030,24.18,137.81,
464,224.06220,-211.39,224.07120,-239.22,224.07750,-211.39,0.01590,27.83,111.56,
465,224.07750,-219.13,224.08710,-264.84,224.10210,-219.13,0.31500,45.71,529.65,
466,224.39220,-211.34,224.40210,-245.31,224.41590,-211.34,0.08550,33.97,366.03,
467,224.47950,-215.63,224.48760,-240.31,224.49690,-215.63,0.04440,24.68,120.29,
468,224.52330,-214.31,224.53200,-242.50,224.54460,-214.31,0.05520,28.19,226.64,
469,224.57850,-200.07,224.58720,-246.09,224.60040,-200.07,0.02310,46.03,448.93,
470,224.60040,-220.53,224.61030,-246.09,224.61960,-220.53,0.32220,25.56,149.56,
471,224.92320,-229.95,224.93250,-259.69,224.94210,-229.95,0.19920,29.73,235.78,
472,225.12270,-226.59,225.13170,-267.97,225.14220,-226.59,0.07500,41.38,353.86,
473,225.20070,-220.58,225.20670,-246.72,225.21630,-220.58,0.08700,26.14,132.53,
474,225.28590,-227.24,225.29370,-251.25,225.30180,-227.24,0.09840,24.01,117.50,
475,225.38460,-221.46,225.39210,-245.62,225.40320,-221.46,0.05970,24.16,158.65,
476,225.44250,-225.00,225.45180,-263.28,225.46680,-225.00,0.26340,38.28,438.45,
477,225.70680,-224.30,225.71520,-252.19,225.72270,-224.30,0.15300,27.89,114.28,
478,225.85860,-232.12,225.86820,-267.03,225.87690,-232.12,0.04200,34.91,176.19,
479,225.89970,-222.90,225.91020,-253.28,225.92130,-222.90,0.25620,30.38,309.92,
480,226.16070,-225.60,226.16640,-252.34,226.18020,-225.60,0.13350,26.74,210.37,
481,226.29240,-226.38,226.29990,-252.34,226.31400,-226.38,0.11580,25.96,237.02,
482,226.40640,-234.15,226.41570,-258.75,226.43070,-234.15,0.19830,24.60,208.69,
483,226.60440,-211.30,226.61400,-249.69,226.62900,-211.30,0.07200,38.39,392.48,
484,226.67730,-228.65,226.68600,-253.91,226.69920,-228.65,0.04920,25.25,105.05,
485,226.72530,-214.13,226.73520,-240.78,226.74570,-214.13,0.03780,26.65,148.15,
486,226.76310,-231.06,226.77300,-264.06,226.78320,-231.06,0.10140,33.00,223.04,
487,226.86360,-216.26,226.87440,-257.66,226.88940,-216.26,0.29550,41.40,518.11,
488,227.16030,-224.17,227.16990,-264.84,227.18490,-224.17,0.03660,40.67,475.85,
489,227.19900,-218.26,227.20650,-245.47,227.21760,-218.26,0.08550,27.21,230.05,
490,227.28390,-237.09,227.29200,-267.50,227.30010,-237.09,0.10200,30.41,102.61,
491,227.38380,-231.97,227.39400,-272.66,227.40000,-231.97,0.15150,40.68,277.30,
492,227.53920,-218.40,227.54550,-255.62,227.56050,-218.40,0.26280,37.22,368.51,
493,227.79870,-222.67,227.80830,-252.50,227.81490,-222.67,0.08220,29.83,215.01,
494,227.88420,-223.85,227.89050,-254.06,227.89830,-223.85,0.02880,30.21,161.97,
495,227.91330,-231.60,227.91930,-258.75,227.92800,-231.60,0.11790,27.15,67.26,
496,228.02760,-233.72,228.03720,-261.41,228.04620,-233.72,0.13020,27.68,128.08,
497,228.15750,-213.09,228.16740,-240.16,228.17970,-213.09,0.04170,27.06,277.88,
498,228.19920,-217.46,228.20910,-243.44,228.21570,-217.46,0.11730,25.98,116.85,
499,228.31920,-213.26,228.32640,-238.28,228.34110,-213.26,0.56400,25.03,262.43,
500,228.88140,-200.81,228.89040,-243.28,228.90540,-200.81,0.05760,42.48,418.95,
501,228.94290,-202.04,228.94800,-238.91,228.95580,-202.04,0.01890,36.87,218.32,
502,228.95790,-196.57,228.96690,-231.88,228.98100,-196.57,0.03690,35.31,315.21,
503,228.99900,-191.10,229.00380,-222.19,229.01520,-191.10,0.04170,31.08,157.12,
504,229.04160,-207.09,229.04550,-233.12,229.05150,-207.09,0.06570,26.03,131.11,
505,229.10250,-191.66,229.11120,-231.25,229.12620,-191.66,0.42150,39.59,456.35,
506,229.52760,-170.70,229.53270,-200.94,229.54260,-170.70,0.01440,30.23,158.08,
507,229.54440,-172.45,229.54710,-196.88,229.55820,-172.45,0.05910,24.42,91.07,
508,229.59720,-162.82,229.60620,-194.06,229.62120,-162.82,0.04350,31.24,324.65,
509,229.64340,-174.48,229.64970,-203.75,229.66410,-174.48,0.15840,29.27,230.55,
510,229.79850,-169.53,229.80810,-194.53,229.82010,-169.53,0.23490,25.00,230.43,
511,230.03820,-140.26,230.04300,-175.31,230.05800,-140.26,0.06990,35.05,433.35,
512,230.10270,-145.14,230.11290,-181.09,230.12250,-145.14,0.63510,35.96,314.65,
513,230.74260,-114.94,230.74800,-144.06,230.75730,-114.94,0.22410,29.12,175.76,
514,230.96250,-101.90,230.97210,-130.47,230.98110,-101.90,0.26040,28.57,155.80,
515,231.22230,-87.21,231.23250,-115.47,231.24000,-87.21,0.62610,28.25,149.10,
516,231.85470,-65.29,231.85860,-89.38,231.87000,-65.29,0.19380,24.09,112.77,
517,232.04280,-69.01,232.05240,-97.19,232.06260,-69.01,0.62100,28.17,197.25,
518,232.66350,-48.44,232.67340,-73.91,232.68840,-48.44,0.43260,25.47,339.28,
519,233.09670,-30.93,233.10600,-70.16,233.11770,-30.93,0.02640,39.22,299.86,
520,233.12610,-44.62,233.13240,-74.06,233.14740,-44.62,0.17730,29.45,274.52,
521,233.30010,-35.04,233.30970,-72.19,233.32170,-35.04,0.02130,37.15,340.36,
522,233.32170,-48.20,233.33100,-80.16,233.34600,-48.20,0.06150,31.95,305.58,
523,233.38230,-19.92,233.39250,-54.22,233.40750,-19.92,0.59670,34.30,388.22,
524,233.97930,-15.52,233.98920,-40.47,233.99700,-15.52,0.84810,24.95,169.13,
525,234.82710,-3.32,234.83730,-27.97,234.84870,-3.32,0.35670,24.65,229.71,
526,235.18410,-3.34,235.19400,-36.09,235.20150,-3.34,0.37710,32.75,198.67,
527,235.56510,3.35,235.57110,-22.34,235.58040,3.35,0.42450,25.69,110.77,
528,235.98540,21.61,235.99560,-11.72,236.01060,21.61,0.03510,33.33,435.09,
529,236.02200,23.52,236.03070,-4.22,236.04150,23.52,0.11910,27.74,185.72,
530,236.13990,25.00,236.14980,-6.25,236.15970,25.00,0.18210,31.25,291.96,
531,236.32560,25.11,236.33190,0.63,236.34120,25.11,0.09780,24.49,118.59,
532,236.42010,30.43,236.42970,4.84,236.43960,30.43,0.22230,25.58,178.28,
533,236.64240,27.26,236.65200,0.00,236.66700,27.26,0.99870,27.26,258.31,
534,237.64590,35.81,237.65070,9.53,237.66120,35.81,0.21990,26.28,114.67,
535,237.86220,29.93,237.87060,-13.44,237.88140,29.93,0.28320,43.37,310.66,
536,238.14510,30.42,238.15380,1.09,238.16430,30.42,0.29760,29.33,195.88,
537,238.44180,43.74,238.45140,19.38,238.46040,43.74,1.12020,24.37,147.36,
538,239.56200,65.22,239.57160,37.34,239.58300,65.22,0.03990,27.87,203.09,
539,239.60160,59.39,239.61150,33.59,239.62650,59.39,0.23940,25.79,320.33,
540,239.84100,55.24,239.85090,31.09,239.86050,55.24,0.23910,24.15,182.01,
541,240.08040,57.57,240.09000,27.03,240.10500,57.57,0.37500,30.53,311.21,
542,240.45540,60.11,240.46500,29.69,240.47910,60.11,0.44640,30.42,277.75,
543,240.90240,69.54,240.91140,45.00,240.92640,69.54,0.05940,24.54,209.34,
544,240.96120,72.55,240.97080,34.53,240.98580,72.55,0.13980,38.02,361.09,
545,241.10070,70.18,241.11060,41.88,241.12080,70.18,0.60000,28.30,246.71,
546,241.70310,70.50,241.71060,45.63,241.72050,70.50,0.19440,24.88,127.69,
547,241.89690,76.61,241.90500,47.34,241.92000,76.61,0.04680,29.26,277.55,
548,241.94220,73.11,241.95180,48.28,241.96050,73.11,0.31920,24.83,134.75,
549,242.26110,78.64,242.27100,54.22,242.27970,78.64,0.17340,24.42,167.38,
550,242.43960,78.24,242.44440,38.91,242.45610,78.24,0.34140,39.33,312.87,
551,242.77650,89.20,242.78580,42.03,242.80080,89.20,0.44640,47.17,455.91,
552,243.22380,114.57,243.23220,86.41,243.24180,114.57,0.08490,28.16,163.75,
553,243.30750,115.44,243.31710,82.34,243.33210,115.44,0.23370,33.09,247.90,
554,243.54060,121.97,243.55080,96.72,243.56070,121.97,1.27890,25.26,179.81,
555,244.82040,148.72,244.82970,122.03,244.83930,148.72,0.02550,26.69,181.65,
556,244.84500,139.71,244.85520,115.16,244.86210,139.71,0.11460,24.55,154.26,
557,244.96020,150.75,244.96980,124.22,244.98480,150.75,0.26070,26.54,319.58,
558,245.22210,154.46,245.23050,118.13,245.23950,154.46,0.74130,36.33,237.11,
559,245.96190,154.22,245.97180,127.34,245.98620,154.22,0.10440,26.88,193.39,
560,246.06720,145.64,246.07620,120.94,246.08280,145.64,0.29340,24.70,94.69,
561,246.36480,151.23,246.36960,125.78,246.38010,151.23,0.24030,25.45,126.50,
562,246.60030,149.92,246.60990,117.81,246.62130,149.92,0.09990,32.10,220.67,
563,246.70110,157.25,246.70980,122.81,246.72480,157.25,0.32010,34.43,333.05,
564,247.02120,159.06,247.02990,117.50,247.04490,159.06,0.09810,41.56,390.73,
565,247.11870,151.05,247.12800,122.34,247.13940,151.05,0.20850,28.71,212.98,
566,247.33290,132.08,247.33650,105.00,247.34550,132.08,0.21330,27.08,129.73,
567,247.53960,135.80,247.54980,99.38,247.56090,135.80,0.60180,36.43,387.96,
568,248.14680,129.68,248.15160,102.66,248.15910,129.68,0.09750,27.02,130.64,
569,248.23950,134.52,248.24910,107.34,248.26020,134.52,0.10260,27.18,166.36,
570,248.34150,137.33,248.35170,110.00,248.35890,137.33,0.19800,27.33,196.90,
571,248.54010,134.22,248.54970,107.19,248.55990,134.22,0.32640,27.03,170.08,
572,248.86680,18.91,248.87610,-10.00,248.88300,18.91,0.13260,28.91,86.74,
573,248.99910,38.51,249.00870,1.09,249.02370,38.51,0.17850,37.42,376.81,
574,249.18000,36.88,249.18720,11.41,249.20040,36.88,0.20430,25.48,186.63,
575,249.38160,41.27,249.39150,15.00,249.39900,41.27,0.03990,26.27,191.78,
576,249.42150,36.41,249.43140,6.88,249.43830,36.41,0.23820,29.53,170.01,
577,249.66000,39.12,249.66960,0.63,249.68160,39.12,0.24000,38.49,295.87,
578,249.90000,41.93,249.90960,13.59,249.91980,41.93,0.25350,28.34,177.30,
579,250.15410,29.70,250.16310,-16.41,250.17660,29.70,0.57300,46.11,364.46,
580,250.73250,33.45,250.73610,8.75,250.74600,33.45,0.27540,24.70,103.17,
581,251.00520,35.66,251.01150,3.75,251.02650,35.66,0.12000,31.91,206.22,
582,251.12190,35.19,251.13150,-0.16,251.14170,35.19,0.03600,35.35,237.11,
583,251.16120,29.50,251.16750,-9.53,251.17680,29.50,0.26100,39.03,225.79,
584,251.41860,33.95,251.42850,-0.47,251.43960,33.95,0.74070,34.42,278.28,
585,252.16110,12.10,252.16920,-15.16,252.17640,12.10,0.05970,27.26,105.96,
586,252.21930,33.13,252.22890,7.66,252.23850,33.13,0.32040,25.47,199.72,
587,252.54210,33.44,252.54930,8.75,252.55980,33.44,0.02070,24.69,117.47,
588,252.56280,36.55,252.57000,1.41,252.58110,36.55,0.13980,35.14,227.17,
589,252.70050,36.97,252.70980,7.66,252.72000,36.97,0.17700,29.32,199.17,
590,252.87780,32.14,252.88680,0.47,252.89760,32.14,0.14160,31.67,223.88,
591,253.02000,36.48,253.02840,3.13,253.03830,36.48,0.58770,33.36,205.10,
592,253.60620,33.84,253.61610,-5.47,253.63110,33.84,0.22890,39.31,391.19,
593,253.83540,33.18,253.84500,9.06,253.85850,33.18,0.14250,24.12,246.91,
594,253.97760,34.71,253.98750,9.22,253.99680,34.71,0.47100,25.49,210.74,
595,254.44860,31.59,254.45850,7.03,254.47320,31.59,0.05820,24.56,187.73,
596,254.51190,29.75,254.51670,2.19,254.53170,29.75,0.15060,27.56,179.20,
597,254.65800,41.22,254.66730,13.13,254.67930,41.22,0.26190,28.09,227.47,
598,254.91960,37.16,254.92920,-5.47,254.94060,37.16,0.32280,42.63,365.29,
599,255.24450,37.74,255.25200,11.41,255.26280,37.74,0.65580,26.34,152.33,
600,255.89850,42.02,255.90780,10.63,255.91950,42.02,0.26460,31.40,187.40,
601,256.16250,42.98,256.17240,17.03,256.18170,42.98,0.20430,25.95,169.58,
602,256.37340,32.89,256.37670,6.41,256.39170,32.89,0.55380,26.48,196.97,
603,256.92120,39.65,256.93050,13.44,256.94040,39.65,0.05760,26.21,194.31,
604,256.98210,38.93,256.98810,-2.19,257.00310,38.93,0.16320,41.12,355.64,
605,257.14290,41.41,257.15130,11.25,257.15970,41.41,0.08400,30.16,184.03,
606,257.22540,36.50,257.23530,12.34,257.24310,36.50,0.70860,24.15,160.57,
607,257.93940,41.86,257.94390,14.22,257.95860,41.86,0.64500,27.64,249.91,
608,258.57960,42.38,258.58890,7.03,258.60120,42.38,0.67350,35.35,289.69,
609,259.25550,37.66,259.26240,12.50,259.27650,37.66,0.79110,25.16,196.77,
610,260.04840,45.73,260.05350,20.63,260.06250,45.73,0.13860,25.11,145.00,
611,260.18250,48.54,260.19210,22.81,260.20200,48.54,0.21960,25.73,193.73,
612,260.40240,43.24,260.41170,15.94,260.42280,43.24,0.05850,27.30,180.15,
613,260.46150,43.09,260.47020,11.25,260.48160,43.09,0.30330,31.84,293.59,
614,260.76390,46.11,260.77350,16.56,260.78490,46.11,0.18480,29.55,201.41,
615,260.94840,38.98,260.95830,4.53,260.96850,38.98,0.18750,34.45,199.26,
616,261.13770,41.93,261.14580,5.94,261.15960,41.93,0.14820,35.99,321.80,
617,261.28440,48.26,261.29400,19.38,261.30180,48.26,0.33810,28.89,179.59,
618,261.62250,49.56,261.63210,11.09,261.64710,49.56,0.20040,38.46,372.79,
619,261.82290,45.95,261.83250,17.97,261.84270,45.95,0.41880,27.98,213.39,
620,262.24170,45.19,262.25130,3.44,262.26060,45.19,0.36780,41.76,377.48,
621,262.61040,44.75,262.61910,16.09,262.63410,44.75,1.15080,28.66,250.88,
622,263.76030,39.18,263.76990,2.34,263.78280,39.18,0.08760,36.83,310.85,
623,263.84760,44.00,263.85750,15.16,263.87250,44.00,0.57240,28.84,272.36,
624,264.42060,47.50,264.42990,10.31,264.44490,47.50,1.12290,37.19,340.24,
625,265.54320,46.67,265.55280,22.66,265.55970,46.67,0.01590,24.01,141.97,
626,265.55970,43.57,265.56870,16.88,265.58250,43.57,0.12450,26.69,225.31,
627,265.68480,46.84,265.69320,13.44,265.70550,46.84,0.04920,33.40,219.64,
628,265.73280,41.10,265.74240,6.09,265.75620,41.10,0.16890,35.01,346.05,
629,265.90200,43.94,265.91130,4.84,265.92630,43.94,0.60360,39.09,367.35,
630,266.50470,37.55,266.51490,12.34,266.52810,37.55,0.29580,25.21,234.68,
631,266.80110,44.19,266.81070,16.88,266.82420,44.19,0.42030,27.31,244.82,
632,267.22170,37.58,267.23100,13.44,267.24300,37.58,0.08100,24.14,174.10,
633,267.30360,44.58,267.31200,16.41,267.32700,44.58,0.50010,28.17,229.04,
634,267.80730,40.68,267.81210,15.31,267.82230,40.68,1.04310,25.37,133.06,
635,268.85040,43.38,268.85520,16.88,268.87020,43.38,0.11220,26.51,263.93,
636,268.96140,45.29,268.96740,12.81,268.98240,45.29,0.58740,32.48,317.09,
637,269.54490,46.69,269.55480,20.78,269.56440,46.69,1.41990,25.91,192.56,
638,270.96420,40.56,270.97470,13.91,270.98400,40.56,0.38490,26.65,260.36,
639,271.35720,31.63,271.35960,7.19,271.37460,31.63,0.24030,24.44,174.32,
640,271.59000,43.10,271.59990,18.91,271.61490,43.10,0.17520,24.20,243.71,
641,271.76520,43.22,271.77510,16.09,271.79010,43.22,0.27330,27.13,260.96,
642,272.04000,41.13,272.04840,10.31,272.06190,41.13,0.07170,30.82,285.29,
643,272.11410,35.37,272.12010,-0.63,272.13510,35.37,0.21120,35.99,363.42,
644,272.32170,41.13,272.33130,12.81,272.34330,41.13,0.04350,28.32,257.32,
645,272.36490,40.27,272.37480,11.56,272.38320,40.27,0.06060,28.71,214.07,
646,272.42520,42.84,272.43540,18.44,272.45040,42.84,1.90440,24.40,245.80,
647,274.32930,33.85,274.33980,0.16,274.35480,33.85,0.29250,33.70,351.04,
648,274.62270,45.64,274.63230,10.47,274.64730,45.64,0.10230,35.17,341.27,
649,274.72500,46.50,274.73460,11.25,274.74930,46.50,0.26040,35.25,338.04,
650,274.98540,38.09,274.99500,8.91,275.00580,38.09,0.18510,29.18,175.98,
651,275.17290,37.59,275.18010,10.31,275.18940,37.59,0.18750,27.28,141.67,
652,275.35830,44.32,275.36760,19.22,275.38260,44.32,0.21210,25.10,269.58,
653,275.57370,38.04,275.57970,11.41,275.59470,38.04,0.37530,26.63,194.44,
654,275.94750,41.97,275.95500,14.69,275.96640,41.97,0.16500,27.28,159.91,
655,276.10980,17.11,276.12000,-10.00,276.12660,17.11,0.63390,27.11,144.60,
656,276.74430,40.61,276.75390,6.56,276.76890,40.61,0.35310,34.05,326.20,
657,277.10220,39.36,277.10700,14.53,277.12110,39.36,0.47040,24.83,189.84,
658,277.57140,31.20,277.57740,5.63,277.59240,31.20,0.81630,25.57,186.09,
659,278.38380,27.98,278.39370,-0.31,278.40330,27.98,0.18000,28.29,210.52,
660,278.56440,36.10,278.57370,3.59,278.58870,36.10,0.59850,32.51,246.49,
661,279.16260,28.24,279.17220,-2.34,279.17940,28.24,0.02760,30.58,200.12,
662,279.19530,32.79,279.19980,8.28,279.21480,32.79,0.09990,24.51,203.04,
663,279.29460,25.34,279.29970,-5.47,279.30990,25.34,0.22050,30.81,173.20,
664,279.51420,27.36,279.52020,-7.50,279.53520,27.36,0.61140,34.86,365.64,
665,280.12200,30.91,280.13160,0.00,280.14450,30.91,0.83880,30.91,241.39,
666,280.96050,21.91,280.97040,-3.28,280.97880,21.91,0.88440,25.19,189.53,
667,281.84520,25.69,281.85480,-2.81,281.86440,25.69,0.25350,28.50,194.90,
668,282.09840,27.00,282.10830,-16.88,282.12330,27.00,0.76380,43.87,516.62,
669,282.86400,33.40,282.87210,6.72,282.88080,33.40,0.12090,26.68,149.78,
670,282.98310,34.44,282.99300,-1.87,283.00290,34.44,0.61920,36.31,240.38,
671,283.60260,43.42,283.61220,14.69,283.62150,43.42,0.55620,28.73,194.88,
672,284.15850,31.29,284.16840,0.63,284.18280,31.29,0.18660,30.67,384.92,
673,284.34540,38.46,284.35500,5.31,284.37000,38.46,0.24000,33.15,259.77,
674,284.58780,30.66,284.59500,6.25,284.60220,30.66,0.09810,24.41,136.88,
675,284.68470,38.81,284.69310,2.97,284.70810,38.81,0.81360,35.84,310.49,
676,285.49830,39.32,285.50670,-4.06,285.52170,39.32,0.38820,43.38,461.08,
677,285.88890,32.00,285.89490,6.72,285.90840,32.00,0.23910,25.28,186.82,
678,286.12440,41.12,286.13400,15.78,286.14900,41.12,0.41760,25.34,245.45,
679,286.54320,40.68,286.55160,11.72,286.56450,40.68,0.20070,28.96,198.79,
680,286.74630,36.55,286.75230,7.81,286.76310,36.55,0.52530,28.74,209.79,
681,287.26920,29.69,287.27760,-3.44,287.29260,29.69,0.19710,33.13,326.33,
682,287.46870,36.22,287.47470,-8.13,287.48970,36.22,0.11550,44.35,490.85,
683,287.58030,35.65,287.59020,5.31,287.60520,35.65,0.67530,30.34,340.78,
684,288.26100,34.15,288.26550,8.91,288.28050,34.15,0.59940,25.24,207.78,
685,288.85530,28.40,288.86490,-2.03,288.87750,28.40,0.04770,30.43,271.59,
686,288.90300,31.11,288.91260,-3.44,288.92760,31.11,1.18140,34.54,341.80,
687,290.08440,28.48,290.09400,-31.72,290.10900,28.48,0.27780,60.20,610.22,
688,290.36700,36.77,290.37180,1.56,290.38680,36.77,0.25860,35.21,298.51,
689,290.62320,31.37,290.63040,5.31,290.64090,31.37,0.66420,26.06,173.24,
690,291.28470,39.36,291.29460,13.13,291.30960,39.36,0.59550,26.24,297.02,
691,291.88020,33.23,291.89010,2.66,291.90510,33.23,0.34200,30.58,316.18,
692,292.22220,32.99,292.23210,-3.28,292.24710,32.99,0.29820,36.28,402.41,
693,292.52190,34.95,292.53030,10.16,292.54530,34.95,0.16050,24.79,255.75,
694,292.68120,35.89,292.69080,9.69,292.70580,35.89,0.20250,26.20,200.25,
695,292.88370,36.18,292.89330,10.63,292.90620,36.18,0.89040,25.55,183.46,
696,293.77680,35.02,293.78370,10.78,293.79870,35.02,0.72720,24.24,211.63,
697,294.50130,36.18,294.51090,11.41,294.52140,36.18,1.31370,24.78,159.12,
698,295.81770,36.82,295.82460,12.50,295.83900,36.82,0.38340,24.32,214.90,
699,296.19840,41.03,296.20800,-10.31,296.22300,41.03,0.48150,51.34,537.46,
700,296.67990,30.52,296.68950,-2.03,296.70090,30.52,0.29490,32.55,213.57,
701,296.97960,35.00,296.98440,10.31,296.99850,35.00,0.27330,24.69,227.40,
702,297.24900,32.47,297.25770,2.19,297.26970,32.47,0.07380,30.28,208.77,
703,297.32310,37.52,297.33150,10.63,297.34320,37.52,0.74220,26.89,181.09,
704,298.06410,31.41,298.07370,-10.63,298.08870,31.41,0.25500,42.03,448.51,
705,298.31910,28.59,298.32870,3.75,298.33980,28.59,0.66330,24.84,204.78,
706,298.98570,35.94,298.99200,9.06,299.00340,35.94,0.45150,26.88,176.29,
707,299.43660,35.70,299.44350,-10.16,299.45850,35.70,0.78030,45.86,478.64,
708,300.21450,28.82,300.22380,-15.00,300.23880,28.82,0.04560,43.82,434.43,
709,300.26070,31.66,300.26940,-0.16,300.28140,31.66,0.41340,31.81,246.61,
710,300.67680,37.02,300.68280,2.66,300.69480,37.02,0.16530,34.37,293.83,
711,300.83850,38.70,300.84810,12.66,300.86310,38.70,0.32040,26.05,274.10,
712,301.15890,39.29,301.16850,11.72,301.17990,39.29,0.06270,27.57,207.56,
713,301.22520,36.70,301.23120,11.72,301.24620,36.70,0.43080,24.98,230.14,
714,301.65390,27.62,301.66200,2.34,301.67700,27.62,0.61110,25.28,174.43,
715,302.26590,22.92,302.27310,-7.34,302.28480,22.92,0.39900,30.27,185.59,
716,302.66250,34.74,302.67210,7.97,302.68650,34.74,0.13770,26.77,230.63,
717,302.80140,36.76,302.80980,3.75,302.82480,36.76,0.16170,33.01,373.59,
718,302.96190,37.84,302.97150,7.81,302.98650,37.84,0.47040,30.03,300.65,
719,303.43230,31.24,303.44190,0.94,303.45690,31.24,0.71130,30.30,363.29,
720,304.14330,34.25,304.15320,2.34,304.16400,34.25,0.86370,31.91,210.04,
721,305.00820,24.69,305.01690,-3.75,305.02800,24.69,0.17280,28.44,182.99,
722,305.18040,29.61,305.18970,0.47,305.19990,29.61,0.08010,29.14,214.05,
723,305.26020,34.23,305.26980,6.56,305.28180,34.23,0.13920,27.67,250.02,
724,305.39910,30.35,305.40900,2.66,305.42160,30.35,0.54060,27.70,227.60,
725,305.94000,32.84,305.94960,4.84,305.96460,32.84,0.08370,28.00,285.82,
726,306.02340,36.80,306.03330,2.81,306.04830,36.80,0.03900,33.99,446.78,
727,306.06240,28.71,306.07230,3.28,306.08310,28.71,0.90570,25.42,219.49,
728,306.96810,31.35,306.97800,-3.59,306.99300,31.35,1.18830,34.94,368.39,
729,308.15640,24.05,308.16630,-3.91,308.17590,24.05,0.14490,27.96,244.06,
730,308.30100,35.14,308.31120,5.78,308.32620,35.14,0.17820,29.36,352.76,
731,308.47980,32.30,308.48940,7.34,308.49750,32.30,0.89520,24.96,148.36,
732,309.37740,33.50,309.38460,5.94,309.39930,33.50,0.42930,27.56,282.47,
733,309.80340,27.92,309.81390,-3.91,309.82890,27.92,0.87750,31.83,336.61,
734,310.68150,28.08,310.69140,3.91,310.69860,28.08,0.35880,24.17,156.08,
735,311.04150,31.19,311.05020,-3.91,311.06520,31.19,0.22200,35.10,348.03,
736,311.26260,27.77,311.27220,3.59,311.28720,27.77,0.37680,24.18,188.14,
737,311.63940,31.26,311.64900,-1.87,311.66190,31.26,0.76140,33.13,224.48,
738,312.40050,33.48,312.41040,6.88,312.42540,33.48,0.26070,26.61,328.28,
739,312.66150,35.09,312.67110,9.84,312.68610,35.09,0.06510,25.25,252.75,
740,312.72630,28.37,312.73620,-6.41,312.75120,28.37,0.05580,34.78,364.48,
741,312.78330,33.10,312.79200,3.59,312.80490,33.10,0.62580,29.51,229.91,
742,313.40760,34.58,313.41780,5.94,313.43280,34.58,0.35970,28.64,340.92,
743,313.77150,29.29,313.77750,0.00,313.79250,29.29,0.80010,29.29,256.78,
744,314.57520,31.37,314.57760,7.34,314.59260,31.37,1.39620,24.03,230.98,
745,315.96660,30.77,315.97380,2.97,315.98490,30.77,0.33720,27.80,174.44,
746,316.30140,35.10,316.31100,10.00,316.32330,35.10,1.24140,25.10,199.64,
747,317.54250,36.65,317.55240,4.84,317.56740,36.65,0.97740,31.81,289.18,
748,318.51990,29.13,318.52980,3.44,318.54480,29.13,3.15660,25.70,208.98,
749,321.67680,29.45,321.68640,-12.50,321.69870,29.45,1.24290,41.95,339.16,
750,322.91970,29.80,322.92930,5.00,322.94430,29.80,1.30650,24.80,214.14,
751,324.22560,22.13,324.23580,-4.69,324.25080,22.13,0.27420,26.81,324.23,
752,324.50040,25.08,324.51000,-6.09,324.52500,25.08,0.25800,31.17,272.91,
753,324.75960,25.53,324.76800,-7.34,324.78300,25.53,0.59970,32.87,318.21,
754,325.35810,14.36,325.36770,-10.16,325.38120,14.36,2.18010,24.52,192.10,
755,327.54060,18.29,327.54780,-6.88,327.55950,18.29,0.30150,25.17,164.53,
756,327.84210,28.06,327.84930,-0.63,327.86340,28.06,1.34070,28.69,224.70,
757,329.17950,21.56,329.19000,-8.44,329.20500,21.56,0.03840,30.00,380.86,
758,329.21970,17.25,329.22840,-7.03,329.23680,17.25,0.57840,24.28,150.31,
759,329.80290,17.16,329.80680,-7.66,329.82180,17.16,1.54200,24.81,220.65,
760,331.33950,26.17,331.34880,0.78,331.36140,26.17,2.53140,25.38,184.08,
761,333.87330,8.58,333.88020,-16.09,333.89310,8.58,0.08730,24.68,155.12,
762,333.96240,18.05,333.96750,-11.72,333.97950,18.05,1.06200,29.77,214.53,
763,335.01990,26.96,335.02950,0.63,335.04180,26.96,0.49950,26.34,210.95,
764,335.51940,23.24,335.52900,-6.88,335.54100,23.24,0.90810,30.12,244.10,
765,336.42720,23.75,336.43710,-0.94,336.45210,23.75,0.06390,24.69,284.56,
766,336.49170,19.68,336.50100,-8.13,336.51450,19.68,1.50840,27.80,266.24,
767,338.00070,27.23,338.00940,2.97,338.02440,27.23,2.39970,24.26,237.03,
768,340.39980,22.94,340.40910,-1.41,340.42290,22.94,0.54900,24.34,238.52,
769,340.94820,24.17,340.95810,-7.34,340.97310,24.17,2.95200,31.51,392.89,
770,343.90290,28.57,343.91010,2.34,343.92510,28.57,0.70500,26.22,229.36,
771,344.60520,30.33,344.61510,-2.66,344.63010,30.33,1.33230,32.99,387.90,
772,345.93810,22.91,345.94740,-5.94,345.96210,22.91,1.47870,28.84,322.77,
773,347.41560,20.52,347.42610,-7.97,347.43840,20.52,0.30930,28.48,320.86,
774,347.72580,29.84,347.73540,-1.87,347.75040,29.84,0.11640,31.71,444.86,
775,347.84340,26.34,347.85180,-0.31,347.86170,26.34,2.05920,26.65,173.44,
776,349.90740,23.45,349.91100,-3.28,349.92300,23.45,2.72040,26.73,169.51,
777,352.62270,28.48,352.63140,-0.94,352.64640,28.48,1.14300,29.42,317.85,
778,353.76480,18.94,353.77440,-25.16,353.78940,18.94,1.83840,44.09,411.71,
779,355.60290,24.53,355.61280,-6.25,355.62390,24.53,1.17870,30.78,280.01,
780,356.78190,31.51,356.79150,5.78,356.80440,31.51,0.34290,25.73,255.97,
781,357.12690,23.54,357.13440,-3.59,357.14460,23.54,0.05670,27.14,190.36,
782,357.18630,26.20,357.19110,-0.31,357.20340,26.20,0.96330,26.52,199.09,
783,358.14570,27.90,358.15440,-4.38,358.16640,27.90,1.31940,32.27,260.95,
784,359.46420,28.91,359.47380,-5.78,359.48880,28.91,0.93780,34.69,285.35,
785,360.40560,26.72,360.41160,0.78,360.42150,26.72,0.63270,25.94,160.96,
786,361.03500,15.63,361.04430,-9.53,361.05930,15.63,0.27600,25.16,218.54,
787,361.31040,21.30,361.32030,-8.44,361.33530,21.30,0.15120,29.74,398.38,
788,361.46430,21.92,361.47150,-4.38,361.48410,21.92,0.33960,26.30,175.14,
789,361.80150,28.44,361.81110,-0.63,361.82610,28.44,0.77790,29.06,326.00,
790,362.57940,23.84,362.58900,-5.00,362.60190,23.84,0.44250,28.84,258.85,
791,363.02550,19.37,363.03150,-8.28,363.04410,19.37,0.60090,27.65,189.96,
792,363.62490,27.68,363.63240,-0.31,363.64740,27.68,0.73890,27.99,308.93,
793,364.36530,24.00,364.37130,-4.22,364.38630,24.00,0.56250,28.22,299.51,
794,364.92600,23.80,364.93380,-2.34,364.94280,23.80,1.43820,26.14,158.35,
795,366.36360,29.58,366.37200,-3.91,366.38700,29.58,0.69840,33.49,353.77,
796,367.06080,24.35,367.07040,-8.28,367.08270,24.35,0.34470,32.63,223.87,
797,367.40520,24.12,367.41510,-2.66,367.42920,24.12,3.67740,26.78,242.37,
798,371.08290,25.42,371.09250,-1.56,371.10750,25.42,0.38220,26.99,215.93,
799,371.46510,19.89,371.47470,-8.13,371.48970,19.89,0.17790,28.02,252.60,
800,371.64270,27.13,371.65260,2.03,371.66760,27.13,1.23750,25.10,276.09,
801,372.88080,19.60,372.89010,-7.50,372.90510,19.60,2.98050,27.10,275.43,
802,375.86100,25.75,375.87060,-2.03,375.88170,25.75,1.30290,27.79,199.17,
803,377.16360,24.53,377.17350,-2.81,377.18850,24.53,0.64050,27.34,229.23,
804,377.80560,23.96,377.81400,-2.03,377.82900,23.96,0.31890,25.99,198.66,
805,378.12300,25.35,378.13290,-1.25,378.14250,25.35,1.49700,26.60,209.17,
806,379.62120,20.48,379.62990,-4.53,379.64160,20.48,0.22110,25.01,168.88,
807,379.84110,18.86,379.85100,-9.06,379.86150,18.86,0.72150,27.92,157.82,
808,380.56530,15.39,380.57250,-15.94,380.58600,15.39,0.50040,31.33,219.43,
809,381.06300,21.60,381.07290,-6.25,381.08790,21.60,0.04560,27.85,290.39,
810,381.11250,14.19,381.11850,-13.44,381.13350,14.19,0.15090,27.62,219.96,
811,381.26010,13.56,381.26940,-15.31,381.27990,13.56,0.46230,28.87,254.58,
812,381.72210,14.31,381.73170,-13.28,381.74130,14.31,0.92310,27.59,213.68,
813,382.64490,20.09,382.65480,-6.25,382.66980,20.09,1.72560,26.34,268.83,
814,384.37050,14.95,384.38040,-24.84,384.39540,14.95,0.16980,39.80,622.54,
815,384.54120,11.36,384.55020,-16.09,384.55830,11.36,0.32760,27.45,190.44,
816,384.86910,19.38,384.87780,-9.84,384.89280,19.38,0.22770,29.22,229.57,
817,385.09560,16.46,385.10550,-14.69,385.12050,16.46,1.10310,31.15,343.47,
818,386.19870,12.50,386.20860,-12.34,386.21790,12.50,0.26490,24.85,203.30,
819,386.46360,21.39,386.47350,-12.81,386.48850,21.39,2.81820,34.21,357.97,
820,389.28330,20.30,389.29170,-16.25,389.30670,20.30,0.13800,36.55,377.12,
821,389.42220,18.55,389.42970,-7.34,389.44470,18.55,0.60030,25.89,215.97,
822,390.02040,15.60,390.03000,-16.41,390.04500,15.60,0.41730,32.00,324.50,
823,390.43920,16.58,390.44730,-8.13,390.46050,16.58,1.30620,24.70,198.54,
824,391.74480,19.59,391.75350,-9.22,391.76850,19.59,0.27450,28.80,324.46,
825,392.01840,20.88,392.02800,-8.59,392.04300,20.88,0.36120,29.48,251.57,
826,392.37960,21.51,392.38920,-6.09,392.40420,21.51,0.92070,27.60,272.88,
827,393.30030,18.05,393.30990,-9.84,393.32490,18.05,0.27780,27.89,258.10,
828,393.57960,13.73,393.58770,-25.16,393.60270,13.73,0.20310,38.88,390.08,
829,393.78120,16.65,393.79080,-12.50,393.80580,16.65,0.25770,29.15,253.75,
830,394.04130,16.72,394.04850,-19.84,394.06080,16.72,0.30270,36.57,246.89,
831,394.34100,12.12,394.35120,-17.34,394.36170,12.12,0.05790,29.47,290.25,
832,394.40070,16.46,394.40910,-20.16,394.42410,16.46,0.11940,36.62,377.15,
833,394.51920,12.82,394.52850,-16.72,394.54350,12.82,0.14160,29.54,304.50,
834,394.66050,14.32,394.67010,-17.34,394.68510,14.32,1.05750,31.67,262.36,
835,395.71650,6.44,395.72760,-27.66,395.74260,6.44,1.00290,34.09,507.54,
836,396.72030,13.25,396.73050,-14.38,396.73800,13.25,0.53910,27.63,209.47,
837,397.26210,9.01,397.26960,-20.94,397.28460,9.01,0.48000,29.95,236.46,
838,397.74360,18.37,397.74960,-10.63,397.76460,18.37,0.14070,29.00,235.38,
839,397.88070,4.30,397.89030,-19.84,397.90320,4.30,0.18240,24.14,222.55,
840,398.06280,-22.22,398.07270,-48.91,398.08770,-22.22,1.44450,26.69,304.03,
841,399.50670,-115.68,399.51720,-139.69,399.53220,-115.68,0.83190,24.01,324.68,
842,400.33950,-121.37,400.34910,-149.06,400.36260,-121.37,1.52160,27.69,248.31,
843,401.86020,-38.53,401.87070,-63.75,401.87910,-38.53,0.10080,25.22,236.65,
844,401.96190,-19.40,401.97150,-45.00,401.98260,-19.40,0.64020,25.60,163.65,
845,402.60210,-29.29,402.61170,-62.81,402.62670,-29.29,0.62190,33.52,361.94,
846,403.22370,-22.38,403.23360,-48.28,403.24680,-22.38,0.58500,25.90,235.57,
847,403.80870,-19.60,403.81860,-52.19,403.83360,-19.60,0.21390,32.58,426.83,
848,404.02740,-21.53,404.03250,-45.94,404.04300,-21.53,0.97950,24.41,123.20,
849,405.00240,-2.12,405.01200,-43.91,405.02700,-2.12,0.11820,41.79,374.31,
850,405.12390,-10.24,405.13020,-36.72,405.14070,-10.24,0.14370,26.48,159.45,
851,405.26670,-7.78,405.27390,-32.34,405.28890,-7.78,0.21570,24.56,204.16,
852,405.48000,-0.98,405.48960,-27.66,405.50460,-0.98,0.24120,26.68,293.63,
853,405.72240,-6.20,405.73080,-31.56,405.74580,-6.20,0.34800,25.36,211.33,
854,406.06800,-6.49,406.07880,-33.44,406.09380,-6.49,0.29100,26.95,284.38,
855,406.36500,-2.23,406.36980,-28.28,406.38090,-2.23,0.24240,26.05,174.43,
856,406.60230,1.08,406.61220,-25.00,406.62720,1.08,0.10530,26.08,260.97,
857,406.71150,-3.93,406.71750,-28.59,406.73250,-3.93,1.82160,24.67,271.32,
858,408.53670,-3.86,408.53910,-30.47,408.55350,-3.86,0.04770,26.61,148.29,
859,408.57840,0.35,408.58680,-25.78,408.60180,0.35,0.82290,26.13,258.49,
860,409.40370,-0.01,409.40970,-28.75,409.42470,-0.01,0.91830,28.74,226.98,
861,410.31870,-10.08,410.32800,-45.00,410.34150,-10.08,0.18480,34.92,339.77,
862,410.50320,-2.58,410.51280,-33.28,410.52780,-2.58,0.12000,30.71,267.79,
863,410.62320,-7.08,410.63280,-39.53,410.64720,-7.08,0.08190,32.45,257.86,
864,410.70420,-12.80,410.71470,-39.06,410.72670,-12.80,0.03780,26.26,259.62,
865,410.74500,-14.57,410.75250,-38.59,410.75970,-14.57,0.02190,24.02,132.18,
866,410.76570,-8.85,410.77440,-44.06,410.78220,-8.85,0.06030,35.21,199.46,
867,410.82510,-18.49,410.83470,-42.81,410.84280,-18.49,0.45780,24.32,127.88,
868,411.28230,-7.03,411.29250,-31.25,411.30210,-7.03,0.80010,24.22,231.55,
869,412.08300,-1.62,412.09260,-27.50,412.10760,-1.62,0.17970,25.88,291.34,
870,412.26750,1.65,412.27230,-24.53,412.28280,1.65,0.02070,26.18,163.98,
871,412.28460,-0.28,412.29300,-29.06,412.30800,-0.28,0.21960,28.78,240.81,
872,412.50330,0.32,412.51260,-29.84,412.52370,0.32,0.02160,30.16,162.22,
873,412.52460,1.27,412.53420,-32.81,412.54170,1.27,0.00990,34.08,231.02,
874,412.54170,-6.81,412.54410,-32.50,412.55910,-6.81,0.33030,25.69,254.89,
875,412.86480,0.06,412.87440,-25.47,412.88250,0.06,0.46470,25.53,175.39,
876,413.33040,-7.39,413.33910,-33.91,413.34510,-7.39,0.05370,26.51,79.80,
877,413.38320,-1.57,413.39280,-43.28,413.40780,-1.57,0.27960,41.72,414.85,
878,413.66280,-0.24,413.67240,-32.34,413.68260,-0.24,0.07980,32.10,184.98,
879,413.74380,-4.76,413.75220,-42.34,413.76720,-4.76,0.06030,37.58,345.66,
880,413.80290,-0.18,413.81250,-25.94,413.82270,-0.18,0.14010,25.75,181.41,
881,413.94330,2.03,413.95260,-27.34,413.96760,2.03,0.22020,29.37,244.60,
882,414.16320,-5.08,414.17280,-34.38,414.18510,-5.08,0.14130,29.30,221.58,
883,414.30390,-4.22,414.31410,-38.75,414.32430,-4.22,0.03810,34.53,287.67,
884,414.34470,-3.63,414.35220,-31.09,414.36330,-3.63,0.12060,27.46,157.81,
885,414.46230,-3.28,414.47280,-27.97,414.48180,-3.28,0.03930,24.69,219.76,
886,414.50250,-6.65,414.51210,-31.72,414.52200,-6.65,0.04680,25.07,171.65,
887,414.54870,-12.53,414.55890,-38.44,414.56520,-12.53,0.09330,25.91,121.34,
888,414.64290,-4.01,414.65220,-31.72,414.66300,-4.01,0.06000,27.71,181.04,
889,414.70290,-1.82,414.71220,-32.66,414.72450,-1.82,0.03990,30.83,216.12,
890,414.74370,0.70,414.75210,-30.78,414.76710,0.70,0.44040,31.49,304.68,
891,415.18290,-8.09,415.19250,-37.66,415.20420,-8.09,0.04620,29.57,250.90,
892,415.23270,-18.20,415.23870,-51.09,415.24500,-18.20,0.17340,32.90,85.88,
893,415.40370,-0.87,415.41210,-37.97,415.42710,-0.87,0.33990,37.10,385.03,
894,415.74180,-4.86,415.75200,-32.50,415.76310,-4.86,0.08010,27.64,226.30,
895,415.82250,-3.20,415.83210,-27.66,415.84410,-3.20,0.08040,24.45,122.39,
896,415.90410,-6.52,415.91250,-42.34,415.92300,-6.52,0.04140,35.83,217.89,
897,415.94340,-7.22,415.95390,-33.75,415.96860,-7.22,0.09810,26.53,287.52,
898,416.04480,-3.69,416.05200,-31.41,416.06250,-3.69,0.06030,27.72,177.52,
899,416.10360,-1.86,416.11230,-56.41,416.12730,-1.86,0.18420,54.55,471.06,
900,416.28900,-10.89,416.29650,-53.59,416.31150,-10.89,0.29490,42.70,408.57,
901,416.58180,-5.13,416.59140,-29.37,416.60130,-5.13,0.77850,24.25,115.73,
902,417.36330,-10.63,417.36990,-38.28,417.37740,-10.63,0.07080,27.65,192.73,
903,417.43110,-2.52,417.44070,-32.03,417.45570,-2.52,0.08370,29.51,328.15,
904,417.51480,-6.40,417.52440,-34.06,417.53940,-6.40,0.24720,27.66,328.61,
905,417.76440,-4.16,417.77160,-30.00,417.78660,-4.16,0.44010,25.84,200.95,
906,418.20570,-5.04,418.21170,-38.13,418.22280,-5.04,0.20010,33.09,232.38,
907,418.40220,-0.29,418.41180,-25.63,418.42410,-0.29,0.21960,25.33,180.12,
908,418.62210,1.67,418.63140,-27.81,418.64190,1.67,0.09990,29.49,160.84,
909,418.72260,2.55,418.73130,-22.50,418.74180,2.55,0.28020,25.05,172.81,
910,419.00430,-1.18,419.01150,-35.16,419.02230,-1.18,0.12030,33.98,219.63,
911,419.12460,7.08,419.13180,-30.78,419.14110,7.08,0.03930,37.86,271.47,
912,419.16180,4.88,419.17110,-24.84,419.18130,4.88,0.03990,29.72,189.50,
913,419.20140,1.29,419.21100,-25.31,419.22210,1.29,0.22230,26.60,199.11,
914,419.42340,-7.43,419.43330,-39.06,419.44260,-7.43,0.14430,31.64,237.49,
915,419.56890,-7.24,419.57760,-55.47,419.59260,-7.24,0.03360,48.23,353.93,
916,419.60160,-5.91,419.61120,-34.22,419.62320,-5.91,0.26640,28.31,205.35,
917,419.87310,-6.17,419.87760,-33.59,419.88750,-6.17,0.17160,27.42,90.16,
918,420.04170,-0.92,420.04920,-45.94,420.06120,-0.92,0.34470,45.02,380.17,
919,420.38400,0.75,420.39390,-44.69,420.40890,0.75,0.74010,45.44,477.89,
920,421.12530,-9.59,421.13400,-34.84,421.14240,-9.59,0.41610,25.25,150.06,
921,421.54020,-20.12,421.55010,-46.25,421.55640,-20.12,0.03780,26.13,158.06,
922,421.57830,-15.84,421.58790,-44.69,421.59990,-15.84,0.04230,28.84,241.23,
923,421.62060,-7.09,421.63020,-35.16,421.63980,-7.09,1.91970,28.07,200.22,
924,423.54150,-10.10,423.54990,-36.72,423.56010,-10.10,1.06020,26.61,134.20,
925,424.60050,-18.67,424.61010,-46.56,424.62060,-18.67,0.36150,27.90,184.48,
926,424.96140,-10.32,424.97160,-34.69,424.98540,-10.32,0.05790,24.37,242.16,
927,425.01990,-1.70,425.02950,-36.72,425.04450,-1.70,0.30930,35.02,363.00,
928,425.32860,-12.42,425.33880,-38.75,425.35320,-12.42,0.54870,26.33,279.47,
929,425.87760,-6.97,425.88750,-34.38,425.90250,-6.97,0.12180,27.40,312.69,
930,425.99940,-4.04,426.00930,-33.91,426.02130,-4.04,0.22440,29.86,236.35,
931,426.22380,-19.35,426.23370,-46.41,426.24330,-19.35,0.61530,27.06,179.35,
932,426.84060,-12.24,426.84900,-41.72,426.86400,-12.24,0.89670,29.48,241.98,
933,427.73640,-14.32,427.74570,-39.84,427.75740,-14.32,0.84930,25.52,183.90,
934,428.58540,-16.24,428.59500,-60.62,428.61000,-16.24,0.07320,44.39,641.13,
935,428.66100,-14.16,428.66820,-41.56,428.68020,-14.16,0.77970,27.40,193.52,
936,429.43830,-8.14,429.44790,-40.47,429.45840,-8.14,0.37560,32.33,230.84,
937,429.81450,-2.64,429.82350,-31.09,429.83850,-2.64,0.10320,28.45,252.37,
938,429.91830,-1.90,429.92670,-30.00,429.94170,-1.90,0.15420,28.10,270.26,
939,430.07130,-11.46,430.08090,-42.19,430.09590,-11.46,0.24960,30.73,325.59,
940,430.32090,1.86,430.33050,-32.03,430.34550,1.86,0.09750,33.89,326.63,
941,430.41780,-4.40,430.42800,-28.59,430.44300,-4.40,1.12080,24.19,375.77,
942,431.53920,-4.44,431.54880,-29.37,431.55810,-4.44,0.44310,24.94,148.43,
943,431.98560,-15.30,431.99190,-47.50,432.00330,-15.30,0.05670,32.20,212.18,
944,432.04140,-5.18,432.04860,-34.69,432.06360,-5.18,0.28620,29.51,216.18,
945,432.32490,-7.86,432.33480,-37.34,432.34980,-7.86,0.91800,29.48,238.03,
946,433.24290,-4.27,433.25280,-30.16,433.26780,-4.27,0.17400,25.89,296.10,
947,433.41960,-0.91,433.42680,-34.22,433.43760,-0.91,0.09870,33.31,206.32,
948,433.51620,-5.47,433.52550,-38.28,433.53570,-5.47,0.37530,32.81,244.07,
949,433.89180,-20.89,433.90080,-49.69,433.91430,-20.89,0.16800,28.80,212.98,
950,434.05890,-4.43,434.06880,-30.47,434.08380,-4.43,0.62130,26.03,240.35,
951,434.68380,-13.04,434.69010,-40.94,434.69790,-13.04,0.65850,27.90,141.48,
952,435.33900,-6.39,435.34860,-34.06,435.36360,-6.39,0.31920,27.67,262.02,
953,435.65940,-10.26,435.66780,-41.09,435.67920,-10.26,0.12210,30.83,248.57,
954,435.78120,-5.78,435.78990,-34.38,435.80490,-5.78,0.69600,28.59,262.60,
955,436.47630,-7.22,436.48590,-37.34,436.49850,-7.22,0.08130,30.12,275.00,
956,436.55790,-2.02,436.56720,-29.84,436.58220,-2.02,0.20040,27.82,234.31,
957,436.75740,-24.58,436.76760,-80.78,436.78260,-24.58,0.32220,56.20,749.27,
958,437.08020,-6.23,437.08980,-33.59,437.09610,-6.23,0.36270,27.37,153.77,
959,437.44620,-12.65,437.45250,-37.03,437.45910,-12.65,0.17130,24.39,105.80,
960,437.61900,-13.96,437.62380,-39.53,437.63550,-13.96,0.08610,25.57,198.41,
961,437.70210,-16.71,437.70990,-41.56,437.71650,-16.71,0.56010,24.85,153.41,
962,438.26010,-10.01,438.27000,-50.16,438.28500,-10.01,0.10200,40.15,478.16,
963,438.36180,-12.18,438.37200,-39.22,438.38370,-12.18,0.05580,27.04,242.75,
964,438.41790,-14.90,438.42780,-42.97,438.44280,-14.90,0.29280,28.07,327.62,
965,438.71820,-3.99,438.72060,-30.00,438.73560,-3.99,0.29700,26.01,236.47,
966,439.00800,-5.72,439.01760,-38.28,439.03260,-5.72,0.05370,32.56,437.27,
967,439.06260,-4.00,439.07130,-33.28,439.08630,-4.00,0.11400,29.28,293.42,
968,439.17600,-12.32,439.18530,-41.56,439.19760,-12.32,0.12030,29.25,223.29,
969,439.29630,-6.45,439.30560,-35.00,439.31670,-6.45,0.10050,28.55,208.14,
970,439.39980,-4.93,439.40610,-30.16,439.41600,-4.93,0.81930,25.22,166.71,
971,440.21580,-9.16,440.22540,-37.50,440.23920,-9.16,0.14130,28.34,295.76,
972,440.36070,-11.31,440.36670,-40.63,440.37750,-11.31,0.42180,29.32,172.61,
973,440.78250,-4.07,440.78850,-28.44,440.79990,-4.07,1.35750,24.36,154.85,
974,442.13700,-11.55,442.14600,-36.09,442.15620,-11.55,0.70230,24.55,144.01,
975,442.83780,-9.17,442.84830,-34.38,442.86330,-9.17,0.05970,25.21,254.54,
976,442.89810,-6.01,442.90800,-39.69,442.91700,-6.01,0.25320,33.67,240.62,
977,443.15190,-13.18,443.16120,-40.31,443.17560,-13.18,0.26520,27.13,275.43,
978,443.41680,-8.40,443.42640,-39.38,443.43780,-8.40,0.64170,30.97,216.73,
979,444.05850,-1.62,444.06810,-31.41,444.08310,-1.62,0.31680,29.78,258.49,
980,444.37740,-11.99,444.38490,-42.34,444.39630,-11.99,0.26130,30.36,217.43,
981,444.63690,-11.53,444.64620,-38.59,444.66120,-11.53,0.10050,27.06,273.59,
982,444.73710,-6.53,444.74670,-38.91,444.76080,-6.53,0.02370,32.37,253.48,
983,444.76080,-11.02,444.77040,-45.31,444.78150,-11.02,0.21420,34.29,248.79,
984,444.97710,-11.54,444.98460,-38.28,444.99240,-11.54,0.22080,26.74,175.04,
985,445.20060,-19.72,445.20540,-48.28,445.21740,-19.72,0.44790,28.56,167.96,
986,445.64370,-17.37,445.65330,-41.41,445.65960,-17.37,0.71340,24.03,169.22,
987,446.35950,-19.01,446.36670,-46.25,446.38170,-19.01,1.04040,27.24,274.40,
988,447.39720,-10.13,447.40710,-42.34,447.42180,-10.13,0.26940,32.22,292.65,
989,447.67050,-22.80,447.67650,-49.53,447.69030,-22.80,0.05070,26.73,205.02,
990,447.71730,-9.05,447.72720,-42.34,447.74220,-9.05,0.16620,33.29,345.17,
991,447.88350,-22.86,447.89340,-67.50,447.90840,-22.86,0.95280,44.64,421.44,
992,448.83660,-11.68,448.84620,-51.09,448.86120,-11.68,0.14760,39.41,371.86,
993,448.98900,-17.93,448.99380,-54.53,449.00880,-17.93,0.57540,36.60,265.20,
994,449.55960,-8.18,449.56920,-48.75,449.58420,-8.18,0.11730,40.57,413.49,
995,449.67690,-8.09,449.68650,-54.22,449.70150,-8.09,0.63180,46.13,409.80,
996,450.30870,-6.84,450.31830,-32.50,450.33330,-6.84,0.16770,25.66,247.37,
997,450.47640,-4.48,450.48600,-35.94,450.50100,-4.48,0.50130,31.45,276.43,
998,450.97770,-12.19,450.98730,-49.69,450.99750,-12.19,0.19950,37.50,256.04,
999,451.17720,-5.45,451.18680,-30.78,451.19790,-5.45,0.26010,25.33,189.48,
1000,451.43970,-12.85,451.44690,-50.00,451.45770,-12.85,0.42000,37.15,194.41,
1001,451.85730,-6.38,451.86690,-44.38,451.87830,-6.38,0.13830,37.99,283.45,
1002,451.99560,-4.05,452.00520,-33.59,452.01900,-4.05,0.18000,29.54,247.82,
1003,452.17560,-7.74,452.18520,-37.03,452.19720,-7.74,0.34140,29.29,283.20,
1004,452.51700,4.13,452.52660,-25.47,452.53680,4.13,0.12000,29.60,244.47,
1005,452.63670,-2.17,452.64660,-26.56,452.66160,-2.17,0.30360,24.39,244.94,
1006,452.94030,-9.83,452.95020,-38.59,452.96340,-9.83,0.41580,28.77,226.46,
1007,453.35640,1.01,453.36600,-26.56,453.37710,1.01,0.38520,27.57,234.41,
1008,453.74100,-6.27,453.75120,-32.34,453.76620,-6.27,0.35790,26.08,276.98,
1009,454.09950,-10.28,454.10910,-47.19,454.12410,-10.28,0.09960,36.91,298.43,
1010,454.20120,-7.85,454.20870,-33.44,454.21710,-7.85,0.55770,25.59,133.48,
1011,454.75680,-7.90,454.76640,-37.66,454.77660,-7.90,0.21600,29.76,203.97,
1012,454.97280,-16.29,454.98240,-42.03,454.99740,-16.29,0.10470,25.74,328.40,
1013,455.07750,-11.85,455.08710,-45.16,455.09850,-11.85,0.39780,33.31,229.01,
1014,455.47560,-8.67,455.48490,-44.06,455.49750,-8.67,0.25920,35.39,256.34,
1015,455.73450,-10.42,455.74410,-35.16,455.75910,-10.42,0.24150,24.74,240.01,
1016,455.97720,-8.06,455.98560,-37.19,456.00060,-8.06,0.19050,29.13,336.32,
1017,456.17010,-12.70,456.17610,-47.34,456.19110,-12.70,0.11010,34.64,397.29,
1018,456.28260,-7.25,456.28620,-36.56,456.30120,-7.25,0.18120,29.31,219.01,
1019,456.45990,-11.03,456.46740,-40.78,456.47580,-11.03,0.20100,29.75,161.38,
1020,456.65820,-6.79,456.66840,-41.56,456.68340,-6.79,0.09060,34.77,481.51,
1021,456.75090,-7.55,456.75900,-36.25,456.77400,-7.55,0.16740,28.70,268.09,
1022,456.91920,-1.03,456.92640,-29.69,456.94140,-1.03,0.03900,28.66,267.16,
1023,456.95550,-6.04,456.96540,-46.56,456.98040,-6.04,0.04530,40.52,423.09,
1024,457.00320,-10.01,457.01070,-39.06,457.02570,-10.01,0.06180,29.05,253.68,
1025,457.06500,-8.27,457.07250,-34.53,457.08750,-8.27,0.25110,26.26,202.31,
1026,457.31430,-17.52,457.32360,-56.88,457.33860,-17.52,0.08070,39.36,419.84,
1027,457.39440,-15.13,457.40430,-51.25,457.41360,-15.13,0.22230,36.12,301.39,
1028,457.61700,-5.24,457.62660,-44.84,457.64160,-5.24,0.37710,39.61,373.32,
1029,457.99440,-9.02,458.00370,-34.22,458.01510,-9.02,0.04140,25.20,173.10,
1030,458.03610,-5.17,458.04510,-40.94,458.06010,-5.17,0.29850,35.77,402.93,
1031,458.33880,-10.62,458.34360,-45.31,458.35860,-10.62,0.66510,34.69,364.07,
1032,459.00390,-20.49,459.00870,-45.63,459.02130,-20.49,0.15600,25.13,183.70,
1033,459.15750,-16.96,459.16470,-50.63,459.17310,-16.96,0.46140,33.66,171.35,
1034,459.61650,-10.86,459.62610,-61.25,459.64110,-10.86,0.55830,50.39,634.47,
1035,460.17840,-15.14,460.18440,-39.53,460.19670,-15.14,0.03840,24.39,114.27,
1036,460.21320,-10.95,460.22280,-36.25,460.23390,-10.95,0.04020,25.30,199.71,
1037,460.25370,-3.49,460.26300,-38.13,460.27800,-3.49,0.08070,34.64,339.52,
1038,460.33740,-10.20,460.34370,-49.84,460.35870,-10.20,0.14760,39.64,486.15,
1039,460.48140,-17.18,460.49130,-56.09,460.50630,-17.18,0.39300,38.92,357.21,
1040,460.87410,-23.45,460.88430,-50.47,460.89930,-23.45,0.12090,27.02,276.15,
1041,460.99920,-26.27,461.00520,-56.09,461.02020,-26.27,0.27930,29.82,254.18,
1042,461.27700,-13.45,461.28450,-42.97,461.29710,-13.45,0.35940,29.52,220.11,
1043,461.63790,-9.11,461.64390,-44.53,461.65890,-9.11,0.86100,35.42,390.79,
1044,462.49500,-11.99,462.50490,-46.09,462.51990,-11.99,0.27870,34.10,329.33,
1045,462.77640,-13.95,462.78360,-46.41,462.79620,-13.95,0.27990,32.46,254.48,
1046,463.05510,-16.46,463.06350,-46.25,463.07520,-16.46,1.05990,29.79,200.52,
1047,464.11500,-5.48,464.12340,-34.22,464.13840,-5.48,0.66600,28.74,264.89,
1048,464.78070,-18.65,464.78940,-44.84,464.80200,-18.65,0.84120,26.19,165.62,
1049,465.62610,-15.77,465.63060,-46.72,465.64560,-15.77,0.69510,30.95,248.48,
1050,466.31580,-10.06,466.32570,-44.84,466.34070,-10.06,0.33660,34.78,411.59,
1051,466.65390,-3.60,466.66230,-37.97,466.67160,-3.60,0.28170,34.37,224.40,
1052,466.93410,-14.98,466.94400,-51.56,466.95630,-14.98,0.24630,36.58,283.32,
1053,467.18310,-14.82,467.19030,-42.03,467.19990,-14.82,0.23010,27.21,117.64,
1054,467.41080,-10.03,467.42040,-49.69,467.43390,-10.03,0.08490,39.66,352.13,
1055,467.49660,-11.29,467.50530,-35.63,467.51250,-11.29,0.16290,24.33,139.03,
1056,467.66070,-10.47,467.66820,-38.59,467.68320,-10.47,0.09540,28.12,216.27,
1057,467.75640,-7.09,467.76360,-34.22,467.77860,-7.09,0.12930,27.12,292.69,
1058,467.88600,-15.27,467.89290,-43.28,467.90640,-15.27,0.06390,28.01,260.69,
1059,467.94990,-5.83,467.95680,-38.44,467.97180,-5.83,0.16350,32.61,333.60,
1060,468.11100,-11.57,468.12030,-39.06,468.13200,-11.57,0.28290,27.50,177.04,
1061,468.39450,-9.21,468.40320,-42.97,468.41820,-9.21,0.41730,33.76,380.41,
1062,468.81090,-9.53,468.82050,-35.78,468.83370,-9.53,0.42300,26.25,221.64,
1063,469.23360,-24.34,469.24350,-49.38,469.25010,-24.34,0.17340,25.03,193.47,
1064,469.41000,-12.75,469.41690,-36.88,469.43190,-12.75,0.10590,24.13,261.45,
1065,469.51680,-23.64,469.52280,-58.59,469.53360,-23.64,0.29820,34.96,246.78,
1066,469.81290,-22.55,469.82100,-46.56,469.83150,-22.55,0.19530,24.01,159.83,
1067,470.01030,-13.77,470.01630,-50.63,470.03010,-13.77,0.14700,36.86,277.37,
1068,470.15370,-13.98,470.16330,-43.28,470.17260,-13.98,0.17640,29.30,164.85,
1069,470.33010,-18.02,470.33970,-45.78,470.35200,-18.02,0.62160,27.76,194.65,
1070,470.95350,-16.62,470.96130,-51.88,470.97270,-16.62,0.23820,35.25,268.26,
1071,471.19080,-10.68,471.19950,-36.56,471.20970,-10.68,0.10260,25.89,170.26,
1072,471.29340,-2.24,471.30210,-72.81,471.31710,-2.24,0.03810,70.57,705.61,
1073,471.33090,-8.33,471.34020,-36.25,471.35190,-8.33,0.06150,27.92,173.54,
1074,471.39210,-2.90,471.40170,-40.16,471.41640,-2.90,0.96180,37.26,303.81,
1075,472.35750,-2.61,472.36350,-29.84,472.37850,-2.61,0.45660,27.23,195.38,
1076,472.81410,-1.15,472.82010,-30.31,472.83210,-1.15,0.05190,29.16,165.72,
1077,472.86720,-1.14,472.87200,-41.72,472.88700,-1.14,0.04950,40.58,367.45,
1078,472.91190,-0.24,472.92150,-30.47,472.93650,-0.24,0.47070,30.23,311.16,
1079,473.38290,-6.25,473.39220,-32.66,473.40630,-6.25,1.22220,26.41,212.96,
1080,474.60510,-1.00,474.61440,-27.19,474.62850,-1.00,1.08570,26.18,270.28,
1081,475.69020,1.57,475.70010,-25.78,475.71510,1.57,0.37860,27.35,280.89,
1082,476.06760,-0.38,476.07870,-26.72,476.08860,-0.38,1.51110,26.33,272.88,
1083,477.58350,-37.75,477.58980,-70.00,477.60210,-37.75,1.37640,32.25,214.70,
1084,478.95750,-28.88,478.96620,-52.97,478.97790,-28.88,0.11100,24.08,126.60,
1085,479.06790,-13.12,479.07720,-48.44,479.09100,-13.12,0.74280,35.32,326.86,
1086,479.81040,-0.62,479.82000,-33.13,479.83500,-0.62,0.23850,32.51,298.92,
1087,480.04890,-9.96,480.05850,-36.25,480.06810,-9.96,0.38070,26.29,161.37,
1088,480.42960,-1.00,480.43920,-44.69,480.45420,-1.00,3.15870,43.69,512.63,
1089,483.58830,1.94,483.59790,-27.19,483.61290,1.94,0.22710,29.13,256.01,
1090,483.82140,-1.28,483.82500,-30.00,483.84000,-1.28,1.04400,28.72,232.04,
1091,484.86420,-2.17,484.86900,-27.03,484.88280,-2.17,0.12090,24.86,247.81,
1092,484.98270,1.93,484.98990,-29.37,485.00490,1.93,0.67020,31.31,347.58,
1093,485.65050,-2.47,485.66010,-28.13,485.67060,-2.47,0.22110,25.65,177.46,
1094,485.87130,-6.06,485.88120,-32.81,485.89620,-6.06,0.93930,26.75,322.91,
1095,486.81150,-10.93,486.82050,-36.72,486.83550,-10.93,2.05890,25.79,360.90,
1096,488.86860,-13.54,488.87940,-49.06,488.89440,-13.54,0.27540,35.52,494.75,
1097,489.14640,-8.79,489.15480,-33.91,489.16620,-8.79,0.18180,25.11,197.61,
1098,489.32730,-17.41,489.33660,-41.72,489.34740,-17.41,0.53820,24.30,146.96,
1099,489.87120,-8.95,489.87480,-37.66,489.88980,-8.95,1.62000,28.71,312.05,
1100,491.48610,-1.24,491.49480,-28.44,491.50680,-1.24,0.36450,27.19,284.25,
1101,491.84940,-4.09,491.85930,-30.62,491.87430,-4.09,0.21900,26.53,379.73,
1102,492.06840,-4.24,492.07830,-36.88,492.09330,-4.24,1.43850,32.64,292.82,
1103,493.50840,-7.88,493.51680,-32.03,493.52550,-7.88,0.53700,24.15,148.55,
1104,494.04780,-15.21,494.05380,-48.28,494.06310,-15.21,0.11700,33.07,186.30,
1105,494.16150,-9.08,494.17080,-44.22,494.18460,-9.08,0.45960,35.14,294.13,
1106,494.62110,-1.77,494.63040,-37.19,494.64540,-1.77,0.24360,35.42,323.42,
1107,494.86680,-6.59,494.87400,-50.63,494.88900,-6.59,1.63830,44.03,370.19,
1108,496.50270,-3.50,496.51230,-50.16,496.52730,-3.50,0.58170,46.66,423.25,
1109,497.08560,-6.16,497.09400,-34.84,497.10900,-6.16,0.16140,28.68,180.19,
1110,497.24550,-5.38,497.25540,-48.44,497.26860,-5.38,0.19800,43.06,345.64,
1111,497.44620,-1.94,497.45340,-30.78,497.46840,-1.94,0.53100,28.84,222.54,
1112,497.97480,-10.07,497.98440,-42.34,497.99850,-10.07,0.10770,32.27,248.85,
1113,498.08280,-1.44,498.09210,-39.22,498.10320,-1.44,0.68250,37.78,230.56,
1114,498.76500,-1.89,498.77460,-30.78,498.78960,-1.89,0.44160,28.89,250.33,
1115,499.20630,-1.05,499.21620,-30.94,499.23120,-1.05,0.35580,29.89,299.86,
1116,499.56240,5.07,499.57200,-32.81,499.58700,5.07,0.20550,37.89,365.41,
1117,499.76760,-3.71,499.77750,-28.59,499.78830,-3.71,2.07390,24.88,186.23,
1118,501.84180,-7.24,501.85140,-32.03,501.86640,-7.24,1.83930,24.80,271.71,
1119,503.68350,-5.88,503.69070,-41.25,503.70570,-5.88,0.89850,35.37,399.02,
1120,504.58440,0.16,504.58920,-27.50,504.60030,0.16,0.64260,27.66,161.54,
1121,505.22190,-11.88,505.23180,-39.53,505.23960,-11.88,1.31790,27.65,194.57,
1122,506.54100,-6.00,506.54970,-35.78,506.56260,-6.00,0.25200,29.78,248.53,
1123,506.79180,-0.19,506.80170,-25.78,506.81670,-0.19,0.62850,25.60,311.55,
1124,507.42300,1.49,507.43020,-25.63,507.44520,1.49,0.29910,27.11,259.33,
1125,507.72060,-7.83,507.72930,-33.59,507.74040,-7.83,1.80000,25.76,160.92,
1126,509.52090,-9.80,509.52930,-45.63,509.54430,-9.80,0.65100,35.83,270.72,
1127,510.17130,-20.29,510.18030,-45.78,510.19350,-20.29,0.83070,25.49,262.74,
1128,511.00050,-13.46,511.01100,-41.72,511.02600,-13.46,0.93630,28.26,361.85,
1129,511.93770,-3.22,511.94730,-41.09,511.96230,-3.22,0.19560,37.88,387.07,
1130,512.13300,-15.80,512.14290,-46.41,512.15640,-15.80,0.14430,30.60,297.20,
1131,512.27760,-6.10,512.28720,-36.72,512.29680,-6.10,0.09780,30.61,207.26,
1132,512.37660,-7.78,512.38500,-88.59,512.40000,-7.78,0.30420,80.81,796.83,
1133,512.68050,-9.51,512.68920,-55.63,512.70420,-9.51,0.71700,46.11,393.97,
1134,513.39660,-7.14,513.40620,-31.25,513.41580,-7.14,0.12150,24.11,195.28,
1135,513.52050,-8.74,513.52770,-35.63,513.54270,-8.74,0.14160,26.88,252.28,
1136,513.65910,0.44,513.66930,-24.06,513.68430,0.44,0.63660,24.51,245.99,
1137,514.29630,-10.93,514.30590,-49.06,514.31850,-10.93,0.06060,38.13,325.52,
1138,514.35630,-10.79,514.36650,-34.84,514.38060,-10.79,0.38220,24.05,255.47,
1139,514.74120,-1.61,514.74870,-25.63,514.76370,-1.61,0.12090,24.02,224.08,
1140,514.85970,3.11,514.86960,-38.91,514.88460,3.11,0.35610,42.01,482.41,
1141,515.21520,-4.57,515.22570,-29.37,515.23470,-4.57,0.76050,24.81,197.13,
1142,515.97630,-4.36,515.98620,-45.00,516.00120,-4.36,0.05310,40.64,398.18,
1143,516.02970,-17.46,516.03930,-45.47,516.04920,-17.46,0.30450,28.01,214.77,
1144,516.33900,-6.19,516.34380,-32.81,516.35580,-6.19,0.12030,26.62,162.42,
1145,516.45420,-5.60,516.46410,-31.72,516.47910,-5.60,0.37920,26.11,303.09,
1146,516.83850,-9.87,516.84330,-33.91,516.85830,-9.87,0.13800,24.04,216.68,
1147,516.97200,-13.88,516.98130,-43.13,516.99090,-13.88,0.16680,29.25,230.71,
1148,517.13820,-9.34,517.14810,-41.72,517.16220,-9.34,0.06750,32.38,279.93,
1149,517.20630,-23.07,517.21560,-53.91,517.22910,-23.07,0.11490,30.84,261.04,
1150,517.32690,-20.42,517.33050,-45.16,517.34550,-20.42,0.30180,24.74,162.50,
1151,517.62750,-9.42,517.63230,-37.81,517.64730,-9.42,0.35040,28.39,334.72,
1152,517.97640,-8.73,517.98270,-37.03,517.99770,-8.73,0.25590,28.30,339.98,
1153,518.22930,-10.11,518.23860,-35.47,518.25360,-10.11,0.13350,25.36,305.95,
1154,518.36730,-7.96,518.37210,-32.66,518.38110,-7.96,0.05370,24.70,107.79,
1155,518.41620,-7.72,518.42580,-39.84,518.43450,-7.72,0.03840,32.12,231.32,
1156,518.45790,-11.58,518.46420,-46.09,518.47290,-11.58,0.71370,34.51,209.58,
1157,519.17070,-0.78,519.17790,-25.16,519.19290,-0.78,0.08610,24.37,293.54,
1158,519.25650,-0.99,519.26400,-30.94,519.27900,-0.99,0.36300,29.95,230.03,
1159,519.61710,-3.39,519.62700,-30.00,519.64140,-3.39,3.55530,26.61,230.47,
1160,523.17270,-10.02,523.18230,-36.56,523.19370,-10.02,0.60120,26.55,197.24,
1161,523.77390,-1.64,523.78350,-28.28,523.79190,-1.64,0.29820,26.64,195.45,
1162,524.07210,-1.89,524.08170,-30.62,524.09250,-1.89,1.58070,28.73,198.60,
1163,525.65280,-6.72,525.66240,-38.13,525.67440,-6.72,0.39870,31.41,230.42,
1164,526.05150,-8.55,526.06110,-33.44,526.07010,-8.55,0.18150,24.89,188.52,
1165,526.23300,-6.89,526.24260,-35.31,526.25760,-6.89,2.69880,28.43,312.75,
1166,528.93420,-8.65,528.94140,-37.97,528.95640,-8.65,0.98580,29.32,240.49,
1167,529.91700,-13.52,529.92720,-49.06,529.94220,-13.52,0.84030,35.54,518.19,
1168,530.76390,-11.23,530.76750,-44.53,530.78250,-11.23,0.33120,33.30,290.19,
1169,531.08910,-7.73,531.09870,-39.69,531.11370,-7.73,0.34170,31.96,321.30,
1170,531.43080,-6.73,531.44040,-32.03,531.45540,-6.73,2.02020,25.30,208.07,
1171,533.45040,0.60,533.46060,-34.53,533.47560,0.60,0.70140,35.13,370.46,
1172,534.15180,-3.96,534.16200,-28.28,534.17400,-3.96,0.97950,24.32,186.40,
1173,535.13160,1.73,535.14150,-26.41,535.15650,1.73,0.22020,28.13,288.03,
1174,535.35180,-8.68,535.36170,-35.31,535.37670,-8.68,0.47550,26.63,326.31,
1175,535.82670,-17.68,535.83720,-62.97,535.85220,-17.68,0.62850,45.29,601.81,
1176,536.45730,-28.79,536.46570,-58.13,536.48070,-28.79,0.11070,29.33,310.27,
1177,536.56620,-13.82,536.57640,-39.53,536.59140,-13.82,1.90170,25.71,352.24,
1178,538.46820,-8.42,538.47810,-35.00,538.48830,-8.42,0.15900,26.58,216.56,
1179,538.62870,-10.13,538.63710,-34.69,538.64730,-10.13,0.78030,24.56,165.92,
1180,539.40780,-19.88,539.41740,-59.84,539.43060,-19.88,0.20100,39.96,373.18,
1181,539.61210,-12.46,539.61840,-40.63,539.63340,-12.46,0.14220,28.16,220.41,
1182,539.75040,-22.06,539.76060,-46.41,539.77560,-22.06,0.35640,24.35,322.68,
1183,540.11220,-13.62,540.11700,-41.25,540.13020,-13.62,0.23820,27.63,188.33,
1184,540.34590,-7.68,540.35520,-36.09,540.37020,-7.68,2.46420,28.41,241.40,
1185,542.81460,-12.67,542.81940,-38.13,542.83230,-12.67,0.59580,25.46,152.96,
1186,543.40500,-11.77,543.41520,-40.16,543.42780,-11.77,0.20220,28.39,307.66,
1187,543.61020,-12.93,543.61740,-37.19,543.62730,-12.93,0.39930,24.26,155.53,
1188,544.00710,-13.99,544.01670,-38.75,544.03170,-13.99,0.47760,24.76,309.95,
1189,544.48470,-8.45,544.49430,-34.22,544.50930,-8.45,1.06380,25.77,239.18,
1190,545.54820,-10.94,545.55810,-39.22,545.57310,-10.94,1.19880,28.28,277.69,
1191,546.74850,-13.17,546.75690,-44.38,546.77190,-13.17,0.11910,31.21,295.82,
1192,546.86880,-12.16,546.87600,-57.03,546.89100,-12.16,0.07800,44.88,408.72,
1193,546.94920,-17.79,546.95400,-49.38,546.96870,-17.79,0.68730,31.59,253.17,
1194,547.63140,-14.53,547.64130,-45.00,547.65630,-14.53,0.83400,30.47,358.89,
1195,548.46690,-17.15,548.47530,-42.03,548.48550,-17.15,0.00000,24.89,183.78,

